Title,TF-IDF_SVM_Top5,TF-IDF_SVM_Rank1,BERT_SVM_Top5,BERT_SVM_Rank1,CNN_Top5,CNN_Rank1,Combined_Top5,Combined_Rank1,Final_Top5_SDGs,Final_Rank1_SDG,Final_Rank1_Name,Final_Rank1_Confidence
Analytical and bioanalytical HPLC method for simultaneous estimation of 5-fluorouracil and sonidegib,"SDG 6, SDG 12, SDG 9, SDG 1, SDG 4",SDG 6,"SDG 16, SDG 3, SDG 11, SDG 8, SDG 6",SDG 16,"SDG 9, SDG 6, SDG 7, SDG 11, SDG 12",SDG 9,"SDG 6, SDG 12, SDG 9, SDG 1, SDG 4",SDG 6,"SDG 6, SDG 12, SDG 9, SDG 1, SDG 4",SDG 6,Clean Water and Sanitation,0.328
‘Solving’ as a key course learning outcome (CLO) in postgraduate (PG) management education,"SDG 4, SDG 16, SDG 9, SDG 11, SDG 14",SDG 4,"SDG 4, SDG 16, SDG 7, SDG 14, SDG 5",SDG 4,"SDG 16, SDG 4, SDG 9, SDG 8, SDG 10",SDG 16,"SDG 4, SDG 16, SDG 9, SDG 11, SDG 1",SDG 4,"SDG 4, SDG 16, SDG 9, SDG 11, SDG 14",SDG 4,Quality Education,0.9148
Remote Sensing: A Satellite-Based Advanced Geospatial Technology Boon in Natural Resource Management,"SDG 9, SDG 14, SDG 12, SDG 13, SDG 15",SDG 9,"SDG 15, SDG 13, SDG 9, SDG 16, SDG 14",SDG 15,"SDG 13, SDG 7, SDG 11, SDG 15, SDG 9",SDG 13,"SDG 9, SDG 14, SDG 12, SDG 13, SDG 8",SDG 9,"SDG 9, SDG 14, SDG 12, SDG 13, SDG 15",SDG 9,"Industry, Innovation and Infrastructure",0.5546
Spatial circularity in sustainable urban development: a scoping review of the spatial dimension of circular economy,"SDG 11, SDG 12, SDG 6, SDG 8, SDG 7",SDG 11,"SDG 11, SDG 16, SDG 12, SDG 9, SDG 7",SDG 11,"SDG 11, SDG 6, SDG 15, SDG 7, SDG 13",SDG 11,"SDG 11, SDG 12, SDG 1, SDG 8, SDG 10",SDG 11,"SDG 11, SDG 12, SDG 6, SDG 8, SDG 7",SDG 11,Sustainable Cities and Communities,0.9382
Single-issue advocacy in global health: Possibilities and perils,"SDG 3, SDG 8, SDG 5, SDG 16, SDG 1",SDG 3,"SDG 3, SDG 16, SDG 5, SDG 8, SDG 2",SDG 3,"SDG 3, SDG 10, SDG 16, SDG 1, SDG 8",SDG 3,"SDG 3, SDG 5, SDG 8, SDG 16, SDG 1",SDG 3,"SDG 3, SDG 8, SDG 5, SDG 16, SDG 1",SDG 3,Good Health and Well-Being,0.9191
Modelling the impact of socio-economic dynamics on urbanization over hyderabad,"SDG 11, SDG 15, SDG 13, SDG 6, SDG 12",SDG 11,"SDG 11, SDG 15, SDG 1, SDG 12, SDG 6",SDG 11,"SDG 11, SDG 15, SDG 13, SDG 6, SDG 7",SDG 11,"SDG 11, SDG 15, SDG 13, SDG 6, SDG 1",SDG 11,"SDG 11, SDG 15, SDG 13, SDG 6, SDG 12",SDG 11,Sustainable Cities and Communities,0.6722
A compact ultra-wideband bandstop filter using mu-negative and ENZ metamaterial resonators for multiple advanced wireless communication systems,"SDG 9, SDG 4, SDG 7, SDG 1, SDG 8",SDG 9,"SDG 16, SDG 4, SDG 9, SDG 6, SDG 3",SDG 16,"SDG 16, SDG 9, SDG 10, SDG 1, SDG 8",SDG 16,"SDG 9, SDG 4, SDG 7, SDG 1, SDG 8",SDG 9,"SDG 9, SDG 4, SDG 7, SDG 1, SDG 8",SDG 9,"Industry, Innovation and Infrastructure",0.312
Nutritional disorders,"SDG 3, SDG 2, SDG 9, SDG 8, SDG 14",SDG 3,"SDG 2, SDG 3, SDG 10, SDG 16, SDG 7",SDG 2,"SDG 3, SDG 2, SDG 16, SDG 14, SDG 6",SDG 3,"SDG 3, SDG 2, SDG 1, SDG 8, SDG 10",SDG 3,"SDG 3, SDG 2, SDG 9, SDG 8, SDG 14",SDG 3,Good Health and Well-Being,0.5104
Navigating green computing challenges and strategies for sustainable solutions,"SDG 12, SDG 7, SDG 9, SDG 11, SDG 13",SDG 12,"SDG 9, SDG 7, SDG 12, SDG 16, SDG 13",SDG 9,"SDG 12, SDG 7, SDG 13, SDG 9, SDG 14",SDG 12,"SDG 12, SDG 7, SDG 9, SDG 11, SDG 13",SDG 12,"SDG 12, SDG 7, SDG 9, SDG 11, SDG 13",SDG 12,Responsible Consumption and Production,0.4628
"Does Corruption Hinderance Economic Growth Despite Surge of Remittance and Capital Inflows Since Economic Liberalization in an Emerging Economy, India","SDG 10, SDG 16, SDG 8, SDG 12, SDG 1",SDG 10,"SDG 16, SDG 8, SDG 10, SDG 9, SDG 1",SDG 16,"SDG 10, SDG 16, SDG 1, SDG 8, SDG 5",SDG 10,"SDG 10, SDG 16, SDG 8, SDG 1, SDG 12",SDG 10,"SDG 10, SDG 16, SDG 8, SDG 12, SDG 1",SDG 10,Reduced Inequalities,0.571
A review of the current situation of municipal solid waste management in India and its potential for anaerobic digestion,"SDG 12, SDG 7, SDG 2, SDG 8, SDG 14",SDG 12,"SDG 12, SDG 16, SDG 6, SDG 11, SDG 3",SDG 12,"SDG 12, SDG 7, SDG 6, SDG 14, SDG 15",SDG 12,"SDG 12, SDG 7, SDG 2, SDG 8, SDG 11",SDG 12,"SDG 12, SDG 7, SDG 2, SDG 8, SDG 14",SDG 12,Responsible Consumption and Production,0.8558
Public Health Genomics: the essential part for good governance in public health,"SDG 16, SDG 3, SDG 2, SDG 6, SDG 8",SDG 16,"SDG 16, SDG 3, SDG 2, SDG 9, SDG 8",SDG 16,"SDG 16, SDG 3, SDG 6, SDG 11, SDG 10",SDG 16,"SDG 16, SDG 3, SDG 1, SDG 11, SDG 17",SDG 16,"SDG 16, SDG 3, SDG 2, SDG 6, SDG 8",SDG 16,"Peace, Justice and Strong Institutions",0.528
Performance and emission test in a diesel engine using gingelly oil as lubricant,"SDG 7, SDG 6, SDG 13, SDG 9, SDG 15",SDG 7,"SDG 16, SDG 7, SDG 6, SDG 10, SDG 3",SDG 16,"SDG 7, SDG 13, SDG 12, SDG 9, SDG 15",SDG 7,"SDG 7, SDG 6, SDG 13, SDG 9, SDG 1",SDG 7,"SDG 7, SDG 6, SDG 13, SDG 9, SDG 15",SDG 7,Affordable and Clean Energy,0.6352
Concise review on bacterial degradation of petroleum hydrocarbons: Emphasis on Indian marine environment,"SDG 14, SDG 7, SDG 12, SDG 1, SDG 3",SDG 14,"SDG 14, SDG 16, SDG 12, SDG 15, SDG 13",SDG 14,"SDG 14, SDG 7, SDG 16, SDG 12, SDG 15",SDG 14,"SDG 14, SDG 7, SDG 12, SDG 1, SDG 13",SDG 14,"SDG 14, SDG 7, SDG 12, SDG 1, SDG 3",SDG 14,Life Below Water,0.7256
Intentional burns - A form of gender based violence in Nepal,"SDG 5, SDG 15, SDG 8, SDG 7, SDG 13",SDG 5,"SDG 16, SDG 5, SDG 7, SDG 1, SDG 13",SDG 16,"SDG 5, SDG 16, SDG 8, SDG 15, SDG 4",SDG 5,"SDG 5, SDG 8, SDG 10, SDG 1, SDG 16",SDG 5,"SDG 5, SDG 15, SDG 8, SDG 7, SDG 13",SDG 5,Gender Equality,0.9113
Circular Bioeconomy Approaches for Valorizing Waste Streams into Bio-jet Fuel,"SDG 13, SDG 12, SDG 9, SDG 7, SDG 15",SDG 13,"SDG 7, SDG 16, SDG 14, SDG 13, SDG 12",SDG 7,"SDG 13, SDG 7, SDG 12, SDG 15, SDG 14",SDG 13,"SDG 13, SDG 12, SDG 9, SDG 7, SDG 15",SDG 13,"SDG 13, SDG 12, SDG 9, SDG 7, SDG 15",SDG 13,Climate Action,0.3782
Forensic Pathology - Principles and Overview,"SDG 3, SDG 16, SDG 7, SDG 8, SDG 2",SDG 3,"SDG 16, SDG 3, SDG 12, SDG 8, SDG 9",SDG 16,"SDG 16, SDG 3, SDG 14, SDG 9, SDG 8",SDG 16,"SDG 3, SDG 16, SDG 7, SDG 8, SDG 1",SDG 3,"SDG 3, SDG 16, SDG 7, SDG 8, SDG 2",SDG 3,Good Health and Well-Being,0.6152
Compact Orthogonal UWB MIMO Antenna With Fractal-Slotted Design for Enhanced Isolation in 5G-NR and X-Band Applications,"SDG 9, SDG 1, SDG 11, SDG 10, SDG 5",SDG 9,"SDG 16, SDG 8, SDG 4, SDG 6, SDG 1",SDG 16,"SDG 9, SDG 16, SDG 2, SDG 10, SDG 8",SDG 9,"SDG 9, SDG 1, SDG 11, SDG 7, SDG 10",SDG 9,"SDG 9, SDG 1, SDG 11, SDG 10, SDG 5",SDG 9,"Industry, Innovation and Infrastructure",0.3911
Strategic pathways for sustainable plastic management through a circular economy approach in India,"SDG 12, SDG 15, SDG 6, SDG 2, SDG 7",SDG 12,"SDG 16, SDG 12, SDG 6, SDG 14, SDG 9",SDG 16,"SDG 15, SDG 12, SDG 13, SDG 2, SDG 6",SDG 15,"SDG 12, SDG 15, SDG 6, SDG 2, SDG 7",SDG 12,"SDG 12, SDG 15, SDG 6, SDG 2, SDG 7",SDG 12,Responsible Consumption and Production,0.742
Dowry Death: Implications of law,"SDG 5, SDG 16, SDG 7, SDG 9, SDG 8",SDG 5,"SDG 5, SDG 16, SDG 1, SDG 8, SDG 3",SDG 5,"SDG 5, SDG 16, SDG 3, SDG 2, SDG 10",SDG 5,"SDG 5, SDG 16, SDG 7, SDG 8, SDG 10",SDG 5,"SDG 5, SDG 16, SDG 7, SDG 9, SDG 8",SDG 5,Gender Equality,0.822
Climate Change and Public Health: Governance and Challenges,"SDG 13, SDG 16, SDG 6, SDG 12, SDG 7",SDG 13,"SDG 16, SDG 13, SDG 3, SDG 7, SDG 6",SDG 16,"SDG 13, SDG 6, SDG 7, SDG 12, SDG 14",SDG 13,"SDG 13, SDG 16, SDG 12, SDG 1, SDG 6",SDG 13,"SDG 13, SDG 16, SDG 6, SDG 12, SDG 7",SDG 13,Climate Action,0.6185
E-commerce framework for strategic marketing of Udupi jasmine,"SDG 2, SDG 9, SDG 13, SDG 1, SDG 12",SDG 2,"SDG 15, SDG 8, SDG 9, SDG 2, SDG 1",SDG 15,"SDG 2, SDG 13, SDG 1, SDG 9, SDG 16",SDG 2,"SDG 2, SDG 9, SDG 13, SDG 1, SDG 8",SDG 2,"SDG 2, SDG 9, SDG 13, SDG 1, SDG 12",SDG 2,Zero Hunger,0.5821
Exploring Energy Conservation in Office Buildings with Thermal Comfort Criterion Towards Sustainable New Developments in Warm and Humid Climate,"SDG 7, SDG 11, SDG 13, SDG 12, SDG 8",SDG 7,"SDG 7, SDG 11, SDG 8, SDG 12, SDG 9",SDG 7,"SDG 7, SDG 13, SDG 15, SDG 11, SDG 6",SDG 7,"SDG 7, SDG 11, SDG 13, SDG 12, SDG 8",SDG 7,"SDG 7, SDG 11, SDG 13, SDG 12, SDG 8",SDG 7,Affordable and Clean Energy,0.7968
The influence of sports influencer attributes and content quality on consumer purchase intentions,"SDG 16, SDG 9, SDG 7, SDG 11, SDG 8",SDG 16,"SDG 16, SDG 9, SDG 14, SDG 7, SDG 4",SDG 16,"SDG 16, SDG 6, SDG 15, SDG 2, SDG 13",SDG 16,"SDG 16, SDG 9, SDG 7, SDG 11, SDG 8",SDG 16,"SDG 16, SDG 9, SDG 7, SDG 11, SDG 8",SDG 16,"Peace, Justice and Strong Institutions",0.7944
Sustainable bio-valorisation of water hyacinth for enhancing rural livelihood and achieving sustainable development goals,"SDG 14, SDG 15, SDG 6, SDG 2, SDG 9",SDG 14,"SDG 6, SDG 15, SDG 16, SDG 14, SDG 9",SDG 6,"SDG 14, SDG 15, SDG 2, SDG 6, SDG 13",SDG 14,"SDG 14, SDG 15, SDG 6, SDG 2, SDG 9",SDG 14,"SDG 14, SDG 15, SDG 6, SDG 2, SDG 9",SDG 14,Life Below Water,0.527
Advancements and Challenges in the Production of Biosurfactants: A Path Toward Sustainable Surfactant Alternatives,"SDG 9, SDG 14, SDG 2, SDG 11, SDG 7",SDG 9,"SDG 9, SDG 14, SDG 11, SDG 15, SDG 3",SDG 9,"SDG 6, SDG 12, SDG 7, SDG 14, SDG 11",SDG 6,"SDG 9, SDG 14, SDG 2, SDG 11, SDG 7",SDG 9,"SDG 9, SDG 14, SDG 2, SDG 11, SDG 7",SDG 9,"Industry, Innovation and Infrastructure",0.6284
Decoding socio-economic disparities in Uttar Pradesh: a spatio-temporal analysis using Wroclaw Taxonomy and K-means unsupervised machine learning clustering,"SDG 1, SDG 9, SDG 4, SDG 8, SDG 16",SDG 1,"SDG 1, SDG 16, SDG 8, SDG 7, SDG 11",SDG 1,"SDG 5, SDG 16, SDG 8, SDG 9, SDG 3",SDG 5,"SDG 1, SDG 9, SDG 4, SDG 8, SDG 16",SDG 1,"SDG 1, SDG 9, SDG 4, SDG 8, SDG 16",SDG 1,No Poverty,0.2736
Suicide Pact Survivors: Some observations,"SDG 3, SDG 16, SDG 7, SDG 1, SDG 6",SDG 3,"SDG 16, SDG 3, SDG 1, SDG 8, SDG 5",SDG 16,"SDG 3, SDG 16, SDG 15, SDG 6, SDG 13",SDG 3,"SDG 3, SDG 16, SDG 7, SDG 1, SDG 8",SDG 3,"SDG 3, SDG 16, SDG 7, SDG 1, SDG 6",SDG 3,Good Health and Well-Being,0.3508
"Workplace violence and gender bias in unorganized fisheries of Udupi, India","SDG 5, SDG 14, SDG 8, SDG 10, SDG 6",SDG 5,"SDG 14, SDG 5, SDG 8, SDG 10, SDG 1",SDG 14,"SDG 5, SDG 16, SDG 14, SDG 8, SDG 10",SDG 5,"SDG 5, SDG 14, SDG 8, SDG 10, SDG 1",SDG 5,"SDG 5, SDG 14, SDG 8, SDG 10, SDG 6",SDG 5,Gender Equality,0.7027
Effectiveness of mobile health interventions on quality of life for oral cancer: a systematic review,"SDG 3, SDG 4, SDG 14, SDG 9, SDG 16",SDG 3,"SDG 3, SDG 16, SDG 10, SDG 9, SDG 6",SDG 3,"SDG 3, SDG 16, SDG 14, SDG 4, SDG 9",SDG 3,"SDG 3, SDG 4, SDG 16, SDG 9, SDG 12",SDG 3,"SDG 3, SDG 4, SDG 14, SDG 9, SDG 16",SDG 3,Good Health and Well-Being,0.9441
Flourishing the dimensions of children’s connectedness to nature and the school built environment: a mixed methods approach,"SDG 16, SDG 11, SDG 4, SDG 13, SDG 1",SDG 16,"SDG 4, SDG 11, SDG 16, SDG 7, SDG 1",SDG 4,"SDG 16, SDG 13, SDG 7, SDG 4, SDG 15",SDG 16,"SDG 16, SDG 11, SDG 4, SDG 13, SDG 1",SDG 16,"SDG 16, SDG 11, SDG 4, SDG 13, SDG 1",SDG 16,"Peace, Justice and Strong Institutions",0.7179
Impact of land use/land cover on groundwater resources in tropical unconfined aquifers of south-western India,"SDG 6, SDG 3, SDG 13, SDG 15, SDG 1",SDG 6,"SDG 6, SDG 1, SDG 13, SDG 15, SDG 11",SDG 6,"SDG 6, SDG 13, SDG 11, SDG 15, SDG 2",SDG 6,"SDG 6, SDG 1, SDG 13, SDG 11, SDG 12",SDG 6,"SDG 6, SDG 3, SDG 13, SDG 15, SDG 1",SDG 6,Clean Water and Sanitation,0.9702
Perceptions of medical students about their educational environment in community medicine in a medical college of coastal Karnataka,"SDG 4, SDG 3, SDG 14, SDG 1, SDG 10",SDG 4,"SDG 4, SDG 3, SDG 16, SDG 7, SDG 1",SDG 4,"SDG 4, SDG 16, SDG 3, SDG 10, SDG 8",SDG 4,"SDG 4, SDG 3, SDG 14, SDG 1, SDG 10",SDG 4,"SDG 4, SDG 3, SDG 14, SDG 1, SDG 10",SDG 4,Quality Education,0.6766
Influence of growth and urbanization on CO2emissions: The moderating effect of foreign direct investment on energy use in BRICS,"SDG 7, SDG 13, SDG 15, SDG 11, SDG 10",SDG 7,"SDG 7, SDG 11, SDG 13, SDG 16, SDG 12",SDG 7,"SDG 7, SDG 13, SDG 12, SDG 6, SDG 15",SDG 7,"SDG 7, SDG 13, SDG 1, SDG 10, SDG 11",SDG 7,"SDG 7, SDG 13, SDG 15, SDG 11, SDG 10",SDG 7,Affordable and Clean Energy,0.9371
Influence of chemical treatments on mechanical behavior of banana fibre reinforced carbon-kevlar intraply hybrid composites,"SDG 12, SDG 3, SDG 7, SDG 15, SDG 16",SDG 12,"SDG 16, SDG 2, SDG 9, SDG 13, SDG 10",SDG 16,"SDG 16, SDG 14, SDG 13, SDG 6, SDG 12",SDG 16,"SDG 12, SDG 3, SDG 7, SDG 15, SDG 16",SDG 12,"SDG 12, SDG 3, SDG 7, SDG 15, SDG 16",SDG 12,Responsible Consumption and Production,0.1795
Exploring environmental inequality definitions and themes through literature review,"SDG 16, SDG 11, SDG 10, SDG 15, SDG 9",SDG 16,"SDG 16, SDG 13, SDG 15, SDG 6, SDG 10",SDG 16,"SDG 16, SDG 13, SDG 11, SDG 6, SDG 15",SDG 16,"SDG 16, SDG 11, SDG 10, SDG 1, SDG 9",SDG 16,"SDG 16, SDG 11, SDG 10, SDG 15, SDG 9",SDG 16,"Peace, Justice and Strong Institutions",0.7559
ANGRY ADOLESCENT,"SDG 3, SDG 5, SDG 16, SDG 4, SDG 14",SDG 3,"SDG 3, SDG 16, SDG 4, SDG 7, SDG 8",SDG 3,"SDG 16, SDG 5, SDG 7, SDG 14, SDG 3",SDG 16,"SDG 3, SDG 5, SDG 16, SDG 4, SDG 7",SDG 3,"SDG 3, SDG 5, SDG 16, SDG 4, SDG 14",SDG 3,Good Health and Well-Being,0.8001
Daylight analysis of a typical low rise office building for different climate zones of India,"SDG 13, SDG 3, SDG 7, SDG 9, SDG 11",SDG 13,"SDG 7, SDG 11, SDG 1, SDG 3, SDG 15",SDG 7,"SDG 13, SDG 7, SDG 16, SDG 11, SDG 6",SDG 13,"SDG 13, SDG 3, SDG 7, SDG 9, SDG 11",SDG 13,"SDG 13, SDG 3, SDG 7, SDG 9, SDG 11",SDG 13,Climate Action,0.3533
Transformative innovation policy in energy transition and digitalization: a geopolitical and security perspective,"SDG 9, SDG 7, SDG 16, SDG 6, SDG 1",SDG 9,"SDG 7, SDG 16, SDG 9, SDG 10, SDG 13",SDG 7,"SDG 9, SDG 7, SDG 8, SDG 16, SDG 12",SDG 9,"SDG 9, SDG 7, SDG 16, SDG 1, SDG 17",SDG 9,"SDG 9, SDG 7, SDG 16, SDG 6, SDG 1",SDG 9,"Industry, Innovation and Infrastructure",0.534
Environmental Implications of Plant-Based Nanomaterials in Drug Formulation and Delivery,"SDG 7, SDG 9, SDG 13, SDG 3, SDG 2",SDG 7,"SDG 12, SDG 3, SDG 15, SDG 6, SDG 2",SDG 12,"SDG 7, SDG 13, SDG 12, SDG 9, SDG 11",SDG 7,"SDG 7, SDG 9, SDG 13, SDG 3, SDG 1",SDG 7,"SDG 7, SDG 9, SDG 13, SDG 3, SDG 2",SDG 7,Affordable and Clean Energy,0.9179
"Women empowerment for biodiversity conservation through self help groups: A case from Periyar Tiger Reserve, Kerala, India","SDG 15, SDG 5, SDG 10, SDG 1, SDG 6",SDG 15,"SDG 15, SDG 5, SDG 1, SDG 8, SDG 6",SDG 15,"SDG 15, SDG 5, SDG 13, SDG 16, SDG 6",SDG 15,"SDG 15, SDG 5, SDG 10, SDG 1, SDG 16",SDG 15,"SDG 15, SDG 5, SDG 10, SDG 1, SDG 6",SDG 15,Life on Land,0.6709
AI-Based Control of Setpoint Temperature for Electric Vehicle Cabin,"SDG 13, SDG 7, SDG 11, SDG 12, SDG 15",SDG 13,"SDG 7, SDG 16, SDG 13, SDG 11, SDG 8",SDG 7,"SDG 7, SDG 13, SDG 9, SDG 11, SDG 15",SDG 7,"SDG 13, SDG 7, SDG 11, SDG 12, SDG 9",SDG 13,"SDG 13, SDG 7, SDG 11, SDG 12, SDG 15",SDG 13,Climate Action,0.3556
"Cloud computing-based estimation of Peninsular India’s long-term climate change impacts on rainfall, surface temperature, and geospatial indices","SDG 13, SDG 9, SDG 14, SDG 2, SDG 6",SDG 13,"SDG 13, SDG 9, SDG 6, SDG 15, SDG 10",SDG 13,"SDG 13, SDG 15, SDG 7, SDG 14, SDG 6",SDG 13,"SDG 13, SDG 9, SDG 1, SDG 2, SDG 7",SDG 13,"SDG 13, SDG 9, SDG 14, SDG 2, SDG 6",SDG 13,Climate Action,0.936
Circular Economy and Construction Industry: A Case Study Approach for Adaptive Reuse in Construction and Demolition Waste,"SDG 12, SDG 11, SDG 14, SDG 7, SDG 15",SDG 12,"SDG 12, SDG 11, SDG 9, SDG 16, SDG 8",SDG 12,"SDG 12, SDG 7, SDG 6, SDG 14, SDG 11",SDG 12,"SDG 12, SDG 11, SDG 7, SDG 14, SDG 1",SDG 12,"SDG 12, SDG 11, SDG 14, SDG 7, SDG 15",SDG 12,Responsible Consumption and Production,0.8288
Advanced hybrid 3DCNN-SGAN framework for high-precision gas mixture analysis with sensor arrays,"SDG 9, SDG 1, SDG 7, SDG 2, SDG 16",SDG 9,"SDG 7, SDG 12, SDG 2, SDG 16, SDG 8",SDG 7,"SDG 9, SDG 7, SDG 16, SDG 13, SDG 1",SDG 9,"SDG 9, SDG 1, SDG 7, SDG 2, SDG 16",SDG 9,"SDG 9, SDG 1, SDG 7, SDG 2, SDG 16",SDG 9,"Industry, Innovation and Infrastructure",0.4825
Design of a fiberglass-coated thin-film solid-phase microextraction patch for eco-friendly and efficient detection of carbofuran pesticides in bananas,"SDG 12, SDG 2, SDG 9, SDG 11, SDG 3",SDG 12,"SDG 12, SDG 2, SDG 16, SDG 14, SDG 9",SDG 12,"SDG 2, SDG 6, SDG 3, SDG 15, SDG 11",SDG 2,"SDG 12, SDG 2, SDG 9, SDG 11, SDG 3",SDG 12,"SDG 12, SDG 2, SDG 9, SDG 11, SDG 3",SDG 12,Responsible Consumption and Production,0.3328
E-Waste: Promoting the Need for Green Electronics,"SDG 12, SDG 16, SDG 9, SDG 3, SDG 6",SDG 12,"SDG 12, SDG 7, SDG 9, SDG 6, SDG 16",SDG 12,"SDG 12, SDG 14, SDG 7, SDG 9, SDG 3",SDG 12,"SDG 12, SDG 16, SDG 9, SDG 1, SDG 7",SDG 12,"SDG 12, SDG 16, SDG 9, SDG 3, SDG 6",SDG 12,Responsible Consumption and Production,0.9138
Environmental impacts on second-generation biofuel production from lignocellulosic biomass,"SDG 12, SDG 7, SDG 6, SDG 11, SDG 15",SDG 12,"SDG 7, SDG 13, SDG 12, SDG 15, SDG 2",SDG 7,"SDG 7, SDG 12, SDG 13, SDG 6, SDG 2",SDG 7,"SDG 12, SDG 7, SDG 6, SDG 11, SDG 13",SDG 12,"SDG 12, SDG 7, SDG 6, SDG 11, SDG 15",SDG 12,Responsible Consumption and Production,0.4892
"A Comprehensive Review of Cellulose and Cellulose-Based Materials: Extraction, Modification, and Sustainable Applications","SDG 12, SDG 3, SDG 15, SDG 13, SDG 7",SDG 12,"SDG 16, SDG 10, SDG 9, SDG 13, SDG 12",SDG 16,"SDG 3, SDG 12, SDG 7, SDG 11, SDG 6",SDG 3,"SDG 12, SDG 3, SDG 7, SDG 13, SDG 11",SDG 12,"SDG 12, SDG 3, SDG 15, SDG 13, SDG 7",SDG 12,Responsible Consumption and Production,0.6727
Decarbonization: examining the role of environmental innovation versus renewable energy use,"SDG 7, SDG 13, SDG 12, SDG 9, SDG 15",SDG 7,"SDG 7, SDG 13, SDG 9, SDG 12, SDG 15",SDG 7,"SDG 7, SDG 13, SDG 9, SDG 12, SDG 14",SDG 7,"SDG 7, SDG 13, SDG 12, SDG 9, SDG 1",SDG 7,"SDG 7, SDG 13, SDG 12, SDG 9, SDG 15",SDG 7,Affordable and Clean Energy,0.4534
A highly decoupled and compact co-circularly polarized MIMO filtering antenna array system for vehicular communications,"SDG 9, SDG 8, SDG 4, SDG 2, SDG 7",SDG 9,"SDG 16, SDG 11, SDG 9, SDG 14, SDG 4",SDG 16,"SDG 9, SDG 5, SDG 8, SDG 16, SDG 2",SDG 9,"SDG 9, SDG 8, SDG 4, SDG 2, SDG 7",SDG 9,"SDG 9, SDG 8, SDG 4, SDG 2, SDG 7",SDG 9,"Industry, Innovation and Infrastructure",0.3488
A Review of Accessibility in Sustainable Bus Transport Infrastructure for Persons with Locomotor Disabilities,"SDG 11, SDG 9, SDG 8, SDG 4, SDG 14",SDG 11,"SDG 11, SDG 9, SDG 1, SDG 16, SDG 8",SDG 11,"SDG 11, SDG 9, SDG 13, SDG 3, SDG 8",SDG 11,"SDG 11, SDG 9, SDG 8, SDG 4, SDG 10",SDG 11,"SDG 11, SDG 9, SDG 8, SDG 4, SDG 14",SDG 11,Sustainable Cities and Communities,0.8998
Quantitative assessment of alkali and carbon nanotube reinforcement effects on the tensile reliability of sustainable sisal fiber bio-based epoxy composites,"SDG 14, SDG 7, SDG 4, SDG 12, SDG 1",SDG 14,"SDG 16, SDG 10, SDG 7, SDG 9, SDG 12",SDG 16,"SDG 14, SDG 6, SDG 16, SDG 12, SDG 2",SDG 14,"SDG 14, SDG 7, SDG 4, SDG 12, SDG 1",SDG 14,"SDG 14, SDG 7, SDG 4, SDG 12, SDG 1",SDG 14,Life Below Water,0.2492
Bio-Nanocomposite Jute Fibre Epoxy With Hybrid Seaweed and MWCNT Fillers: Development and Tribological Optimization,"SDG 14, SDG 12, SDG 4, SDG 11, SDG 7",SDG 14,"SDG 16, SDG 14, SDG 9, SDG 15, SDG 10",SDG 16,"SDG 12, SDG 11, SDG 7, SDG 15, SDG 14",SDG 12,"SDG 14, SDG 12, SDG 4, SDG 11, SDG 7",SDG 14,"SDG 14, SDG 12, SDG 4, SDG 11, SDG 7",SDG 14,Life Below Water,0.2128
"Urbanization study with land use/land cover change detection for the environmental impact on climate change using remote sensing and GIS technology (a case study of Udupi Taluk, Karnataka state, India)","SDG 15, SDG 13, SDG 11, SDG 12, SDG 9",SDG 15,"SDG 13, SDG 11, SDG 15, SDG 1, SDG 16",SDG 13,"SDG 7, SDG 13, SDG 11, SDG 12, SDG 9",SDG 7,"SDG 15, SDG 13, SDG 11, SDG 12, SDG 9",SDG 15,"SDG 15, SDG 13, SDG 11, SDG 12, SDG 9",SDG 15,Life on Land,0.4561
Energy management control strategies for energy storage systems of hybrid electric vehicle: A review,"SDG 7, SDG 16, SDG 14, SDG 11, SDG 13",SDG 7,"SDG 7, SDG 11, SDG 16, SDG 2, SDG 12",SDG 7,"SDG 7, SDG 13, SDG 9, SDG 12, SDG 6",SDG 7,"SDG 7, SDG 16, SDG 11, SDG 1, SDG 13",SDG 7,"SDG 7, SDG 16, SDG 14, SDG 11, SDG 13",SDG 7,Affordable and Clean Energy,0.9153
Crime against women in India: district-level risk estimation using the small area estimation approach,"SDG 5, SDG 6, SDG 13, SDG 3, SDG 16",SDG 5,"SDG 5, SDG 1, SDG 16, SDG 3, SDG 13",SDG 5,"SDG 5, SDG 16, SDG 3, SDG 10, SDG 8",SDG 5,"SDG 5, SDG 13, SDG 6, SDG 16, SDG 1",SDG 5,"SDG 5, SDG 6, SDG 13, SDG 3, SDG 16",SDG 5,Gender Equality,0.8577
Blockchain Framework for Agro Financing of Farmers in South India,"SDG 9, SDG 2, SDG 6, SDG 1, SDG 8",SDG 9,"SDG 2, SDG 9, SDG 1, SDG 15, SDG 8",SDG 2,"SDG 9, SDG 11, SDG 6, SDG 2, SDG 10",SDG 9,"SDG 9, SDG 2, SDG 1, SDG 8, SDG 6",SDG 9,"SDG 9, SDG 2, SDG 6, SDG 1, SDG 8",SDG 9,"Industry, Innovation and Infrastructure",0.586
Assessing livelihood vulnerability to sea level rise: a perspective to climate vulnerability and adaptation in the context of the Indian sundarbans delta,"SDG 13, SDG 1, SDG 14, SDG 10, SDG 6",SDG 13,"SDG 13, SDG 1, SDG 15, SDG 14, SDG 10",SDG 13,"SDG 13, SDG 14, SDG 2, SDG 7, SDG 15",SDG 13,"SDG 13, SDG 1, SDG 14, SDG 10, SDG 16",SDG 13,"SDG 13, SDG 1, SDG 14, SDG 10, SDG 6",SDG 13,Climate Action,0.8993
“It's all about being a woman”: Intersections of multiple (dis)advantages experienced by older women in Tanzania,"SDG 5, SDG 11, SDG 9, SDG 13, SDG 7",SDG 5,"SDG 5, SDG 1, SDG 13, SDG 9, SDG 6",SDG 5,"SDG 5, SDG 16, SDG 8, SDG 10, SDG 1",SDG 5,"SDG 5, SDG 11, SDG 9, SDG 1, SDG 16",SDG 5,"SDG 5, SDG 11, SDG 9, SDG 13, SDG 7",SDG 5,Gender Equality,0.9382
Terrorism: Suicide Bombing - Investigation,"SDG 3, SDG 16, SDG 9, SDG 11, SDG 13",SDG 3,"SDG 16, SDG 8, SDG 7, SDG 11, SDG 13",SDG 16,"SDG 16, SDG 3, SDG 5, SDG 10, SDG 1",SDG 16,"SDG 3, SDG 16, SDG 9, SDG 11, SDG 13",SDG 3,"SDG 3, SDG 16, SDG 9, SDG 11, SDG 13",SDG 3,Good Health and Well-Being,0.5697
Assessing Coastal Residents Health Literacy (HL) and eHealth Literacy (eHL): Implications for Health Governance,"SDG 3, SDG 16, SDG 14, SDG 5, SDG 4",SDG 3,"SDG 3, SDG 16, SDG 7, SDG 6, SDG 1",SDG 3,"SDG 3, SDG 5, SDG 16, SDG 8, SDG 10",SDG 3,"SDG 3, SDG 16, SDG 14, SDG 5, SDG 4",SDG 3,"SDG 3, SDG 16, SDG 14, SDG 5, SDG 4",SDG 3,Good Health and Well-Being,0.904
A systematic review of community-based health insurance programs in South Asia,"SDG 3, SDG 1, SDG 13, SDG 10, SDG 15",SDG 3,"SDG 3, SDG 16, SDG 10, SDG 13, SDG 1",SDG 3,"SDG 3, SDG 16, SDG 5, SDG 2, SDG 13",SDG 3,"SDG 3, SDG 1, SDG 13, SDG 10, SDG 8",SDG 3,"SDG 3, SDG 1, SDG 13, SDG 10, SDG 15",SDG 3,Good Health and Well-Being,0.7575
Domestic Violence – Are Women Safe Now? A Comparison between Nationwide Surveys of India,"SDG 5, SDG 6, SDG 3, SDG 13, SDG 15",SDG 5,"SDG 5, SDG 11, SDG 1, SDG 3, SDG 16",SDG 5,"SDG 5, SDG 16, SDG 8, SDG 1, SDG 3",SDG 5,"SDG 5, SDG 1, SDG 16, SDG 10, SDG 6",SDG 5,"SDG 5, SDG 6, SDG 3, SDG 13, SDG 15",SDG 5,Gender Equality,0.9616
Lithium extraction using ionic liquids: Insights from quantum chemical and molecular dynamics simulations,"SDG 7, SDG 12, SDG 8, SDG 11, SDG 6",SDG 7,"SDG 7, SDG 16, SDG 3, SDG 12, SDG 10",SDG 7,"SDG 7, SDG 12, SDG 13, SDG 16, SDG 11",SDG 7,"SDG 7, SDG 12, SDG 8, SDG 11, SDG 6",SDG 7,"SDG 7, SDG 12, SDG 8, SDG 11, SDG 6",SDG 7,Affordable and Clean Energy,0.8402
"Unpacking the role of transport inequalities among older adults for accessing healthcare in Bengaluru, India","SDG 11, SDG 3, SDG 10, SDG 8, SDG 5",SDG 11,"SDG 16, SDG 3, SDG 11, SDG 10, SDG 8",SDG 16,"SDG 16, SDG 10, SDG 11, SDG 5, SDG 3",SDG 16,"SDG 11, SDG 3, SDG 10, SDG 8, SDG 5",SDG 11,"SDG 11, SDG 3, SDG 10, SDG 8, SDG 5",SDG 11,Sustainable Cities and Communities,0.64
PQTBA: Priority Queue based Token Bucket Algorithm for congestion control in IoT network,"SDG 9, SDG 11, SDG 7, SDG 16, SDG 3",SDG 9,"SDG 9, SDG 7, SDG 11, SDG 16, SDG 6",SDG 9,"SDG 7, SDG 9, SDG 11, SDG 6, SDG 13",SDG 7,"SDG 9, SDG 11, SDG 7, SDG 1, SDG 16",SDG 9,"SDG 9, SDG 11, SDG 7, SDG 16, SDG 3",SDG 9,"Industry, Innovation and Infrastructure",0.6235
Commercial production of bioplastic from organic waste–derived biopolymers viz-a-viz waste treatment: A minireview,"SDG 12, SDG 6, SDG 2, SDG 15, SDG 14",SDG 12,"SDG 12, SDG 16, SDG 14, SDG 15, SDG 6",SDG 12,"SDG 12, SDG 13, SDG 6, SDG 14, SDG 2",SDG 12,"SDG 12, SDG 6, SDG 2, SDG 13, SDG 14",SDG 12,"SDG 12, SDG 6, SDG 2, SDG 15, SDG 14",SDG 12,Responsible Consumption and Production,0.8327
Sustainable Development and Geospatial Technology: Foundations and Innovations: Volume 1,"SDG 13, SDG 12, SDG 9, SDG 4, SDG 2",SDG 13,"SDG 16, SDG 11, SDG 12, SDG 13, SDG 9",SDG 16,"SDG 13, SDG 9, SDG 11, SDG 7, SDG 12",SDG 13,"SDG 13, SDG 12, SDG 9, SDG 11, SDG 4",SDG 13,"SDG 13, SDG 12, SDG 9, SDG 4, SDG 2",SDG 13,Climate Action,0.566
Effective degradation of dyes using silver nanoparticles synthesized from Thunbergia grandiflora leaf extract,"SDG 13, SDG 9, SDG 7, SDG 15, SDG 16",SDG 13,"SDG 15, SDG 16, SDG 12, SDG 6, SDG 11",SDG 15,"SDG 13, SDG 7, SDG 6, SDG 11, SDG 15",SDG 13,"SDG 13, SDG 9, SDG 7, SDG 16, SDG 15",SDG 13,"SDG 13, SDG 9, SDG 7, SDG 15, SDG 16",SDG 13,Climate Action,0.1614
Performance Enhancement of Solar still using Phase Change Material,"SDG 6, SDG 12, SDG 7, SDG 13, SDG 1",SDG 6,"SDG 7, SDG 6, SDG 16, SDG 1, SDG 12",SDG 7,"SDG 6, SDG 7, SDG 13, SDG 12, SDG 14",SDG 6,"SDG 6, SDG 12, SDG 7, SDG 13, SDG 1",SDG 6,"SDG 6, SDG 12, SDG 7, SDG 13, SDG 1",SDG 6,Clean Water and Sanitation,0.5998
Knowledge and practices of physicians regarding health status and health care services for older people in transitional Kosovo.,"SDG 3, SDG 1, SDG 5, SDG 8, SDG 15",SDG 3,"SDG 3, SDG 16, SDG 10, SDG 8, SDG 6",SDG 3,"SDG 3, SDG 1, SDG 5, SDG 9, SDG 11",SDG 3,"SDG 3, SDG 1, SDG 5, SDG 8, SDG 16",SDG 3,"SDG 3, SDG 1, SDG 5, SDG 8, SDG 15",SDG 3,Good Health and Well-Being,0.942
Looking through the lens of a sexual assault examiner: novel trends and approaches in forensic photography,"SDG 16, SDG 5, SDG 9, SDG 3, SDG 1",SDG 16,"SDG 16, SDG 5, SDG 3, SDG 7, SDG 15",SDG 16,"SDG 16, SDG 3, SDG 5, SDG 9, SDG 10",SDG 16,"SDG 16, SDG 5, SDG 9, SDG 1, SDG 10",SDG 16,"SDG 16, SDG 5, SDG 9, SDG 3, SDG 1",SDG 16,"Peace, Justice and Strong Institutions",0.8689
Sustainable mechanism to popularise round the clock indoor solar cooking – Part I: Global status,"SDG 7, SDG 13, SDG 12, SDG 1, SDG 5",SDG 7,"SDG 7, SDG 16, SDG 13, SDG 12, SDG 2",SDG 7,"SDG 7, SDG 13, SDG 15, SDG 6, SDG 11",SDG 7,"SDG 7, SDG 13, SDG 12, SDG 1, SDG 11",SDG 7,"SDG 7, SDG 13, SDG 12, SDG 1, SDG 5",SDG 7,Affordable and Clean Energy,0.9041
Statistical analysis of sea surface temperature for best fit,"SDG 13, SDG 14, SDG 7, SDG 9, SDG 10",SDG 13,"SDG 13, SDG 14, SDG 1, SDG 10, SDG 8",SDG 13,"SDG 14, SDG 13, SDG 7, SDG 15, SDG 12",SDG 14,"SDG 13, SDG 14, SDG 7, SDG 9, SDG 10",SDG 13,"SDG 13, SDG 14, SDG 7, SDG 9, SDG 10",SDG 13,Climate Action,0.7926
Eco-friendly solid polymer electrolytes doped with NaClO4for next-generation energy storage devices: structural and electrochemical insights,"SDG 7, SDG 12, SDG 9, SDG 11, SDG 4",SDG 7,"SDG 16, SDG 7, SDG 11, SDG 12, SDG 4",SDG 16,"SDG 12, SDG 7, SDG 11, SDG 13, SDG 14",SDG 12,"SDG 7, SDG 12, SDG 9, SDG 11, SDG 13",SDG 7,"SDG 7, SDG 12, SDG 9, SDG 11, SDG 4",SDG 7,Affordable and Clean Energy,0.7104
"How to Fish: Combining Indigenous, Traditional and Scientific Fishery Advisories to Preserve Marine Provisioning Ecosystem Services of Odisha, India","SDG 14, SDG 8, SDG 15, SDG 10, SDG 1",SDG 14,"SDG 14, SDG 15, SDG 9, SDG 2, SDG 4",SDG 14,"SDG 14, SDG 16, SDG 15, SDG 13, SDG 2",SDG 14,"SDG 14, SDG 1, SDG 8, SDG 10, SDG 17",SDG 14,"SDG 14, SDG 8, SDG 15, SDG 10, SDG 1",SDG 14,Life Below Water,0.9707
Bite mark analysis in child abuse.,"SDG 16, SDG 10, SDG 3, SDG 1, SDG 4",SDG 16,"SDG 16, SDG 1, SDG 3, SDG 5, SDG 15",SDG 16,"SDG 16, SDG 10, SDG 5, SDG 1, SDG 8",SDG 16,"SDG 16, SDG 10, SDG 3, SDG 1, SDG 4",SDG 16,"SDG 16, SDG 10, SDG 3, SDG 1, SDG 4",SDG 16,"Peace, Justice and Strong Institutions",0.7256
Measuring Sustainable Development of Cities Using Remote Sensing and Geospatial Technologies: A Review,"SDG 13, SDG 11, SDG 14, SDG 9, SDG 15",SDG 13,"SDG 11, SDG 13, SDG 15, SDG 9, SDG 1",SDG 11,"SDG 13, SDG 11, SDG 9, SDG 2, SDG 15",SDG 13,"SDG 13, SDG 11, SDG 14, SDG 9, SDG 1",SDG 13,"SDG 13, SDG 11, SDG 14, SDG 9, SDG 15",SDG 13,Climate Action,0.5392
Holistic survey on energy aware routing techniques for IoT applications,"SDG 9, SDG 7, SDG 11, SDG 3, SDG 16",SDG 9,"SDG 9, SDG 7, SDG 8, SDG 11, SDG 2",SDG 9,"SDG 9, SDG 16, SDG 7, SDG 11, SDG 3",SDG 9,"SDG 9, SDG 7, SDG 11, SDG 3, SDG 16",SDG 9,"SDG 9, SDG 7, SDG 11, SDG 3, SDG 16",SDG 9,"Industry, Innovation and Infrastructure",0.6344
Modelling the Influence of Marine Fishery Advisories on the Reduction of Carbon Dioxide Emissions for Odisha Under Varying Climate Change Scenarios Using CMIP Models: An Evidence-Based Approach for Policymaking,"SDG 14, SDG 15, SDG 13, SDG 9, SDG 1",SDG 14,"SDG 14, SDG 13, SDG 6, SDG 7, SDG 15",SDG 14,"SDG 14, SDG 15, SDG 13, SDG 2, SDG 7",SDG 14,"SDG 14, SDG 13, SDG 15, SDG 1, SDG 12",SDG 14,"SDG 14, SDG 15, SDG 13, SDG 9, SDG 1",SDG 14,Life Below Water,0.9525
Toward a Low-carbon Economy: Exploring the Asymmetric Linkages Between Green Bonds and Non-renewable Energy Resources,"SDG 7, SDG 13, SDG 15, SDG 12, SDG 6",SDG 7,"SDG 7, SDG 13, SDG 12, SDG 15, SDG 1",SDG 7,"SDG 13, SDG 7, SDG 12, SDG 14, SDG 15",SDG 13,"SDG 7, SDG 13, SDG 15, SDG 12, SDG 1",SDG 7,"SDG 7, SDG 13, SDG 15, SDG 12, SDG 6",SDG 7,Affordable and Clean Energy,0.7875
Paper-based microextraction tool for the in vitro and eco-friendly detection and degradation of malathion pesticide from soybean seeds,"SDG 2, SDG 12, SDG 15, SDG 3, SDG 13",SDG 2,"SDG 2, SDG 12, SDG 16, SDG 3, SDG 6",SDG 2,"SDG 2, SDG 6, SDG 14, SDG 16, SDG 13",SDG 2,"SDG 2, SDG 12, SDG 15, SDG 3, SDG 13",SDG 2,"SDG 2, SDG 12, SDG 15, SDG 3, SDG 13",SDG 2,Zero Hunger,0.4816
Adaptive MPPT control for reliable transitions between grid connected and islanded operations in PV battery microgrids,"SDG 7, SDG 9, SDG 13, SDG 16, SDG 11",SDG 7,"SDG 7, SDG 16, SDG 8, SDG 1, SDG 5",SDG 7,"SDG 7, SDG 13, SDG 6, SDG 15, SDG 12",SDG 7,"SDG 7, SDG 13, SDG 9, SDG 16, SDG 11",SDG 7,"SDG 7, SDG 9, SDG 13, SDG 16, SDG 11",SDG 7,Affordable and Clean Energy,0.9315
Development of a carbon fiber-based microextraction sample preparation patch for the detection of 21 organochlorine pesticides from water,"SDG 6, SDG 12, SDG 13, SDG 15, SDG 3",SDG 6,"SDG 12, SDG 6, SDG 16, SDG 1, SDG 15",SDG 12,"SDG 6, SDG 13, SDG 7, SDG 2, SDG 15",SDG 6,"SDG 6, SDG 12, SDG 13, SDG 15, SDG 1",SDG 6,"SDG 6, SDG 12, SDG 13, SDG 15, SDG 3",SDG 6,Clean Water and Sanitation,0.8997
Improving the sustainability of biobased products using nanotechnology,"SDG 9, SDG 12, SDG 15, SDG 14, SDG 6",SDG 9,"SDG 12, SDG 9, SDG 3, SDG 16, SDG 6",SDG 12,"SDG 7, SDG 9, SDG 12, SDG 13, SDG 14",SDG 7,"SDG 9, SDG 12, SDG 15, SDG 14, SDG 6",SDG 9,"SDG 9, SDG 12, SDG 15, SDG 14, SDG 6",SDG 9,"Industry, Innovation and Infrastructure",0.3506
Balancing growth and green the impact of economic growth financial development technological innovation and economic complexity on carbon neutrality in P5 Plus 1 nations,"SDG 9, SDG 7, SDG 8, SDG 14, SDG 13",SDG 9,"SDG 7, SDG 9, SDG 16, SDG 13, SDG 12",SDG 7,"SDG 13, SDG 7, SDG 14, SDG 12, SDG 15",SDG 13,"SDG 9, SDG 7, SDG 8, SDG 13, SDG 14",SDG 9,"SDG 9, SDG 7, SDG 8, SDG 14, SDG 13",SDG 9,"Industry, Innovation and Infrastructure",0.4553
A review of the artificial neural network based modelling and simulation approaches applied to optimize reverse osmosis desalination techniques,"SDG 6, SDG 9, SDG 13, SDG 8, SDG 1",SDG 6,"SDG 6, SDG 16, SDG 12, SDG 14, SDG 13",SDG 6,"SDG 6, SDG 13, SDG 14, SDG 15, SDG 2",SDG 6,"SDG 6, SDG 9, SDG 13, SDG 8, SDG 1",SDG 6,"SDG 6, SDG 9, SDG 13, SDG 8, SDG 1",SDG 6,Clean Water and Sanitation,0.9339
Enhancing urban sustainability: a study on lightweight and pervious concrete incorporating recycled plastic,"SDG 12, SDG 6, SDG 14, SDG 11, SDG 9",SDG 12,"SDG 16, SDG 11, SDG 12, SDG 6, SDG 1",SDG 16,"SDG 6, SDG 12, SDG 15, SDG 14, SDG 13",SDG 6,"SDG 12, SDG 6, SDG 14, SDG 11, SDG 9",SDG 12,"SDG 12, SDG 6, SDG 14, SDG 11, SDG 9",SDG 12,Responsible Consumption and Production,0.5813
A socio-technical lens on security in sustainability transitions: Future expectations for positive and negative security,"SDG 7, SDG 16, SDG 13, SDG 12, SDG 4",SDG 7,"SDG 7, SDG 16, SDG 13, SDG 15, SDG 9",SDG 7,"SDG 7, SDG 13, SDG 15, SDG 6, SDG 14",SDG 7,"SDG 7, SDG 16, SDG 13, SDG 12, SDG 1",SDG 7,"SDG 7, SDG 16, SDG 13, SDG 12, SDG 4",SDG 7,Affordable and Clean Energy,0.7926
Biomass as eco-friendly adsorbents for the removal of emerging pollutants from wastewater: A review,"SDG 12, SDG 6, SDG 16, SDG 13, SDG 14",SDG 12,"SDG 6, SDG 12, SDG 16, SDG 13, SDG 11",SDG 6,"SDG 6, SDG 12, SDG 7, SDG 13, SDG 11",SDG 6,"SDG 12, SDG 6, SDG 16, SDG 1, SDG 13",SDG 12,"SDG 12, SDG 6, SDG 16, SDG 13, SDG 14",SDG 12,Responsible Consumption and Production,0.5904
Modified chitosan as a multi-functional material in eco-friendly formulation for anti-counterfeit applications,"SDG 12, SDG 14, SDG 15, SDG 11, SDG 1",SDG 12,"SDG 16, SDG 11, SDG 3, SDG 12, SDG 14",SDG 16,"SDG 12, SDG 7, SDG 14, SDG 6, SDG 15",SDG 12,"SDG 12, SDG 14, SDG 11, SDG 15, SDG 1",SDG 12,"SDG 12, SDG 14, SDG 15, SDG 11, SDG 1",SDG 12,Responsible Consumption and Production,0.8554
The role of legal medicine professionals in preventing pregnancy and sexually transmitted infections among female victims of sexual assault,"SDG 5, SDG 3, SDG 16, SDG 6, SDG 9",SDG 5,"SDG 5, SDG 16, SDG 3, SDG 9, SDG 1",SDG 5,"SDG 16, SDG 5, SDG 3, SDG 10, SDG 1",SDG 16,"SDG 5, SDG 3, SDG 16, SDG 1, SDG 10",SDG 5,"SDG 5, SDG 3, SDG 16, SDG 6, SDG 9",SDG 5,Gender Equality,0.83
Determinants of witnessed parental physical violence among university students in transitional Albania,"SDG 4, SDG 5, SDG 2, SDG 12, SDG 15",SDG 4,"SDG 5, SDG 16, SDG 3, SDG 1, SDG 4",SDG 5,"SDG 16, SDG 5, SDG 4, SDG 8, SDG 10",SDG 16,"SDG 4, SDG 5, SDG 16, SDG 2, SDG 12",SDG 4,"SDG 4, SDG 5, SDG 2, SDG 12, SDG 15",SDG 4,Quality Education,0.5154
Post-pandemic recovery through landscape restoration,"SDG 15, SDG 13, SDG 1, SDG 8, SDG 5",SDG 15,"SDG 15, SDG 13, SDG 1, SDG 16, SDG 2",SDG 15,"SDG 15, SDG 13, SDG 14, SDG 11, SDG 6",SDG 15,"SDG 15, SDG 13, SDG 1, SDG 8, SDG 11",SDG 15,"SDG 15, SDG 13, SDG 1, SDG 8, SDG 5",SDG 15,Life on Land,0.825
Climate Change and Renewable Energy,"SDG 7, SDG 13, SDG 15, SDG 6, SDG 12",SDG 7,"SDG 15, SDG 14, SDG 13, SDG 6, SDG 7",SDG 15,"SDG 7, SDG 13, SDG 12, SDG 15, SDG 9",SDG 7,"SDG 7, SDG 13, SDG 1, SDG 12, SDG 17",SDG 7,"SDG 7, SDG 13, SDG 15, SDG 6, SDG 12",SDG 7,Affordable and Clean Energy,0.8611
Hybrid Control Algorithm for BLDC Drive Involving Battery and Supercapacitor in E-bikes,"SDG 11, SDG 7, SDG 9, SDG 13, SDG 4",SDG 11,"SDG 7, SDG 11, SDG 13, SDG 15, SDG 16",SDG 7,"SDG 7, SDG 13, SDG 11, SDG 9, SDG 6",SDG 7,"SDG 11, SDG 7, SDG 9, SDG 13, SDG 1",SDG 11,"SDG 11, SDG 7, SDG 9, SDG 13, SDG 4",SDG 11,Sustainable Cities and Communities,0.5047
"Assessing ecological risks of urban air and water environment to analyse the scenarios for mainstreaming nature-based solutions: A case study of Bengaluru City, India","SDG 11, SDG 6, SDG 15, SDG 14, SDG 13",SDG 11,"SDG 11, SDG 6, SDG 16, SDG 15, SDG 7",SDG 11,"SDG 11, SDG 13, SDG 6, SDG 15, SDG 7",SDG 11,"SDG 11, SDG 6, SDG 15, SDG 13, SDG 1",SDG 11,"SDG 11, SDG 6, SDG 15, SDG 14, SDG 13",SDG 11,Sustainable Cities and Communities,0.8381
Regimes of hydrochar yield from hydrothermal degradation of various lignocellulosic biomass: A review,"SDG 12, SDG 2, SDG 14, SDG 15, SDG 13",SDG 12,"SDG 16, SDG 7, SDG 13, SDG 2, SDG 9",SDG 16,"SDG 12, SDG 2, SDG 7, SDG 15, SDG 13",SDG 12,"SDG 12, SDG 2, SDG 14, SDG 13, SDG 7",SDG 12,"SDG 12, SDG 2, SDG 14, SDG 15, SDG 13",SDG 12,Responsible Consumption and Production,0.7504
Impact of Transit-Oriented Development (TOD) on Public Open Spaces,"SDG 11, SDG 9, SDG 6, SDG 15, SDG 1",SDG 11,"SDG 11, SDG 9, SDG 8, SDG 10, SDG 1",SDG 11,"SDG 11, SDG 6, SDG 15, SDG 3, SDG 9",SDG 11,"SDG 11, SDG 9, SDG 1, SDG 8, SDG 10",SDG 11,"SDG 11, SDG 9, SDG 6, SDG 15, SDG 1",SDG 11,Sustainable Cities and Communities,0.9571
Determining the feasibility of using PET bottles as construction material in urban context,"SDG 12, SDG 11, SDG 1, SDG 6, SDG 10",SDG 12,"SDG 12, SDG 11, SDG 3, SDG 6, SDG 1",SDG 12,"SDG 12, SDG 7, SDG 11, SDG 15, SDG 6",SDG 12,"SDG 12, SDG 11, SDG 1, SDG 6, SDG 10",SDG 12,"SDG 12, SDG 11, SDG 1, SDG 6, SDG 10",SDG 12,Responsible Consumption and Production,0.8383
"Peeling to power: integrating laser-induced carbon nanospheres from onion peel/electrochemical pani, sodium alginate gel for sustainable supercapacitor application","SDG 12, SDG 7, SDG 14, SDG 13, SDG 1",SDG 12,"SDG 16, SDG 7, SDG 12, SDG 10, SDG 13",SDG 16,"SDG 7, SDG 12, SDG 13, SDG 2, SDG 14",SDG 7,"SDG 12, SDG 7, SDG 14, SDG 13, SDG 11",SDG 12,"SDG 12, SDG 7, SDG 14, SDG 13, SDG 1",SDG 12,Responsible Consumption and Production,0.6258
A Review on Processing Methods and Characterization Techniques of Green Composites,"SDG 12, SDG 7, SDG 1, SDG 15, SDG 9",SDG 12,"SDG 16, SDG 9, SDG 10, SDG 13, SDG 7",SDG 16,"SDG 12, SDG 7, SDG 13, SDG 15, SDG 11",SDG 12,"SDG 12, SDG 7, SDG 1, SDG 15, SDG 9",SDG 12,"SDG 12, SDG 7, SDG 1, SDG 15, SDG 9",SDG 12,Responsible Consumption and Production,0.5855
Machine learning framework for predicting and improving the unconfined compressive strength and california bearing ratio of lateritic soil stabilized with industrial wastes,"SDG 12, SDG 9, SDG 15, SDG 4, SDG 1",SDG 12,"SDG 16, SDG 8, SDG 12, SDG 9, SDG 15",SDG 16,"SDG 12, SDG 7, SDG 4, SDG 15, SDG 9",SDG 12,"SDG 12, SDG 9, SDG 15, SDG 1, SDG 4",SDG 12,"SDG 12, SDG 9, SDG 15, SDG 4, SDG 1",SDG 12,Responsible Consumption and Production,0.7748
Hydroponic design horizons: transforming urban landscapes for sustainable agriculture in the Indian context,"SDG 2, SDG 11, SDG 12, SDG 16, SDG 9",SDG 2,"SDG 2, SDG 6, SDG 11, SDG 7, SDG 16",SDG 2,"SDG 2, SDG 11, SDG 13, SDG 6, SDG 15",SDG 2,"SDG 2, SDG 11, SDG 12, SDG 16, SDG 9",SDG 2,"SDG 2, SDG 11, SDG 12, SDG 16, SDG 9",SDG 2,Zero Hunger,0.5564
Analysis of urban mobility and quality of life: North–South transit-oriented development (TOD) in Bengaluru,"SDG 11, SDG 9, SDG 15, SDG 8, SDG 7",SDG 11,"SDG 11, SDG 8, SDG 1, SDG 10, SDG 6",SDG 11,"SDG 11, SDG 9, SDG 6, SDG 13, SDG 7",SDG 11,"SDG 11, SDG 9, SDG 8, SDG 7, SDG 1",SDG 11,"SDG 11, SDG 9, SDG 15, SDG 8, SDG 7",SDG 11,Sustainable Cities and Communities,0.9238
Role of oral and maxillofacial surgeon in detecting domestic violence,"SDG 5, SDG 3, SDG 6, SDG 8, SDG 7",SDG 5,"SDG 5, SDG 16, SDG 3, SDG 15, SDG 8",SDG 5,"SDG 5, SDG 16, SDG 8, SDG 4, SDG 3",SDG 5,"SDG 5, SDG 3, SDG 8, SDG 6, SDG 1",SDG 5,"SDG 5, SDG 3, SDG 6, SDG 8, SDG 7",SDG 5,Gender Equality,0.9018
Study of cell mediated immunity in malnourished children using DNCB skin sensitization test,"SDG 3, SDG 2, SDG 1, SDG 4, SDG 8",SDG 3,"SDG 16, SDG 1, SDG 4, SDG 3, SDG 2",SDG 16,"SDG 2, SDG 5, SDG 16, SDG 3, SDG 1",SDG 2,"SDG 3, SDG 2, SDG 1, SDG 4, SDG 8",SDG 3,"SDG 3, SDG 2, SDG 1, SDG 4, SDG 8",SDG 3,Good Health and Well-Being,0.214
Deaths due to electrocution,"SDG 7, SDG 6, SDG 3, SDG 8, SDG 2",SDG 7,"SDG 7, SDG 3, SDG 16, SDG 8, SDG 15",SDG 7,"SDG 11, SDG 7, SDG 9, SDG 16, SDG 13",SDG 11,"SDG 7, SDG 6, SDG 3, SDG 8, SDG 5",SDG 7,"SDG 7, SDG 6, SDG 3, SDG 8, SDG 2",SDG 7,Affordable and Clean Energy,0.344
Open Innovation Approach for Small and Medium Enterprises: An Evidence from Indian Software Product Firms,"SDG 9, SDG 16, SDG 8, SDG 12, SDG 5",SDG 9,"SDG 9, SDG 8, SDG 16, SDG 13, SDG 3",SDG 9,"SDG 9, SDG 7, SDG 8, SDG 5, SDG 10",SDG 9,"SDG 9, SDG 16, SDG 8, SDG 12, SDG 17",SDG 9,"SDG 9, SDG 16, SDG 8, SDG 12, SDG 5",SDG 9,"Industry, Innovation and Infrastructure",0.939
"Knowledge, attitude and practices towards household solid waste management among semi-urban residents-a community based cross sectional study from southern part of coastal karnataka, india","SDG 11, SDG 12, SDG 14, SDG 15, SDG 9",SDG 11,"SDG 12, SDG 3, SDG 16, SDG 6, SDG 2",SDG 12,"SDG 12, SDG 11, SDG 13, SDG 15, SDG 9",SDG 12,"SDG 11, SDG 12, SDG 9, SDG 10, SDG 14",SDG 11,"SDG 11, SDG 12, SDG 14, SDG 15, SDG 9",SDG 11,Sustainable Cities and Communities,0.4904
Estimation of Fetal Age by Histological Study of Kidney,"SDG 8, SDG 1, SDG 3, SDG 15, SDG 11",SDG 8,"SDG 3, SDG 16, SDG 6, SDG 1, SDG 15",SDG 3,"SDG 3, SDG 7, SDG 16, SDG 5, SDG 15",SDG 3,"SDG 8, SDG 1, SDG 3, SDG 15, SDG 11",SDG 8,"SDG 8, SDG 1, SDG 3, SDG 15, SDG 11",SDG 8,Decent Work and Economic Growth,0.235
"Foot pressure distribution variation in pre-obese, obese and non-obese individuals – Forensic implications","SDG 3, SDG 10, SDG 1, SDG 16, SDG 4",SDG 3,"SDG 16, SDG 3, SDG 2, SDG 15, SDG 1",SDG 16,"SDG 16, SDG 3, SDG 9, SDG 10, SDG 14",SDG 16,"SDG 3, SDG 10, SDG 1, SDG 16, SDG 4",SDG 3,"SDG 3, SDG 10, SDG 1, SDG 16, SDG 4",SDG 3,Good Health and Well-Being,0.4309
Female Community Health Workers and Health System Navigation in a Conflict Zone: The Case of Afghanistan,"SDG 5, SDG 3, SDG 9, SDG 10, SDG 8",SDG 5,"SDG 5, SDG 3, SDG 7, SDG 10, SDG 9",SDG 5,"SDG 5, SDG 10, SDG 3, SDG 16, SDG 1",SDG 5,"SDG 5, SDG 3, SDG 9, SDG 10, SDG 16",SDG 5,"SDG 5, SDG 3, SDG 9, SDG 10, SDG 8",SDG 5,Gender Equality,0.6701
"Spatio-temporal changes of green spaces and their impact on urban environment of Mumbai, India","SDG 11, SDG 13, SDG 15, SDG 1, SDG 7",SDG 11,"SDG 11, SDG 13, SDG 7, SDG 16, SDG 10",SDG 11,"SDG 11, SDG 13, SDG 15, SDG 7, SDG 6",SDG 11,"SDG 11, SDG 13, SDG 15, SDG 1, SDG 7",SDG 11,"SDG 11, SDG 13, SDG 15, SDG 1, SDG 7",SDG 11,Sustainable Cities and Communities,0.5696
"Determinants of domestic violence among women attending an human immunodeficiency virus voluntary counseling and testing center in Bangalore, India","SDG 5, SDG 8, SDG 12, SDG 15, SDG 2",SDG 5,"SDG 5, SDG 3, SDG 1, SDG 16, SDG 10",SDG 5,"SDG 5, SDG 16, SDG 8, SDG 1, SDG 4",SDG 5,"SDG 5, SDG 8, SDG 16, SDG 1, SDG 12",SDG 5,"SDG 5, SDG 8, SDG 12, SDG 15, SDG 2",SDG 5,Gender Equality,0.9283
Exploring Seasonal Changes in Coastal Water Quality: Multivariate Analysis in Odisha and West Bengal Coast of India,"SDG 6, SDG 14, SDG 16, SDG 10, SDG 2",SDG 6,"SDG 6, SDG 14, SDG 16, SDG 11, SDG 15",SDG 6,"SDG 14, SDG 6, SDG 2, SDG 13, SDG 15",SDG 14,"SDG 6, SDG 14, SDG 16, SDG 1, SDG 10",SDG 6,"SDG 6, SDG 14, SDG 16, SDG 10, SDG 2",SDG 6,Clean Water and Sanitation,0.5078
Time to kick the butt of the most common litter item in the world: Ban cigarette filters,"SDG 3, SDG 14, SDG 16, SDG 6, SDG 7",SDG 3,"SDG 12, SDG 3, SDG 6, SDG 14, SDG 15",SDG 12,"SDG 3, SDG 14, SDG 12, SDG 16, SDG 6",SDG 3,"SDG 3, SDG 14, SDG 16, SDG 6, SDG 7",SDG 3,"SDG 3, SDG 14, SDG 16, SDG 6, SDG 7",SDG 3,Good Health and Well-Being,0.3537
Development & validation of a health awareness booklet: “Reproductive health schemes for tribal women of Jharkhand” a study protocol,"SDG 3, SDG 5, SDG 9, SDG 1, SDG 2",SDG 3,"SDG 3, SDG 5, SDG 2, SDG 1, SDG 7",SDG 3,"SDG 5, SDG 3, SDG 16, SDG 1, SDG 10",SDG 5,"SDG 3, SDG 5, SDG 1, SDG 11, SDG 8",SDG 3,"SDG 3, SDG 5, SDG 9, SDG 1, SDG 2",SDG 3,Good Health and Well-Being,0.5279
Impact of the national building rating system on electricity demand of India,"SDG 7, SDG 13, SDG 11, SDG 12, SDG 15",SDG 7,"SDG 7, SDG 11, SDG 13, SDG 9, SDG 3",SDG 7,"SDG 7, SDG 13, SDG 11, SDG 15, SDG 12",SDG 7,"SDG 7, SDG 13, SDG 11, SDG 1, SDG 17",SDG 7,"SDG 7, SDG 13, SDG 11, SDG 12, SDG 15",SDG 7,Affordable and Clean Energy,0.7313
Effect of aggression management and violence prevention training program among nurses working in psychiatric and emergency setting - A mixed method protocol,"SDG 3, SDG 16, SDG 8, SDG 12, SDG 5",SDG 3,"SDG 3, SDG 5, SDG 16, SDG 7, SDG 4",SDG 3,"SDG 3, SDG 16, SDG 5, SDG 4, SDG 15",SDG 3,"SDG 3, SDG 16, SDG 8, SDG 5, SDG 12",SDG 3,"SDG 3, SDG 16, SDG 8, SDG 12, SDG 5",SDG 3,Good Health and Well-Being,0.9104
Living environment and health of under-five children in urban slums of a coastal region in South India,"SDG 3, SDG 1, SDG 6, SDG 11, SDG 5",SDG 3,"SDG 3, SDG 1, SDG 16, SDG 2, SDG 11",SDG 3,"SDG 6, SDG 11, SDG 2, SDG 13, SDG 14",SDG 6,"SDG 3, SDG 1, SDG 6, SDG 11, SDG 5",SDG 3,"SDG 3, SDG 1, SDG 6, SDG 11, SDG 5",SDG 3,Good Health and Well-Being,0.3976
Deconstructing indian discourses and practices on climate change and security,"SDG 13, SDG 16, SDG 7, SDG 10, SDG 12",SDG 13,"SDG 16, SDG 13, SDG 7, SDG 1, SDG 6",SDG 16,"SDG 16, SDG 13, SDG 5, SDG 6, SDG 2",SDG 16,"SDG 13, SDG 16, SDG 7, SDG 1, SDG 10",SDG 13,"SDG 13, SDG 16, SDG 7, SDG 10, SDG 12",SDG 13,Climate Action,0.5874
Sustainable joint integrity in Al 8006/Al 7475 friction stir welding enabled by a hexagonal pin tool,"SDG 9, SDG 11, SDG 5, SDG 7, SDG 6",SDG 9,"SDG 16, SDG 10, SDG 9, SDG 4, SDG 8",SDG 16,"SDG 13, SDG 9, SDG 15, SDG 16, SDG 7",SDG 13,"SDG 9, SDG 5, SDG 11, SDG 7, SDG 8",SDG 9,"SDG 9, SDG 11, SDG 5, SDG 7, SDG 6",SDG 9,"Industry, Innovation and Infrastructure",0.2403
Quantized Wavelet Dilated Convolutional Neural Network Based Intelligent Surveillance System for Public Safety in IoT Security Networks,"SDG 11, SDG 16, SDG 3, SDG 9, SDG 8",SDG 11,"SDG 16, SDG 11, SDG 8, SDG 2, SDG 7",SDG 16,"SDG 11, SDG 9, SDG 7, SDG 16, SDG 2",SDG 11,"SDG 11, SDG 16, SDG 3, SDG 9, SDG 8",SDG 11,"SDG 11, SDG 16, SDG 3, SDG 9, SDG 8",SDG 11,Sustainable Cities and Communities,0.4007
Nature-based solutions (NBS) for sustainable development of the resource base and ecosystem services of marine and coastal ecosystems of India,"SDG 14, SDG 15, SDG 7, SDG 9, SDG 12",SDG 14,"SDG 14, SDG 15, SDG 16, SDG 13, SDG 9",SDG 14,"SDG 14, SDG 15, SDG 13, SDG 7, SDG 12",SDG 14,"SDG 14, SDG 15, SDG 7, SDG 9, SDG 12",SDG 14,"SDG 14, SDG 15, SDG 7, SDG 9, SDG 12",SDG 14,Life Below Water,0.8837
Demystifying the economic and energy potential of Building-Integrated Photovoltaics in achieving India's intended Nationally Determined Contribution,"SDG 7, SDG 13, SDG 11, SDG 12, SDG 6",SDG 7,"SDG 7, SDG 1, SDG 11, SDG 12, SDG 8",SDG 7,"SDG 13, SDG 7, SDG 11, SDG 15, SDG 12",SDG 13,"SDG 7, SDG 13, SDG 11, SDG 12, SDG 1",SDG 7,"SDG 7, SDG 13, SDG 11, SDG 12, SDG 6",SDG 7,Affordable and Clean Energy,0.8407
Environmental remediation by tea waste and its derivative products: A review on present status and technological advancements,"SDG 12, SDG 6, SDG 7, SDG 15, SDG 11",SDG 12,"SDG 12, SDG 16, SDG 6, SDG 3, SDG 9",SDG 12,"SDG 12, SDG 6, SDG 7, SDG 14, SDG 15",SDG 12,"SDG 12, SDG 6, SDG 7, SDG 11, SDG 1",SDG 12,"SDG 12, SDG 6, SDG 7, SDG 15, SDG 11",SDG 12,Responsible Consumption and Production,0.6913
Sustainable development and entrepreneurship in Hotel and Resorts,"SDG 12, SDG 8, SDG 11, SDG 15, SDG 14",SDG 12,"SDG 12, SDG 8, SDG 7, SDG 13, SDG 16",SDG 12,"SDG 12, SDG 8, SDG 15, SDG 13, SDG 2",SDG 12,"SDG 12, SDG 8, SDG 11, SDG 1, SDG 17",SDG 12,"SDG 12, SDG 8, SDG 11, SDG 15, SDG 14",SDG 12,Responsible Consumption and Production,0.5094
Factors influencing the adoption of sustainable agricultural practices in rural regions of developing countries: a review,"SDG 2, SDG 9, SDG 13, SDG 6, SDG 15",SDG 2,"SDG 2, SDG 12, SDG 7, SDG 13, SDG 9",SDG 2,"SDG 2, SDG 13, SDG 12, SDG 15, SDG 6",SDG 2,"SDG 2, SDG 9, SDG 13, SDG 12, SDG 1",SDG 2,"SDG 2, SDG 9, SDG 13, SDG 6, SDG 15",SDG 2,Zero Hunger,0.8867
Board gender diversity and corporate social responsibility: evidence from India,"SDG 5, SDG 16, SDG 8, SDG 13, SDG 10",SDG 5,"SDG 5, SDG 10, SDG 13, SDG 16, SDG 1",SDG 5,"SDG 5, SDG 16, SDG 10, SDG 13, SDG 1",SDG 5,"SDG 5, SDG 16, SDG 8, SDG 10, SDG 1",SDG 5,"SDG 5, SDG 16, SDG 8, SDG 13, SDG 10",SDG 5,Gender Equality,0.707
Optimal approaches in global warming mitigation and adaptation strategies at city scale,"SDG 13, SDG 16, SDG 11, SDG 14, SDG 12",SDG 13,"SDG 13, SDG 11, SDG 7, SDG 12, SDG 15",SDG 13,"SDG 13, SDG 11, SDG 16, SDG 15, SDG 6",SDG 13,"SDG 13, SDG 16, SDG 11, SDG 14, SDG 12",SDG 13,"SDG 13, SDG 16, SDG 11, SDG 14, SDG 12",SDG 13,Climate Action,0.5278
Variants of homicide: A review,"SDG 3, SDG 9, SDG 8, SDG 16, SDG 5",SDG 3,"SDG 16, SDG 3, SDG 5, SDG 8, SDG 7",SDG 16,"SDG 13, SDG 3, SDG 8, SDG 11, SDG 4",SDG 13,"SDG 3, SDG 9, SDG 8, SDG 16, SDG 5",SDG 3,"SDG 3, SDG 9, SDG 8, SDG 16, SDG 5",SDG 3,Good Health and Well-Being,0.1655
Sudden death due to tuberculosis,"SDG 3, SDG 16, SDG 6, SDG 8, SDG 7",SDG 3,"SDG 3, SDG 16, SDG 8, SDG 11, SDG 15",SDG 3,"SDG 15, SDG 16, SDG 3, SDG 13, SDG 7",SDG 15,"SDG 3, SDG 16, SDG 6, SDG 8, SDG 7",SDG 3,"SDG 3, SDG 16, SDG 6, SDG 8, SDG 7",SDG 3,Good Health and Well-Being,0.3978
Cancer Pain: What is special?,"SDG 3, SDG 2, SDG 8, SDG 4, SDG 7",SDG 3,"SDG 3, SDG 8, SDG 16, SDG 7, SDG 9",SDG 3,"SDG 3, SDG 16, SDG 15, SDG 10, SDG 6",SDG 3,"SDG 3, SDG 2, SDG 4, SDG 8, SDG 7",SDG 3,"SDG 3, SDG 2, SDG 8, SDG 4, SDG 7",SDG 3,Good Health and Well-Being,0.7542
Multi-Scale Tribo–Thermo–Viscoelastic Engineering of Sustainable Bio-Based Epoxy Through Hybrid Carbon Nano Architectures and Energy Partition Modeling,"SDG 15, SDG 7, SDG 14, SDG 13, SDG 11",SDG 15,"SDG 16, SDG 7, SDG 12, SDG 10, SDG 9",SDG 16,"SDG 13, SDG 7, SDG 15, SDG 12, SDG 6",SDG 13,"SDG 15, SDG 7, SDG 13, SDG 14, SDG 11",SDG 15,"SDG 15, SDG 7, SDG 14, SDG 13, SDG 11",SDG 15,Life on Land,0.3226
"Participatory Stakeholder Assessment for Drivers of Mangrove Loss to Prioritize Evidence-Based Conservation and Restoration in Bhitarkanika and Mahanadi Delta, India","SDG 15, SDG 14, SDG 13, SDG 11, SDG 6",SDG 15,"SDG 15, SDG 13, SDG 14, SDG 16, SDG 6",SDG 15,"SDG 15, SDG 13, SDG 14, SDG 7, SDG 12",SDG 15,"SDG 15, SDG 14, SDG 13, SDG 11, SDG 1",SDG 15,"SDG 15, SDG 14, SDG 13, SDG 11, SDG 6",SDG 15,Life on Land,0.6413
Green Choices: A Qualitative Study of Online Personal Care Products’ Purchasing Behavior,"SDG 12, SDG 16, SDG 9, SDG 13, SDG 7",SDG 12,"SDG 12, SDG 9, SDG 3, SDG 7, SDG 16",SDG 12,"SDG 7, SDG 13, SDG 12, SDG 14, SDG 16",SDG 7,"SDG 12, SDG 16, SDG 9, SDG 13, SDG 7",SDG 12,"SDG 12, SDG 16, SDG 9, SDG 13, SDG 7",SDG 12,Responsible Consumption and Production,0.4784
Projected twelve-fold growth in municipal solid waste generation calls for urgent techno-policy intervention across urban India,"SDG 12, SDG 11, SDG 10, SDG 16, SDG 7",SDG 12,"SDG 12, SDG 11, SDG 16, SDG 7, SDG 6",SDG 12,"SDG 12, SDG 11, SDG 7, SDG 6, SDG 13",SDG 12,"SDG 12, SDG 11, SDG 10, SDG 16, SDG 1",SDG 12,"SDG 12, SDG 11, SDG 10, SDG 16, SDG 7",SDG 12,Responsible Consumption and Production,0.6164
Assessing circular economy through sustainable solid waste management: Case of Tier-II Indian City - Cuttack,"SDG 11, SDG 12, SDG 9, SDG 7, SDG 14",SDG 11,"SDG 11, SDG 12, SDG 7, SDG 9, SDG 8",SDG 11,"SDG 11, SDG 12, SDG 7, SDG 6, SDG 9",SDG 11,"SDG 11, SDG 12, SDG 9, SDG 7, SDG 1",SDG 11,"SDG 11, SDG 12, SDG 9, SDG 7, SDG 14",SDG 11,Sustainable Cities and Communities,0.6363
"Assessing ecosystem service trade-offs and synergies in the rapidly urbanizing coastal region of Mangaluru Agglomeration, India","SDG 15, SDG 11, SDG 10, SDG 6, SDG 1",SDG 15,"SDG 11, SDG 15, SDG 6, SDG 8, SDG 9",SDG 11,"SDG 15, SDG 11, SDG 6, SDG 13, SDG 14",SDG 15,"SDG 15, SDG 11, SDG 10, SDG 1, SDG 6",SDG 15,"SDG 15, SDG 11, SDG 10, SDG 6, SDG 1",SDG 15,Life on Land,0.6704
Eco-engineered prosopis juliflora biochar–reinforced recycled polypropylene biocomposites for enhanced mechanical and thermal performance,"SDG 12, SDG 15, SDG 14, SDG 13, SDG 1",SDG 12,"SDG 16, SDG 12, SDG 9, SDG 15, SDG 14",SDG 16,"SDG 15, SDG 12, SDG 14, SDG 16, SDG 7",SDG 15,"SDG 12, SDG 15, SDG 14, SDG 13, SDG 1",SDG 12,"SDG 12, SDG 15, SDG 14, SDG 13, SDG 1",SDG 12,Responsible Consumption and Production,0.8764
"Eichhornia crassipes biodiesel as a renewable green fuel for diesel engine applications: performance, combustion, and emission characteristics","SDG 7, SDG 14, SDG 6, SDG 13, SDG 9",SDG 7,"SDG 7, SDG 14, SDG 16, SDG 6, SDG 9",SDG 7,"SDG 14, SDG 7, SDG 13, SDG 15, SDG 6",SDG 14,"SDG 7, SDG 14, SDG 6, SDG 13, SDG 9",SDG 7,"SDG 7, SDG 14, SDG 6, SDG 13, SDG 9",SDG 7,Affordable and Clean Energy,0.4494
"Climate diplomacy, just transitions, and gender mainstreaming: India’s experiences","SDG 5, SDG 13, SDG 7, SDG 15, SDG 12",SDG 5,"SDG 5, SDG 13, SDG 7, SDG 16, SDG 15",SDG 5,"SDG 13, SDG 5, SDG 15, SDG 7, SDG 2",SDG 13,"SDG 5, SDG 13, SDG 7, SDG 1, SDG 16",SDG 5,"SDG 5, SDG 13, SDG 7, SDG 15, SDG 12",SDG 5,Gender Equality,0.6307
Aquapelagic Entanglements in the Panchagangavali Region,"SDG 15, SDG 13, SDG 6, SDG 12, SDG 11",SDG 15,"SDG 6, SDG 13, SDG 14, SDG 15, SDG 10",SDG 6,"SDG 15, SDG 13, SDG 6, SDG 11, SDG 14",SDG 15,"SDG 15, SDG 13, SDG 6, SDG 12, SDG 11",SDG 15,"SDG 15, SDG 13, SDG 6, SDG 12, SDG 11",SDG 15,Life on Land,0.8211
Statistical Process Monitoring Using Advanced Data-Driven and Deep Learning Approaches: Theory and Practical Applications,"SDG 9, SDG 4, SDG 12, SDG 6, SDG 11",SDG 9,"SDG 16, SDG 8, SDG 6, SDG 12, SDG 7",SDG 16,"SDG 9, SDG 11, SDG 7, SDG 13, SDG 12",SDG 9,"SDG 9, SDG 4, SDG 12, SDG 6, SDG 11",SDG 9,"SDG 9, SDG 4, SDG 12, SDG 6, SDG 11",SDG 9,"Industry, Innovation and Infrastructure",0.6567
Health status of under five children living in urban slums,"SDG 3, SDG 1, SDG 11, SDG 8, SDG 5",SDG 3,"SDG 3, SDG 1, SDG 11, SDG 8, SDG 16",SDG 3,"SDG 3, SDG 1, SDG 11, SDG 10, SDG 8",SDG 3,"SDG 3, SDG 1, SDG 11, SDG 8, SDG 5",SDG 3,"SDG 3, SDG 1, SDG 11, SDG 8, SDG 5",SDG 3,Good Health and Well-Being,0.7383
"Bioshields as a viable solution for managing ecosystem-related disasters, offering a long-term solution to the frequent issue of sea erosion","SDG 15, SDG 14, SDG 13, SDG 1, SDG 6",SDG 15,"SDG 15, SDG 13, SDG 14, SDG 6, SDG 16",SDG 15,"SDG 15, SDG 14, SDG 13, SDG 2, SDG 6",SDG 15,"SDG 15, SDG 14, SDG 13, SDG 1, SDG 6",SDG 15,"SDG 15, SDG 14, SDG 13, SDG 1, SDG 6",SDG 15,Life on Land,0.6296
Waste management and private sector participation – operational and behavioural perspectives,"SDG 12, SDG 11, SDG 7, SDG 10, SDG 16",SDG 12,"SDG 12, SDG 16, SDG 11, SDG 7, SDG 6",SDG 12,"SDG 12, SDG 7, SDG 11, SDG 13, SDG 6",SDG 12,"SDG 12, SDG 11, SDG 7, SDG 10, SDG 16",SDG 12,"SDG 12, SDG 11, SDG 7, SDG 10, SDG 16",SDG 12,Responsible Consumption and Production,0.4656
Sugarcane bagasse fiber reinforced composites: Recent advances and applications,"SDG 12, SDG 9, SDG 2, SDG 6, SDG 14",SDG 12,"SDG 16, SDG 15, SDG 9, SDG 7, SDG 2",SDG 16,"SDG 12, SDG 7, SDG 6, SDG 13, SDG 11",SDG 12,"SDG 12, SDG 9, SDG 2, SDG 6, SDG 14",SDG 12,"SDG 12, SDG 9, SDG 2, SDG 6, SDG 14",SDG 12,Responsible Consumption and Production,0.2776
Childhood overweight and obesity-beyond television viewing,"SDG 3, SDG 2, SDG 10, SDG 7, SDG 9",SDG 3,"SDG 16, SDG 1, SDG 3, SDG 2, SDG 8",SDG 16,"SDG 3, SDG 2, SDG 11, SDG 8, SDG 9",SDG 3,"SDG 3, SDG 2, SDG 10, SDG 7, SDG 9",SDG 3,"SDG 3, SDG 2, SDG 10, SDG 7, SDG 9",SDG 3,Good Health and Well-Being,0.4102
"Advancing food preservation with quercetin-based Nanocomposites: Antimicrobial, antioxidant, and controlled-release strategies - A review","SDG 12, SDG 2, SDG 9, SDG 16, SDG 14",SDG 12,"SDG 16, SDG 12, SDG 2, SDG 9, SDG 11",SDG 16,"SDG 12, SDG 14, SDG 9, SDG 7, SDG 11",SDG 12,"SDG 12, SDG 2, SDG 9, SDG 16, SDG 1",SDG 12,"SDG 12, SDG 2, SDG 9, SDG 16, SDG 14",SDG 12,Responsible Consumption and Production,0.8892
"Fuzzy logic based window blind controller maximizing visual comfort, thermal comfort and energy conservation suitable for tropical climate","SDG 9, SDG 13, SDG 7, SDG 6, SDG 12",SDG 9,"SDG 7, SDG 16, SDG 11, SDG 1, SDG 13",SDG 7,"SDG 7, SDG 13, SDG 15, SDG 11, SDG 12",SDG 7,"SDG 9, SDG 13, SDG 7, SDG 6, SDG 12",SDG 9,"SDG 9, SDG 13, SDG 7, SDG 6, SDG 12",SDG 9,"Industry, Innovation and Infrastructure",0.3653
Problems in the accomplishment of solar and wind energy in India,"SDG 7, SDG 13, SDG 15, SDG 16, SDG 6",SDG 7,"SDG 7, SDG 13, SDG 8, SDG 15, SDG 10",SDG 7,"SDG 7, SDG 13, SDG 15, SDG 12, SDG 16",SDG 7,"SDG 7, SDG 13, SDG 16, SDG 1, SDG 10",SDG 7,"SDG 7, SDG 13, SDG 15, SDG 16, SDG 6",SDG 7,Affordable and Clean Energy,0.9457
Environmental impact assessment of coal-based thermal power plant near Udupi Power Corporation Limited in Karnataka - India,"SDG 7, SDG 15, SDG 13, SDG 6, SDG 11",SDG 7,"SDG 7, SDG 13, SDG 15, SDG 11, SDG 6",SDG 7,"SDG 7, SDG 15, SDG 13, SDG 11, SDG 6",SDG 7,"SDG 7, SDG 13, SDG 15, SDG 11, SDG 6",SDG 7,"SDG 7, SDG 15, SDG 13, SDG 6, SDG 11",SDG 7,Affordable and Clean Energy,0.8921
Death by attack from a wild boar,"SDG 15, SDG 11, SDG 5, SDG 8, SDG 3",SDG 15,"SDG 15, SDG 16, SDG 8, SDG 3, SDG 7",SDG 15,"SDG 15, SDG 13, SDG 7, SDG 6, SDG 2",SDG 15,"SDG 15, SDG 11, SDG 5, SDG 3, SDG 8",SDG 15,"SDG 15, SDG 11, SDG 5, SDG 8, SDG 3",SDG 15,Life on Land,0.896
An unusual case of self-strangulation by ligature,"SDG 3, SDG 1, SDG 6, SDG 15, SDG 5",SDG 3,"SDG 16, SDG 3, SDG 1, SDG 14, SDG 5",SDG 16,"SDG 3, SDG 7, SDG 16, SDG 9, SDG 11",SDG 3,"SDG 3, SDG 1, SDG 6, SDG 5, SDG 8",SDG 3,"SDG 3, SDG 1, SDG 6, SDG 15, SDG 5",SDG 3,Good Health and Well-Being,0.8004
Importance of dental age and skeletal age in Forensic Sciences for the assessment of Pediatric growth and development,"SDG 3, SDG 2, SDG 4, SDG 1, SDG 8",SDG 3,"SDG 16, SDG 3, SDG 8, SDG 4, SDG 2",SDG 16,"SDG 16, SDG 3, SDG 5, SDG 11, SDG 13",SDG 16,"SDG 3, SDG 2, SDG 4, SDG 1, SDG 16",SDG 3,"SDG 3, SDG 2, SDG 4, SDG 1, SDG 8",SDG 3,Good Health and Well-Being,0.7115
Dietary Calcium Intake and Physical Activity Levels among Urban South Indian Type 2 Diabetic Patients,"SDG 3, SDG 1, SDG 11, SDG 8, SDG 2",SDG 3,"SDG 3, SDG 2, SDG 16, SDG 12, SDG 1",SDG 3,"SDG 3, SDG 16, SDG 11, SDG 10, SDG 1",SDG 3,"SDG 3, SDG 1, SDG 11, SDG 8, SDG 2",SDG 3,"SDG 3, SDG 1, SDG 11, SDG 8, SDG 2",SDG 3,Good Health and Well-Being,0.7808
Unusual methods of suicide: Complexities in investigation,"SDG 3, SDG 7, SDG 16, SDG 9, SDG 5",SDG 3,"SDG 3, SDG 16, SDG 8, SDG 5, SDG 1",SDG 3,"SDG 3, SDG 16, SDG 7, SDG 11, SDG 15",SDG 3,"SDG 3, SDG 16, SDG 7, SDG 5, SDG 1",SDG 3,"SDG 3, SDG 7, SDG 16, SDG 9, SDG 5",SDG 3,Good Health and Well-Being,0.8242
"A perspective of COVID 19 impact on global economy, energy and environment","SDG 7, SDG 16, SDG 12, SDG 13, SDG 2",SDG 7,"SDG 7, SDG 3, SDG 8, SDG 13, SDG 2",SDG 7,"SDG 7, SDG 16, SDG 14, SDG 13, SDG 3",SDG 7,"SDG 7, SDG 16, SDG 12, SDG 1, SDG 13",SDG 7,"SDG 7, SDG 16, SDG 12, SDG 13, SDG 2",SDG 7,Affordable and Clean Energy,0.6598
Carbon dots from eco-friendly precursors for optical sensing application: an up-to-date review,"SDG 15, SDG 12, SDG 7, SDG 13, SDG 6",SDG 15,"SDG 16, SDG 10, SDG 15, SDG 3, SDG 13",SDG 16,"SDG 14, SDG 7, SDG 13, SDG 15, SDG 6",SDG 14,"SDG 15, SDG 12, SDG 7, SDG 13, SDG 6",SDG 15,"SDG 15, SDG 12, SDG 7, SDG 13, SDG 6",SDG 15,Life on Land,0.4902
Is health expenditure effective for achieving healthcare goals? Empirical evidence from South-East Asia Region,"SDG 3, SDG 10, SDG 1, SDG 9, SDG 15",SDG 3,"SDG 3, SDG 16, SDG 1, SDG 12, SDG 2",SDG 3,"SDG 3, SDG 16, SDG 1, SDG 10, SDG 5",SDG 3,"SDG 3, SDG 10, SDG 1, SDG 9, SDG 2",SDG 3,"SDG 3, SDG 10, SDG 1, SDG 9, SDG 15",SDG 3,Good Health and Well-Being,0.9159
Understanding the Change in the Prevalence and Factors Influencing the Childhood Stunting Using District-Level Data from NFHS-4 and NFHS-5 in India,"SDG 2, SDG 1, SDG 3, SDG 4, SDG 5",SDG 2,"SDG 3, SDG 1, SDG 2, SDG 11, SDG 16",SDG 3,"SDG 2, SDG 3, SDG 1, SDG 5, SDG 16",SDG 2,"SDG 2, SDG 1, SDG 3, SDG 5, SDG 4",SDG 2,"SDG 2, SDG 1, SDG 3, SDG 4, SDG 5",SDG 2,Zero Hunger,0.3616
"Catalytic co-pyrolysis of waste pistachio nutshells and polystyrene: optimisation of parameters, and catalyst loading on the products yield and composition","SDG 7, SDG 12, SDG 13, SDG 14, SDG 6",SDG 7,"SDG 16, SDG 7, SDG 9, SDG 12, SDG 2",SDG 16,"SDG 7, SDG 13, SDG 12, SDG 14, SDG 2",SDG 7,"SDG 7, SDG 12, SDG 13, SDG 6, SDG 14",SDG 7,"SDG 7, SDG 12, SDG 13, SDG 14, SDG 6",SDG 7,Affordable and Clean Energy,0.8198
"Evaluating the emission reduction potential of first underground metro rail in Mumbai, India through a modal shift and energy use perspective","SDG 7, SDG 11, SDG 13, SDG 6, SDG 15",SDG 7,"SDG 7, SDG 11, SDG 13, SDG 12, SDG 9",SDG 7,"SDG 7, SDG 13, SDG 11, SDG 6, SDG 15",SDG 7,"SDG 7, SDG 11, SDG 13, SDG 6, SDG 1",SDG 7,"SDG 7, SDG 11, SDG 13, SDG 6, SDG 15",SDG 7,Affordable and Clean Energy,0.5548
Multi-correlation analysis of optimizing the electrospinning parameters for ZnO + PVP nanofiber synthesis using statistical coefficient methods,"SDG 15, SDG 8, SDG 9, SDG 6, SDG 7",SDG 15,"SDG 16, SDG 7, SDG 8, SDG 12, SDG 10",SDG 16,"SDG 13, SDG 15, SDG 6, SDG 2, SDG 4",SDG 13,"SDG 15, SDG 8, SDG 9, SDG 6, SDG 7",SDG 15,"SDG 15, SDG 8, SDG 9, SDG 6, SDG 7",SDG 15,Life on Land,0.2033
Hyperthermia blocks reversibility of hydroxyurea and bipyridine induced synergistic inhibition of DNA biosynthesis in P388 murine leukemia cells,"SDG 1, SDG 13, SDG 8, SDG 2, SDG 10",SDG 1,"SDG 16, SDG 10, SDG 7, SDG 3, SDG 8",SDG 16,"SDG 8, SDG 3, SDG 1, SDG 10, SDG 9",SDG 8,"SDG 1, SDG 13, SDG 8, SDG 2, SDG 10",SDG 1,"SDG 1, SDG 13, SDG 8, SDG 2, SDG 10",SDG 1,No Poverty,0.1419
Comparative life cycle assessment of battery electric vehicles in developing countries under current and future electricity mix scenarios,"SDG 7, SDG 12, SDG 13, SDG 11, SDG 15",SDG 7,"SDG 7, SDG 11, SDG 12, SDG 15, SDG 10",SDG 7,"SDG 7, SDG 12, SDG 13, SDG 11, SDG 9",SDG 7,"SDG 7, SDG 12, SDG 13, SDG 11, SDG 1",SDG 7,"SDG 7, SDG 12, SDG 13, SDG 11, SDG 15",SDG 7,Affordable and Clean Energy,0.7918
"Green Chemistry in Nanotechnology for Sustainable Synthesis, Characterization, and Applications of Nanoparticles","SDG 12, SDG 7, SDG 15, SDG 13, SDG 9",SDG 12,"SDG 7, SDG 16, SDG 11, SDG 12, SDG 9",SDG 7,"SDG 7, SDG 13, SDG 12, SDG 9, SDG 14",SDG 7,"SDG 12, SDG 7, SDG 13, SDG 9, SDG 15",SDG 12,"SDG 12, SDG 7, SDG 15, SDG 13, SDG 9",SDG 12,Responsible Consumption and Production,0.5675
Catalytic co-pyrolysis of teak wood sawdust and polystyrene: Effect of process parameters on yield and properties of pyrolysis oil,"SDG 7, SDG 14, SDG 15, SDG 13, SDG 2",SDG 7,"SDG 16, SDG 7, SDG 9, SDG 12, SDG 8",SDG 16,"SDG 13, SDG 7, SDG 12, SDG 15, SDG 14",SDG 13,"SDG 7, SDG 14, SDG 15, SDG 13, SDG 12",SDG 7,"SDG 7, SDG 14, SDG 15, SDG 13, SDG 2",SDG 7,Affordable and Clean Energy,0.4317
Erhöhung der Leukämieinzidenz in der Nähe einer ehemaligen Sondermülldeponie.,"SDG 12, SDG 1, SDG 15, SDG 3, SDG 4",SDG 12,"SDG 3, SDG 12, SDG 7, SDG 16, SDG 11",SDG 3,"SDG 12, SDG 7, SDG 14, SDG 11, SDG 15",SDG 12,"SDG 12, SDG 1, SDG 3, SDG 11, SDG 4",SDG 12,"SDG 12, SDG 1, SDG 15, SDG 3, SDG 4",SDG 12,Responsible Consumption and Production,0.88
Preferred methods of suicide and most common poisonings in India,"SDG 3, SDG 1, SDG 10, SDG 7, SDG 8",SDG 3,"SDG 3, SDG 1, SDG 16, SDG 8, SDG 12",SDG 3,"SDG 3, SDG 16, SDG 10, SDG 4, SDG 15",SDG 3,"SDG 3, SDG 1, SDG 10, SDG 7, SDG 8",SDG 3,"SDG 3, SDG 1, SDG 10, SDG 7, SDG 8",SDG 3,Good Health and Well-Being,0.7917
Dental educational environment in institutions of South East Asia,"SDG 4, SDG 15, SDG 9, SDG 12, SDG 16",SDG 4,"SDG 4, SDG 16, SDG 7, SDG 8, SDG 3",SDG 4,"SDG 4, SDG 16, SDG 8, SDG 5, SDG 9",SDG 4,"SDG 4, SDG 16, SDG 5, SDG 9, SDG 15",SDG 4,"SDG 4, SDG 15, SDG 9, SDG 12, SDG 16",SDG 4,Quality Education,0.9333
Lightweight ESRGAN-Based Underwater Image Quality Enhancement,"SDG 14, SDG 7, SDG 9, SDG 4, SDG 15",SDG 14,"SDG 16, SDG 8, SDG 7, SDG 14, SDG 6",SDG 16,"SDG 14, SDG 7, SDG 13, SDG 15, SDG 12",SDG 14,"SDG 14, SDG 7, SDG 9, SDG 4, SDG 12",SDG 14,"SDG 14, SDG 7, SDG 9, SDG 4, SDG 15",SDG 14,Life Below Water,0.6879
Unusual post- Mortem artifact in a case of hanging,"SDG 3, SDG 5, SDG 6, SDG 16, SDG 11",SDG 3,"SDG 16, SDG 3, SDG 12, SDG 1, SDG 9",SDG 16,"SDG 16, SDG 3, SDG 14, SDG 10, SDG 6",SDG 16,"SDG 3, SDG 5, SDG 16, SDG 8, SDG 6",SDG 3,"SDG 3, SDG 5, SDG 6, SDG 16, SDG 11",SDG 3,Good Health and Well-Being,0.8582
Fatal suicidal gun shot injury,"SDG 3, SDG 8, SDG 11, SDG 10, SDG 16",SDG 3,"SDG 16, SDG 3, SDG 5, SDG 1, SDG 8",SDG 16,"SDG 3, SDG 16, SDG 5, SDG 10, SDG 14",SDG 3,"SDG 3, SDG 8, SDG 11, SDG 10, SDG 16",SDG 3,"SDG 3, SDG 8, SDG 11, SDG 10, SDG 16",SDG 3,Good Health and Well-Being,0.3872
"Green synthesis, structural characterization, and catalytic activity of silver nanoparticles stabilized with Bridelia retusa leaf extract","SDG 7, SDG 9, SDG 13, SDG 3, SDG 10",SDG 7,"SDG 16, SDG 15, SDG 8, SDG 12, SDG 10",SDG 16,"SDG 7, SDG 9, SDG 2, SDG 13, SDG 11",SDG 7,"SDG 7, SDG 9, SDG 13, SDG 3, SDG 10",SDG 7,"SDG 7, SDG 9, SDG 13, SDG 3, SDG 10",SDG 7,Affordable and Clean Energy,0.391
Urban Ecosystem Services: Human Health and Well-Being,"SDG 11, SDG 15, SDG 13, SDG 14, SDG 12",SDG 11,"SDG 11, SDG 15, SDG 13, SDG 16, SDG 3",SDG 11,"SDG 11, SDG 13, SDG 15, SDG 6, SDG 3",SDG 11,"SDG 11, SDG 15, SDG 13, SDG 12, SDG 14",SDG 11,"SDG 11, SDG 15, SDG 13, SDG 14, SDG 12",SDG 11,Sustainable Cities and Communities,0.5571
Dietary restriction (DR) and its advantages,"SDG 3, SDG 2, SDG 12, SDG 15, SDG 1",SDG 3,"SDG 2, SDG 3, SDG 7, SDG 9, SDG 11",SDG 2,"SDG 3, SDG 14, SDG 7, SDG 13, SDG 12",SDG 3,"SDG 3, SDG 2, SDG 12, SDG 15, SDG 1",SDG 3,"SDG 3, SDG 2, SDG 12, SDG 15, SDG 1",SDG 3,Good Health and Well-Being,0.7561
Energy conservation strategies in residential building-A case study,"SDG 7, SDG 13, SDG 11, SDG 9, SDG 1",SDG 7,"SDG 7, SDG 11, SDG 12, SDG 13, SDG 16",SDG 7,"SDG 7, SDG 13, SDG 15, SDG 11, SDG 9",SDG 7,"SDG 7, SDG 13, SDG 11, SDG 1, SDG 12",SDG 7,"SDG 7, SDG 13, SDG 11, SDG 9, SDG 1",SDG 7,Affordable and Clean Energy,0.6023
Effective lane management for emergency vehicles and adaptive signaling for dynamic traffic congestion using fuzzy logic,"SDG 11, SDG 3, SDG 15, SDG 12, SDG 13",SDG 11,"SDG 11, SDG 9, SDG 16, SDG 7, SDG 15",SDG 11,"SDG 11, SDG 13, SDG 6, SDG 15, SDG 14",SDG 11,"SDG 11, SDG 3, SDG 13, SDG 1, SDG 12",SDG 11,"SDG 11, SDG 3, SDG 15, SDG 12, SDG 13",SDG 11,Sustainable Cities and Communities,0.9102
Infrastructural Data Visualization and Improved User Interfaces of Energy Consumption in Smart Cities,"SDG 11, SDG 9, SDG 7, SDG 3, SDG 12",SDG 11,"SDG 11, SDG 7, SDG 9, SDG 1, SDG 8",SDG 11,"SDG 9, SDG 11, SDG 7, SDG 8, SDG 13",SDG 9,"SDG 11, SDG 9, SDG 7, SDG 12, SDG 1",SDG 11,"SDG 11, SDG 9, SDG 7, SDG 3, SDG 12",SDG 11,Sustainable Cities and Communities,0.7616
Public–Private Partnership Model in Delivering Quality Health Care and Medical Education - An Enduring Success Story for the Past Seven Decades,"SDG 3, SDG 4, SDG 9, SDG 6, SDG 2",SDG 3,"SDG 3, SDG 1, SDG 4, SDG 8, SDG 6",SDG 3,"SDG 3, SDG 16, SDG 4, SDG 1, SDG 10",SDG 3,"SDG 3, SDG 4, SDG 9, SDG 1, SDG 16",SDG 3,"SDG 3, SDG 4, SDG 9, SDG 6, SDG 2",SDG 3,Good Health and Well-Being,0.8716
Influence of firm-level factors on adoption of the innovation approach among software product SMEs: Evidence from the Bangalore region of India,"SDG 9, SDG 8, SDG 5, SDG 14, SDG 1",SDG 9,"SDG 9, SDG 8, SDG 3, SDG 13, SDG 1",SDG 9,"SDG 9, SDG 8, SDG 5, SDG 7, SDG 2",SDG 9,"SDG 9, SDG 8, SDG 5, SDG 1, SDG 16",SDG 9,"SDG 9, SDG 8, SDG 5, SDG 14, SDG 1",SDG 9,"Industry, Innovation and Infrastructure",0.7846
"Dynamic linkages between tourism, transportation, growth and carbon emission in the USA: evidence from partial and multiple wavelet coherence","SDG 11, SDG 8, SDG 7, SDG 9, SDG 14",SDG 11,"SDG 13, SDG 8, SDG 11, SDG 16, SDG 1",SDG 13,"SDG 7, SDG 13, SDG 8, SDG 11, SDG 9",SDG 7,"SDG 11, SDG 8, SDG 7, SDG 9, SDG 14",SDG 11,"SDG 11, SDG 8, SDG 7, SDG 9, SDG 14",SDG 11,Sustainable Cities and Communities,0.2667
Corporate social responsibility in India: A journey from corporate philanthropy to governance mandate,"SDG 16, SDG 12, SDG 10, SDG 8, SDG 7",SDG 16,"SDG 16, SDG 12, SDG 9, SDG 8, SDG 1",SDG 16,"SDG 16, SDG 9, SDG 2, SDG 13, SDG 12",SDG 16,"SDG 16, SDG 12, SDG 10, SDG 8, SDG 13",SDG 16,"SDG 16, SDG 12, SDG 10, SDG 8, SDG 7",SDG 16,"Peace, Justice and Strong Institutions",0.5705
Adoption of circular economy: data-driven strategies based on empirical evidence from indian consumers,"SDG 9, SDG 16, SDG 8, SDG 7, SDG 12",SDG 9,"SDG 9, SDG 16, SDG 8, SDG 7, SDG 12",SDG 9,"SDG 7, SDG 12, SDG 9, SDG 13, SDG 14",SDG 7,"SDG 9, SDG 16, SDG 8, SDG 7, SDG 12",SDG 9,"SDG 9, SDG 16, SDG 8, SDG 7, SDG 12",SDG 9,"Industry, Innovation and Infrastructure",0.2817
Marine chitinase AfChi: green defense management against Colletotrichum gloeosporioides and anthracnose,"SDG 14, SDG 12, SDG 3, SDG 15, SDG 2",SDG 14,"SDG 16, SDG 14, SDG 15, SDG 2, SDG 3",SDG 16,"SDG 14, SDG 15, SDG 13, SDG 2, SDG 7",SDG 14,"SDG 14, SDG 12, SDG 3, SDG 15, SDG 2",SDG 14,"SDG 14, SDG 12, SDG 3, SDG 15, SDG 2",SDG 14,Life Below Water,0.8761
Jhum-Jhum - A sensation - revisited.,"SDG 9, SDG 10, SDG 7, SDG 5, SDG 3",SDG 9,"SDG 3, SDG 7, SDG 16, SDG 11, SDG 9",SDG 3,"SDG 9, SDG 7, SDG 12, SDG 2, SDG 8",SDG 9,"SDG 9, SDG 10, SDG 7, SDG 5, SDG 15",SDG 9,"SDG 9, SDG 10, SDG 7, SDG 5, SDG 3",SDG 9,"Industry, Innovation and Infrastructure",0.4889
Challenges for public health genomics - the public health perspective on genome-based knowledge and technologies,"SDG 16, SDG 3, SDG 9, SDG 2, SDG 7",SDG 16,"SDG 16, SDG 3, SDG 7, SDG 9, SDG 2",SDG 16,"SDG 3, SDG 16, SDG 5, SDG 9, SDG 6",SDG 3,"SDG 16, SDG 3, SDG 9, SDG 2, SDG 7",SDG 16,"SDG 16, SDG 3, SDG 9, SDG 2, SDG 7",SDG 16,"Peace, Justice and Strong Institutions",0.4671
Analysis of thermal comfort and visual comfort—A soft computing approach,"SDG 7, SDG 9, SDG 6, SDG 13, SDG 12",SDG 7,"SDG 11, SDG 7, SDG 1, SDG 3, SDG 16",SDG 11,"SDG 7, SDG 13, SDG 11, SDG 6, SDG 9",SDG 7,"SDG 7, SDG 9, SDG 13, SDG 6, SDG 5",SDG 7,"SDG 7, SDG 9, SDG 6, SDG 13, SDG 12",SDG 7,Affordable and Clean Energy,0.6842
Geriatric poisoning fatalities: A Manipal perspective,"SDG 3, SDG 8, SDG 11, SDG 5, SDG 7",SDG 3,"SDG 3, SDG 16, SDG 12, SDG 8, SDG 7",SDG 3,"SDG 3, SDG 16, SDG 11, SDG 1, SDG 6",SDG 3,"SDG 3, SDG 8, SDG 11, SDG 5, SDG 7",SDG 3,"SDG 3, SDG 8, SDG 11, SDG 5, SDG 7",SDG 3,Good Health and Well-Being,0.5203
"""When I Need to Travel, I Feel Feverish"": Everyday Experiences of Transport Inequalities Among Older Adults in Dhaka, Bangladesh","SDG 11, SDG 3, SDG 4, SDG 16, SDG 13",SDG 11,"SDG 11, SDG 8, SDG 1, SDG 10, SDG 3",SDG 11,"SDG 11, SDG 1, SDG 10, SDG 16, SDG 3",SDG 11,"SDG 11, SDG 4, SDG 3, SDG 16, SDG 13",SDG 11,"SDG 11, SDG 3, SDG 4, SDG 16, SDG 13",SDG 11,Sustainable Cities and Communities,0.8945
Geospatial Analysis of Crop Residue Burn Areas and Their Dates for Emission Mitigation Strategies,"SDG 13, SDG 2, SDG 7, SDG 9, SDG 12",SDG 13,"SDG 2, SDG 13, SDG 12, SDG 16, SDG 15",SDG 2,"SDG 13, SDG 7, SDG 2, SDG 9, SDG 15",SDG 13,"SDG 13, SDG 2, SDG 7, SDG 12, SDG 9",SDG 13,"SDG 13, SDG 2, SDG 7, SDG 9, SDG 12",SDG 13,Climate Action,0.8401
Skills assessment and development scale for rural women entrepreneurs: conceptualization and validation: conceptualization and validation,"SDG 5, SDG 9, SDG 8, SDG 1, SDG 7",SDG 5,"SDG 5, SDG 8, SDG 9, SDG 13, SDG 1",SDG 5,"SDG 5, SDG 8, SDG 1, SDG 9, SDG 16",SDG 5,"SDG 5, SDG 9, SDG 8, SDG 1, SDG 11",SDG 5,"SDG 5, SDG 9, SDG 8, SDG 1, SDG 7",SDG 5,Gender Equality,0.9078
Bridging the gap: unique strategies to improve access and implementation of stroke rehabilitation in LMICs–a scoping review,"SDG 3, SDG 5, SDG 12, SDG 16, SDG 9",SDG 3,"SDG 3, SDG 7, SDG 8, SDG 10, SDG 16",SDG 3,"SDG 5, SDG 16, SDG 3, SDG 13, SDG 15",SDG 5,"SDG 3, SDG 5, SDG 12, SDG 16, SDG 9",SDG 3,"SDG 3, SDG 5, SDG 12, SDG 16, SDG 9",SDG 3,Good Health and Well-Being,0.3298
"Agri social entrepreneurship and rural transformation in Karnataka, India","SDG 12, SDG 8, SDG 2, SDG 13, SDG 16",SDG 12,"SDG 1, SDG 2, SDG 16, SDG 13, SDG 8",SDG 1,"SDG 9, SDG 12, SDG 8, SDG 13, SDG 16",SDG 9,"SDG 12, SDG 8, SDG 2, SDG 13, SDG 16",SDG 12,"SDG 12, SDG 8, SDG 2, SDG 13, SDG 16",SDG 12,Responsible Consumption and Production,0.3033
THE DIGITAL DIVIDE: HOW POSITIVE PERCEPTION TOWARD ICT AND DIGITAL MARKETING OUTCOMES SHAPE ENTREPRENEURIAL PERFORMANCE,"SDG 9, SDG 5, SDG 16, SDG 8, SDG 10",SDG 9,"SDG 9, SDG 5, SDG 14, SDG 8, SDG 10",SDG 9,"SDG 9, SDG 8, SDG 5, SDG 11, SDG 7",SDG 9,"SDG 9, SDG 5, SDG 16, SDG 8, SDG 1",SDG 9,"SDG 9, SDG 5, SDG 16, SDG 8, SDG 10",SDG 9,"Industry, Innovation and Infrastructure",0.7645
Essentials of Public Health Dentistry,"SDG 3, SDG 16, SDG 9, SDG 2, SDG 6",SDG 3,"SDG 3, SDG 16, SDG 10, SDG 6, SDG 8",SDG 3,"SDG 3, SDG 16, SDG 12, SDG 5, SDG 1",SDG 3,"SDG 3, SDG 16, SDG 11, SDG 4, SDG 9",SDG 3,"SDG 3, SDG 16, SDG 9, SDG 2, SDG 6",SDG 3,Good Health and Well-Being,0.5212
Time for high-burden countries to lead the tuberculosis research agenda,"SDG 3, SDG 5, SDG 10, SDG 4, SDG 11",SDG 3,"SDG 3, SDG 16, SDG 8, SDG 9, SDG 5",SDG 3,"SDG 3, SDG 8, SDG 9, SDG 10, SDG 11",SDG 3,"SDG 3, SDG 5, SDG 10, SDG 4, SDG 11",SDG 3,"SDG 3, SDG 5, SDG 10, SDG 4, SDG 11",SDG 3,Good Health and Well-Being,0.2239
"Issues and challenges for transit-oriented development in the scenario of a developing country: The case of Kolkata Metropolitan Area, India","SDG 11, SDG 9, SDG 2, SDG 15, SDG 8",SDG 11,"SDG 11, SDG 9, SDG 16, SDG 1, SDG 8",SDG 11,"SDG 11, SDG 13, SDG 6, SDG 15, SDG 16",SDG 11,"SDG 11, SDG 9, SDG 1, SDG 8, SDG 10",SDG 11,"SDG 11, SDG 9, SDG 2, SDG 15, SDG 8",SDG 11,Sustainable Cities and Communities,0.9539
An overview of DC Microgrid with DC distribution system for DC loads,"SDG 7, SDG 13, SDG 6, SDG 12, SDG 9",SDG 7,"SDG 7, SDG 16, SDG 10, SDG 15, SDG 1",SDG 7,"SDG 7, SDG 13, SDG 9, SDG 12, SDG 6",SDG 7,"SDG 7, SDG 13, SDG 1, SDG 12, SDG 6",SDG 7,"SDG 7, SDG 13, SDG 6, SDG 12, SDG 9",SDG 7,Affordable and Clean Energy,0.9286
Umbolith: a cause of umbilical discharge and omphalitis,"SDG 3, SDG 6, SDG 7, SDG 14, SDG 8",SDG 3,"SDG 3, SDG 16, SDG 9, SDG 5, SDG 8",SDG 3,"SDG 12, SDG 15, SDG 6, SDG 3, SDG 11",SDG 12,"SDG 3, SDG 6, SDG 7, SDG 14, SDG 8",SDG 3,"SDG 3, SDG 6, SDG 7, SDG 14, SDG 8",SDG 3,Good Health and Well-Being,0.4692
Investigating the impact of long-term agricultural practices on selected peri-urban aquifers in tropical Southwest India,"SDG 6, SDG 10, SDG 12, SDG 2, SDG 1",SDG 6,"SDG 6, SDG 16, SDG 12, SDG 1, SDG 2",SDG 6,"SDG 6, SDG 11, SDG 2, SDG 13, SDG 15",SDG 6,"SDG 6, SDG 1, SDG 12, SDG 11, SDG 2",SDG 6,"SDG 6, SDG 10, SDG 12, SDG 2, SDG 1",SDG 6,Clean Water and Sanitation,0.9741
An overview of the impacts of various industrial and urban wastes on soil properties: contamination and remediation strategies,"SDG 12, SDG 11, SDG 6, SDG 15, SDG 7",SDG 12,"SDG 12, SDG 6, SDG 16, SDG 11, SDG 2",SDG 12,"SDG 6, SDG 7, SDG 12, SDG 11, SDG 13",SDG 6,"SDG 12, SDG 11, SDG 6, SDG 7, SDG 1",SDG 12,"SDG 12, SDG 11, SDG 6, SDG 15, SDG 7",SDG 12,Responsible Consumption and Production,0.7634
Life cycle assessment of industrial wastes and wastewater,"SDG 12, SDG 6, SDG 1, SDG 9, SDG 11",SDG 12,"SDG 12, SDG 6, SDG 7, SDG 11, SDG 9",SDG 12,"SDG 12, SDG 6, SDG 7, SDG 11, SDG 15",SDG 12,"SDG 12, SDG 6, SDG 1, SDG 11, SDG 9",SDG 12,"SDG 12, SDG 6, SDG 1, SDG 9, SDG 11",SDG 12,Responsible Consumption and Production,0.915
"Federated Learning for Enhancing Cybersecurity in IoT-Integrated 6G Networks: Challenges, Opportunities, and Future Directions","SDG 9, SDG 7, SDG 4, SDG 12, SDG 14",SDG 9,"SDG 9, SDG 16, SDG 7, SDG 11, SDG 8",SDG 9,"SDG 9, SDG 7, SDG 13, SDG 11, SDG 14",SDG 9,"SDG 9, SDG 7, SDG 12, SDG 4, SDG 10",SDG 9,"SDG 9, SDG 7, SDG 4, SDG 12, SDG 14",SDG 9,"Industry, Innovation and Infrastructure",0.8187
Aqua Optimize Transformation of Water Management With Cloud-Powered Efficiency,"SDG 6, SDG 13, SDG 9, SDG 14, SDG 12",SDG 6,"SDG 6, SDG 14, SDG 7, SDG 16, SDG 11",SDG 6,"SDG 6, SDG 14, SDG 13, SDG 2, SDG 12",SDG 6,"SDG 6, SDG 13, SDG 12, SDG 9, SDG 1",SDG 6,"SDG 6, SDG 13, SDG 9, SDG 14, SDG 12",SDG 6,Clean Water and Sanitation,0.9624
Effective Resource Utilization in Hadoop Using Ganglia,"SDG 7, SDG 12, SDG 14, SDG 8, SDG 9",SDG 7,"SDG 9, SDG 7, SDG 14, SDG 15, SDG 1",SDG 9,"SDG 6, SDG 11, SDG 12, SDG 15, SDG 7",SDG 6,"SDG 7, SDG 12, SDG 14, SDG 8, SDG 9",SDG 7,"SDG 7, SDG 12, SDG 14, SDG 8, SDG 9",SDG 7,Affordable and Clean Energy,0.2861
Differential effect of collaterally sensitive antimetabolites on P388 murine leukemia sensitive and resistant to adriamycin in vitro,"SDG 2, SDG 10, SDG 13, SDG 3, SDG 7",SDG 2,"SDG 3, SDG 16, SDG 4, SDG 6, SDG 8",SDG 3,"SDG 9, SDG 8, SDG 4, SDG 3, SDG 5",SDG 9,"SDG 2, SDG 10, SDG 13, SDG 3, SDG 7",SDG 2,"SDG 2, SDG 10, SDG 13, SDG 3, SDG 7",SDG 2,Zero Hunger,0.2666
Public Health in Großbritannien Teil 2: Public-Health-Ausbildung,"SDG 16, SDG 3, SDG 6, SDG 2, SDG 1",SDG 16,"SDG 3, SDG 16, SDG 2, SDG 6, SDG 12",SDG 3,"SDG 3, SDG 16, SDG 5, SDG 10, SDG 2",SDG 3,"SDG 3, SDG 16, SDG 11, SDG 5, SDG 1",SDG 3,"SDG 16, SDG 3, SDG 6, SDG 2, SDG 1",SDG 16,"Peace, Justice and Strong Institutions",0.4982
Health for all in India: A vision made possible through integrated Public Health and Community Medicine,"SDG 3, SDG 16, SDG 8, SDG 1, SDG 9",SDG 3,"SDG 3, SDG 16, SDG 2, SDG 7, SDG 1",SDG 3,"SDG 3, SDG 16, SDG 11, SDG 9, SDG 1",SDG 3,"SDG 3, SDG 16, SDG 1, SDG 8, SDG 9",SDG 3,"SDG 3, SDG 16, SDG 8, SDG 1, SDG 9",SDG 3,Good Health and Well-Being,0.8934
Oral cancer risk in diabetic patients.,"SDG 3, SDG 7, SDG 2, SDG 13, SDG 10",SDG 3,"SDG 3, SDG 16, SDG 7, SDG 10, SDG 6",SDG 3,"SDG 3, SDG 16, SDG 10, SDG 6, SDG 1",SDG 3,"SDG 3, SDG 7, SDG 2, SDG 13, SDG 10",SDG 3,"SDG 3, SDG 7, SDG 2, SDG 13, SDG 10",SDG 3,Good Health and Well-Being,0.9162
Plastics waste management and its sustainable approaches – an overview,"SDG 12, SDG 15, SDG 14, SDG 16, SDG 6",SDG 12,"SDG 12, SDG 16, SDG 14, SDG 6, SDG 15",SDG 12,"SDG 12, SDG 11, SDG 6, SDG 14, SDG 7",SDG 12,"SDG 12, SDG 16, SDG 11, SDG 14, SDG 6",SDG 12,"SDG 12, SDG 15, SDG 14, SDG 16, SDG 6",SDG 12,Responsible Consumption and Production,0.9352
Measuring socio-economic inequality: From dwellers’ perspective within Bangalore urban agglomeration,"SDG 11, SDG 1, SDG 4, SDG 10, SDG 9",SDG 11,"SDG 11, SDG 1, SDG 10, SDG 15, SDG 8",SDG 11,"SDG 11, SDG 1, SDG 3, SDG 10, SDG 6",SDG 11,"SDG 11, SDG 1, SDG 10, SDG 4, SDG 8",SDG 11,"SDG 11, SDG 1, SDG 4, SDG 10, SDG 9",SDG 11,Sustainable Cities and Communities,0.8334
Synchronization and implementation of real-time traffic signal optimization regulator,"SDG 11, SDG 13, SDG 9, SDG 10, SDG 15",SDG 11,"SDG 11, SDG 7, SDG 9, SDG 13, SDG 8",SDG 11,"SDG 11, SDG 7, SDG 13, SDG 6, SDG 12",SDG 11,"SDG 11, SDG 13, SDG 9, SDG 10, SDG 1",SDG 11,"SDG 11, SDG 13, SDG 9, SDG 10, SDG 15",SDG 11,Sustainable Cities and Communities,0.9206
Hybrid floating solar plant designs: A review,"SDG 7, SDG 6, SDG 9, SDG 13, SDG 12",SDG 7,"SDG 7, SDG 14, SDG 6, SDG 13, SDG 5",SDG 7,"SDG 7, SDG 13, SDG 6, SDG 9, SDG 12",SDG 7,"SDG 7, SDG 6, SDG 9, SDG 13, SDG 12",SDG 7,"SDG 7, SDG 6, SDG 9, SDG 13, SDG 12",SDG 7,Affordable and Clean Energy,0.9641
Effects of Urbanization on Urban Ecosystem Services (UESS)—A Framework,"SDG 15, SDG 11, SDG 8, SDG 2, SDG 10",SDG 15,"SDG 11, SDG 15, SDG 6, SDG 2, SDG 1",SDG 11,"SDG 15, SDG 11, SDG 6, SDG 14, SDG 9",SDG 15,"SDG 15, SDG 11, SDG 8, SDG 1, SDG 10",SDG 15,"SDG 15, SDG 11, SDG 8, SDG 2, SDG 10",SDG 15,Life on Land,0.7942
Life cycle environmental assessment of elevated metro rail system: insights from the Mumbai Metropolitan Region for sustainable urban mobility,"SDG 11, SDG 7, SDG 12, SDG 10, SDG 1",SDG 11,"SDG 11, SDG 7, SDG 12, SDG 8, SDG 13",SDG 11,"SDG 11, SDG 7, SDG 13, SDG 6, SDG 12",SDG 11,"SDG 11, SDG 7, SDG 12, SDG 1, SDG 10",SDG 11,"SDG 11, SDG 7, SDG 12, SDG 10, SDG 1",SDG 11,Sustainable Cities and Communities,0.684
A Review on the Modelling Techniques of Liquid Storage Tanks Considering Fluid–Structure–Soil Interaction Effects with a Focus on the Mitigation of Seismic Effects through Base Isolation Techniques,"SDG 6, SDG 2, SDG 7, SDG 10, SDG 9",SDG 6,"SDG 6, SDG 14, SDG 1, SDG 16, SDG 2",SDG 6,"SDG 6, SDG 13, SDG 7, SDG 2, SDG 15",SDG 6,"SDG 6, SDG 7, SDG 2, SDG 10, SDG 9",SDG 6,"SDG 6, SDG 2, SDG 7, SDG 10, SDG 9",SDG 6,Clean Water and Sanitation,0.891
"Production and beneficial impact of biochar for environmental application: A review on types of feedstocks, chemical compositions, operating parameters, techno-economic study, and life cycle assessment","SDG 12, SDG 13, SDG 7, SDG 14, SDG 9",SDG 12,"SDG 7, SDG 16, SDG 13, SDG 12, SDG 14",SDG 7,"SDG 13, SDG 7, SDG 12, SDG 14, SDG 6",SDG 13,"SDG 12, SDG 13, SDG 7, SDG 14, SDG 9",SDG 12,"SDG 12, SDG 13, SDG 7, SDG 14, SDG 9",SDG 12,Responsible Consumption and Production,0.4578
"Energy-Aware Tribology of Nanoclay-Reinforced Biobased-Epoxy Integrating Taguchi Optimization, Machine Learning, and Surface Morphology","SDG 7, SDG 4, SDG 9, SDG 11, SDG 10",SDG 7,"SDG 16, SDG 7, SDG 12, SDG 8, SDG 10",SDG 16,"SDG 7, SDG 15, SDG 9, SDG 13, SDG 14",SDG 7,"SDG 7, SDG 4, SDG 9, SDG 11, SDG 10",SDG 7,"SDG 7, SDG 4, SDG 9, SDG 11, SDG 10",SDG 7,Affordable and Clean Energy,0.781
Cloud-enabled vehicular congestion estimation: An ITS application,"SDG 11, SDG 9, SDG 15, SDG 1, SDG 10",SDG 11,"SDG 11, SDG 9, SDG 10, SDG 13, SDG 3",SDG 11,"SDG 11, SDG 9, SDG 13, SDG 7, SDG 6",SDG 11,"SDG 11, SDG 9, SDG 1, SDG 15, SDG 8",SDG 11,"SDG 11, SDG 9, SDG 15, SDG 1, SDG 10",SDG 11,Sustainable Cities and Communities,0.7517
Effects of economic growth towards government health financing of Indian states: an assessment from a fiscal space perspective,"SDG 3, SDG 10, SDG 9, SDG 5, SDG 7",SDG 3,"SDG 3, SDG 16, SDG 8, SDG 10, SDG 7",SDG 3,"SDG 3, SDG 10, SDG 16, SDG 1, SDG 5",SDG 3,"SDG 3, SDG 10, SDG 9, SDG 5, SDG 7",SDG 3,"SDG 3, SDG 10, SDG 9, SDG 5, SDG 7",SDG 3,Good Health and Well-Being,0.8526
Effective thermal management of photovoltaic modules equipped with innovative concentrating techniques,"SDG 7, SDG 8, SDG 6, SDG 13, SDG 9",SDG 7,"SDG 7, SDG 16, SDG 10, SDG 8, SDG 13",SDG 7,"SDG 7, SDG 12, SDG 9, SDG 13, SDG 16",SDG 7,"SDG 7, SDG 8, SDG 6, SDG 13, SDG 9",SDG 7,"SDG 7, SDG 8, SDG 6, SDG 13, SDG 9",SDG 7,Affordable and Clean Energy,0.8528
Victimiologic study of female homicide,"SDG 5, SDG 3, SDG 7, SDG 6, SDG 11",SDG 5,"SDG 5, SDG 3, SDG 13, SDG 1, SDG 8",SDG 5,"SDG 5, SDG 3, SDG 16, SDG 8, SDG 15",SDG 5,"SDG 5, SDG 3, SDG 16, SDG 1, SDG 10",SDG 5,"SDG 5, SDG 3, SDG 7, SDG 6, SDG 11",SDG 5,Gender Equality,0.9061
Victims of homicidal deaths - An analysis of variables,"SDG 5, SDG 3, SDG 10, SDG 8, SDG 11",SDG 5,"SDG 16, SDG 3, SDG 5, SDG 8, SDG 1",SDG 16,"SDG 5, SDG 16, SDG 3, SDG 10, SDG 8",SDG 5,"SDG 5, SDG 3, SDG 10, SDG 8, SDG 16",SDG 5,"SDG 5, SDG 3, SDG 10, SDG 8, SDG 11",SDG 5,Gender Equality,0.3979
Hyperosmolar non ketotic diabetic coma,"SDG 3, SDG 1, SDG 4, SDG 9, SDG 15",SDG 3,"SDG 3, SDG 7, SDG 16, SDG 8, SDG 1",SDG 3,"SDG 3, SDG 9, SDG 12, SDG 4, SDG 5",SDG 3,"SDG 3, SDG 1, SDG 4, SDG 9, SDG 8",SDG 3,"SDG 3, SDG 1, SDG 4, SDG 9, SDG 15",SDG 3,Good Health and Well-Being,0.5357
An Exploratory Study of Gender Differences in Clinical Profile and Pathways to Care in Somatic Symptom Disorder,"SDG 5, SDG 3, SDG 13, SDG 12, SDG 15",SDG 5,"SDG 5, SDG 3, SDG 10, SDG 7, SDG 1",SDG 5,"SDG 3, SDG 5, SDG 10, SDG 1, SDG 8",SDG 3,"SDG 5, SDG 3, SDG 1, SDG 10, SDG 16",SDG 5,"SDG 5, SDG 3, SDG 13, SDG 12, SDG 15",SDG 5,Gender Equality,0.4986
DFT Study of P-Doped WSe2Monolayer-Based VOC Sensor for Diagnosis of Lung Cancer,"SDG 7, SDG 3, SDG 15, SDG 16, SDG 12",SDG 7,"SDG 16, SDG 3, SDG 12, SDG 9, SDG 7",SDG 16,"SDG 7, SDG 11, SDG 13, SDG 15, SDG 3",SDG 7,"SDG 7, SDG 3, SDG 16, SDG 15, SDG 12",SDG 7,"SDG 7, SDG 3, SDG 15, SDG 16, SDG 12",SDG 7,Affordable and Clean Energy,0.8081
Poisoning deaths in married women,"SDG 5, SDG 3, SDG 7, SDG 6, SDG 8",SDG 5,"SDG 5, SDG 3, SDG 1, SDG 2, SDG 8",SDG 5,"SDG 5, SDG 3, SDG 16, SDG 8, SDG 1",SDG 5,"SDG 5, SDG 3, SDG 7, SDG 1, SDG 6",SDG 5,"SDG 5, SDG 3, SDG 7, SDG 6, SDG 8",SDG 5,Gender Equality,0.8076
Human Immunodeficiency Virus/Acquired Immunodeficiency Syndrome in the Infant,"SDG 16, SDG 10, SDG 1, SDG 6, SDG 3",SDG 16,"SDG 3, SDG 16, SDG 8, SDG 2, SDG 9",SDG 3,"SDG 10, SDG 7, SDG 5, SDG 8, SDG 1",SDG 10,"SDG 16, SDG 10, SDG 3, SDG 1, SDG 6",SDG 16,"SDG 16, SDG 10, SDG 1, SDG 6, SDG 3",SDG 16,"Peace, Justice and Strong Institutions",0.1581
Conference proceedings - ANCIPS 2012,"SDG 12, SDG 5, SDG 3, SDG 10, SDG 4",SDG 12,"SDG 9, SDG 14, SDG 13, SDG 4, SDG 8",SDG 9,"SDG 15, SDG 12, SDG 2, SDG 13, SDG 5",SDG 15,"SDG 12, SDG 5, SDG 3, SDG 10, SDG 4",SDG 12,"SDG 12, SDG 5, SDG 3, SDG 10, SDG 4",SDG 12,Responsible Consumption and Production,0.2071
Severe thrombocytopenia in association with hepatitis A [7],"SDG 3, SDG 12, SDG 4, SDG 7, SDG 2",SDG 3,"SDG 3, SDG 8, SDG 16, SDG 9, SDG 6",SDG 3,"SDG 3, SDG 16, SDG 14, SDG 1, SDG 10",SDG 3,"SDG 3, SDG 12, SDG 4, SDG 2, SDG 7",SDG 3,"SDG 3, SDG 12, SDG 4, SDG 7, SDG 2",SDG 3,Good Health and Well-Being,0.2911
Attempted suicide and recent stressful life events: a report from India.,"SDG 3, SDG 1, SDG 13, SDG 7, SDG 8",SDG 3,"SDG 3, SDG 1, SDG 16, SDG 5, SDG 8",SDG 3,"SDG 16, SDG 3, SDG 10, SDG 5, SDG 8",SDG 16,"SDG 3, SDG 1, SDG 13, SDG 8, SDG 7",SDG 3,"SDG 3, SDG 1, SDG 13, SDG 7, SDG 8",SDG 3,Good Health and Well-Being,0.7408
Lifestyle factors and stomach cancer,"SDG 3, SDG 12, SDG 2, SDG 7, SDG 6",SDG 3,"SDG 3, SDG 16, SDG 2, SDG 12, SDG 9",SDG 3,"SDG 3, SDG 6, SDG 15, SDG 7, SDG 16",SDG 3,"SDG 3, SDG 12, SDG 2, SDG 7, SDG 1",SDG 3,"SDG 3, SDG 12, SDG 2, SDG 7, SDG 6",SDG 3,Good Health and Well-Being,0.8166
Imipramine-induced hyperpigmentation of skin – A case report,"SDG 10, SDG 5, SDG 8, SDG 7, SDG 1",SDG 10,"SDG 16, SDG 3, SDG 10, SDG 8, SDG 7",SDG 16,"SDG 6, SDG 12, SDG 13, SDG 11, SDG 2",SDG 6,"SDG 10, SDG 5, SDG 8, SDG 1, SDG 13",SDG 10,"SDG 10, SDG 5, SDG 8, SDG 7, SDG 1",SDG 10,Reduced Inequalities,0.1294
AI-enabled robotic sorting for circular textile waste management: A scalable solution for India’s recycling sector,"SDG 12, SDG 9, SDG 7, SDG 4, SDG 11",SDG 12,"SDG 12, SDG 9, SDG 11, SDG 16, SDG 8",SDG 12,"SDG 12, SDG 14, SDG 15, SDG 7, SDG 13",SDG 12,"SDG 12, SDG 9, SDG 7, SDG 11, SDG 1",SDG 12,"SDG 12, SDG 9, SDG 7, SDG 4, SDG 11",SDG 12,Responsible Consumption and Production,0.9282
Emerging groundwater contaminants: A comprehensive review on their health hazards and remediation technologies,"SDG 6, SDG 13, SDG 3, SDG 12, SDG 15",SDG 6,"SDG 6, SDG 16, SDG 3, SDG 12, SDG 14",SDG 6,"SDG 6, SDG 14, SDG 13, SDG 2, SDG 15",SDG 6,"SDG 6, SDG 13, SDG 3, SDG 12, SDG 14",SDG 6,"SDG 6, SDG 13, SDG 3, SDG 12, SDG 15",SDG 6,Clean Water and Sanitation,0.9051
Infant Feeding — Knowledge and Attitudes in a Part of South India,"SDG 2, SDG 7, SDG 9, SDG 1, SDG 8",SDG 2,"SDG 2, SDG 1, SDG 16, SDG 8, SDG 3",SDG 2,"SDG 9, SDG 7, SDG 5, SDG 10, SDG 14",SDG 9,"SDG 2, SDG 7, SDG 9, SDG 1, SDG 8",SDG 2,"SDG 2, SDG 7, SDG 9, SDG 1, SDG 8",SDG 2,Zero Hunger,0.2685
Elucidating the Influence of Sodium Fluoride on the Structural and Photoelectrochemical Properties of Antimony Sulfide Thin Films,"SDG 6, SDG 14, SDG 12, SDG 5, SDG 9",SDG 6,"SDG 16, SDG 7, SDG 6, SDG 12, SDG 8",SDG 16,"SDG 6, SDG 7, SDG 13, SDG 9, SDG 14",SDG 6,"SDG 6, SDG 14, SDG 12, SDG 9, SDG 5",SDG 6,"SDG 6, SDG 14, SDG 12, SDG 5, SDG 9",SDG 6,Clean Water and Sanitation,0.5291
Virtual power plants in coastal environments: a comprehensive review of technical challenges and mitigation approaches,"SDG 7, SDG 14, SDG 13, SDG 15, SDG 9",SDG 7,"SDG 7, SDG 14, SDG 16, SDG 6, SDG 10",SDG 7,"SDG 14, SDG 7, SDG 13, SDG 15, SDG 6",SDG 14,"SDG 7, SDG 14, SDG 13, SDG 1, SDG 11",SDG 7,"SDG 7, SDG 14, SDG 13, SDG 15, SDG 9",SDG 7,Affordable and Clean Energy,0.6046
"Evidence-based practice in chronic pain: A multidimensional biopsychosocial paradigm is the ""need of the hour"" in palliative care","SDG 3, SDG 5, SDG 1, SDG 8, SDG 11",SDG 3,"SDG 3, SDG 16, SDG 7, SDG 4, SDG 12",SDG 3,"SDG 3, SDG 5, SDG 16, SDG 8, SDG 10",SDG 3,"SDG 3, SDG 5, SDG 1, SDG 8, SDG 11",SDG 3,"SDG 3, SDG 5, SDG 1, SDG 8, SDG 11",SDG 3,Good Health and Well-Being,0.7754
Treatment coverage and reducing the tuberculosis burden in low-income and middle-income counties,"SDG 3, SDG 10, SDG 1, SDG 9, SDG 6",SDG 3,"SDG 3, SDG 16, SDG 8, SDG 10, SDG 1",SDG 3,"SDG 3, SDG 10, SDG 1, SDG 8, SDG 9",SDG 3,"SDG 3, SDG 10, SDG 1, SDG 9, SDG 6",SDG 3,"SDG 3, SDG 10, SDG 1, SDG 9, SDG 6",SDG 3,Good Health and Well-Being,0.6725
Neonatal BCG vaccination and scar success [1],"SDG 3, SDG 9, SDG 5, SDG 4, SDG 11",SDG 3,"SDG 16, SDG 3, SDG 8, SDG 13, SDG 1",SDG 16,"SDG 8, SDG 3, SDG 7, SDG 12, SDG 9",SDG 8,"SDG 3, SDG 9, SDG 5, SDG 4, SDG 1",SDG 3,"SDG 3, SDG 9, SDG 5, SDG 4, SDG 11",SDG 3,Good Health and Well-Being,0.5718
Differential effect of clofibrate on adriamycin cytotoxicity in P388 murine leukemia cells sensitive and resistant to adriamycin,"SDG 3, SDG 10, SDG 13, SDG 2, SDG 7",SDG 3,"SDG 16, SDG 3, SDG 4, SDG 11, SDG 8",SDG 16,"SDG 9, SDG 5, SDG 8, SDG 3, SDG 6",SDG 9,"SDG 3, SDG 10, SDG 13, SDG 2, SDG 7",SDG 3,"SDG 3, SDG 10, SDG 13, SDG 2, SDG 7",SDG 3,Good Health and Well-Being,0.2275
Tuberculosis: the story after the Primer,"SDG 9, SDG 3, SDG 11, SDG 7, SDG 5",SDG 9,"SDG 16, SDG 3, SDG 8, SDG 6, SDG 9",SDG 16,"SDG 8, SDG 3, SDG 4, SDG 9, SDG 7",SDG 8,"SDG 9, SDG 3, SDG 11, SDG 5, SDG 7",SDG 9,"SDG 9, SDG 3, SDG 11, SDG 7, SDG 5",SDG 9,"Industry, Innovation and Infrastructure",0.5238
Survey on sensing algorithms for solid waste management,"SDG 12, SDG 11, SDG 14, SDG 9, SDG 4",SDG 12,"SDG 12, SDG 16, SDG 11, SDG 15, SDG 3",SDG 12,"SDG 12, SDG 11, SDG 7, SDG 6, SDG 14",SDG 12,"SDG 12, SDG 11, SDG 14, SDG 1, SDG 13",SDG 12,"SDG 12, SDG 11, SDG 14, SDG 9, SDG 4",SDG 12,Responsible Consumption and Production,0.6036
"Destination image, visitor experience, and behavioural intention at heritage centre","SDG 8, SDG 11, SDG 15, SDG 12, SDG 4",SDG 8,"SDG 8, SDG 16, SDG 11, SDG 15, SDG 12",SDG 8,"SDG 11, SDG 8, SDG 15, SDG 13, SDG 10",SDG 11,"SDG 8, SDG 11, SDG 12, SDG 15, SDG 4",SDG 8,"SDG 8, SDG 11, SDG 15, SDG 12, SDG 4",SDG 8,Decent Work and Economic Growth,0.6419
Cognitive abilities among employed and unemployed middle-aged women – A systematic review,"SDG 5, SDG 8, SDG 3, SDG 1, SDG 10",SDG 5,"SDG 5, SDG 10, SDG 1, SDG 4, SDG 8",SDG 5,"SDG 5, SDG 8, SDG 10, SDG 1, SDG 4",SDG 5,"SDG 5, SDG 8, SDG 3, SDG 1, SDG 10",SDG 5,"SDG 5, SDG 8, SDG 3, SDG 1, SDG 10",SDG 5,Gender Equality,0.8049
Stumbling blocks on the path to measles-free Nepal: impact of the COVID-19 pandemic,"SDG 3, SDG 9, SDG 16, SDG 8, SDG 11",SDG 3,"SDG 3, SDG 15, SDG 16, SDG 13, SDG 6",SDG 3,"SDG 3, SDG 16, SDG 5, SDG 8, SDG 14",SDG 3,"SDG 3, SDG 9, SDG 16, SDG 8, SDG 11",SDG 3,"SDG 3, SDG 9, SDG 16, SDG 8, SDG 11",SDG 3,Good Health and Well-Being,0.7939
Knowledge and perception of eco-friendly environment among high school students in Southern India-A quasi experimental study,"SDG 4, SDG 16, SDG 10, SDG 8, SDG 2",SDG 4,"SDG 4, SDG 7, SDG 11, SDG 16, SDG 12",SDG 4,"SDG 4, SDG 16, SDG 7, SDG 10, SDG 3",SDG 4,"SDG 4, SDG 16, SDG 10, SDG 8, SDG 1",SDG 4,"SDG 4, SDG 16, SDG 10, SDG 8, SDG 2",SDG 4,Quality Education,0.8872
Global Virology V: 21st Century Vaccines and Viruses,"SDG 15, SDG 16, SDG 13, SDG 2, SDG 10",SDG 15,"SDG 15, SDG 3, SDG 2, SDG 16, SDG 8",SDG 15,"SDG 15, SDG 13, SDG 11, SDG 7, SDG 12",SDG 15,"SDG 15, SDG 16, SDG 13, SDG 2, SDG 10",SDG 15,"SDG 15, SDG 16, SDG 13, SDG 2, SDG 10",SDG 15,Life on Land,0.5192
Effect of chemical treatment on mechanical properties and water resistance of wheat straw epoxy biocomposites,"SDG 6, SDG 3, SDG 14, SDG 15, SDG 12",SDG 6,"SDG 16, SDG 9, SDG 2, SDG 10, SDG 6",SDG 16,"SDG 6, SDG 3, SDG 14, SDG 16, SDG 13",SDG 6,"SDG 6, SDG 12, SDG 14, SDG 3, SDG 2",SDG 6,"SDG 6, SDG 3, SDG 14, SDG 15, SDG 12",SDG 6,Clean Water and Sanitation,0.9112
Daylight analysis and enhancing strategies for a low rise office building in composite climate of India,"SDG 7, SDG 9, SDG 13, SDG 15, SDG 12",SDG 7,"SDG 7, SDG 16, SDG 11, SDG 1, SDG 15",SDG 7,"SDG 7, SDG 13, SDG 12, SDG 9, SDG 15",SDG 7,"SDG 7, SDG 9, SDG 13, SDG 12, SDG 11",SDG 7,"SDG 7, SDG 9, SDG 13, SDG 15, SDG 12",SDG 7,Affordable and Clean Energy,0.5555
"The Limits of Sexuality Education: Love, Sex, and Adolescent Masculinities in Urban India","SDG 4, SDG 5, SDG 16, SDG 8, SDG 6",SDG 4,"SDG 16, SDG 5, SDG 7, SDG 9, SDG 8",SDG 16,"SDG 4, SDG 5, SDG 16, SDG 8, SDG 1",SDG 4,"SDG 4, SDG 5, SDG 16, SDG 8, SDG 1",SDG 4,"SDG 4, SDG 5, SDG 16, SDG 8, SDG 6",SDG 4,Quality Education,0.528
Current State and Future Perspectives of Starch Derivatives and Their Blends as Antimicrobial Materials,"SDG 16, SDG 3, SDG 12, SDG 14, SDG 9",SDG 16,"SDG 16, SDG 3, SDG 10, SDG 4, SDG 8",SDG 16,"SDG 16, SDG 3, SDG 15, SDG 1, SDG 11",SDG 16,"SDG 16, SDG 3, SDG 12, SDG 9, SDG 14",SDG 16,"SDG 16, SDG 3, SDG 12, SDG 14, SDG 9",SDG 16,"Peace, Justice and Strong Institutions",0.5927
Role of nutrients in combating infection,"SDG 2, SDG 3, SDG 9, SDG 8, SDG 6",SDG 2,"SDG 2, SDG 16, SDG 3, SDG 6, SDG 10",SDG 2,"SDG 3, SDG 2, SDG 14, SDG 13, SDG 15",SDG 3,"SDG 2, SDG 3, SDG 9, SDG 8, SDG 10",SDG 2,"SDG 2, SDG 3, SDG 9, SDG 8, SDG 6",SDG 2,Zero Hunger,0.4574
Demystifying Foreign Direct Investment dynamics in emerging economies: An ISM–MICMAC analysis,"SDG 16, SDG 10, SDG 7, SDG 9, SDG 11",SDG 16,"SDG 9, SDG 10, SDG 8, SDG 16, SDG 15",SDG 9,"SDG 16, SDG 10, SDG 3, SDG 5, SDG 7",SDG 16,"SDG 16, SDG 10, SDG 7, SDG 9, SDG 11",SDG 16,"SDG 16, SDG 10, SDG 7, SDG 9, SDG 11",SDG 16,"Peace, Justice and Strong Institutions",0.5656
Creating a Dual Degree: Nursing Education Goes Global,"SDG 16, SDG 4, SDG 3, SDG 8, SDG 12",SDG 16,"SDG 4, SDG 16, SDG 1, SDG 3, SDG 7",SDG 4,"SDG 13, SDG 16, SDG 5, SDG 14, SDG 8",SDG 13,"SDG 16, SDG 4, SDG 3, SDG 8, SDG 12",SDG 16,"SDG 16, SDG 4, SDG 3, SDG 8, SDG 12",SDG 16,"Peace, Justice and Strong Institutions",0.3531
Reusing Waste to Save Our Water: Regenerable Bioadsorbents for Effective Oil Sequestration,"SDG 6, SDG 12, SDG 14, SDG 7, SDG 13",SDG 6,"SDG 14, SDG 12, SDG 6, SDG 16, SDG 13",SDG 14,"SDG 14, SDG 12, SDG 6, SDG 7, SDG 15",SDG 14,"SDG 6, SDG 12, SDG 14, SDG 7, SDG 13",SDG 6,"SDG 6, SDG 12, SDG 14, SDG 7, SDG 13",SDG 6,Clean Water and Sanitation,0.4501
Economic policy uncertainty: Global energy security with diversification,"SDG 7, SDG 16, SDG 10, SDG 9, SDG 2",SDG 7,"SDG 7, SDG 16, SDG 13, SDG 10, SDG 2",SDG 7,"SDG 7, SDG 9, SDG 13, SDG 10, SDG 15",SDG 7,"SDG 7, SDG 16, SDG 10, SDG 1, SDG 8",SDG 7,"SDG 7, SDG 16, SDG 10, SDG 9, SDG 2",SDG 7,Affordable and Clean Energy,0.779
Correlation between malnutrition and dental caries in children,"SDG 3, SDG 2, SDG 1, SDG 4, SDG 16",SDG 3,"SDG 2, SDG 3, SDG 1, SDG 16, SDG 10",SDG 2,"SDG 3, SDG 2, SDG 16, SDG 6, SDG 15",SDG 3,"SDG 3, SDG 2, SDG 1, SDG 4, SDG 16",SDG 3,"SDG 3, SDG 2, SDG 1, SDG 4, SDG 16",SDG 3,Good Health and Well-Being,0.7242
"Employee relations in micro, small and medium enterprises in india","SDG 16, SDG 10, SDG 9, SDG 8, SDG 1",SDG 16,"SDG 8, SDG 16, SDG 10, SDG 1, SDG 15",SDG 8,"SDG 16, SDG 10, SDG 5, SDG 7, SDG 9",SDG 16,"SDG 16, SDG 10, SDG 9, SDG 8, SDG 1",SDG 16,"SDG 16, SDG 10, SDG 9, SDG 8, SDG 1",SDG 16,"Peace, Justice and Strong Institutions",0.749
Climate Change and Health: Geopolitical Perspectives,"SDG 16, SDG 13, SDG 14, SDG 2, SDG 7",SDG 16,"SDG 16, SDG 13, SDG 7, SDG 6, SDG 1",SDG 16,"SDG 16, SDG 13, SDG 3, SDG 14, SDG 6",SDG 16,"SDG 16, SDG 13, SDG 1, SDG 10, SDG 5",SDG 16,"SDG 16, SDG 13, SDG 14, SDG 2, SDG 7",SDG 16,"Peace, Justice and Strong Institutions",0.8592
Understanding the global hunger index and its correlates across districts of india: a spatial analysis,"SDG 1, SDG 3, SDG 2, SDG 11, SDG 4",SDG 1,"SDG 2, SDG 1, SDG 16, SDG 3, SDG 11",SDG 2,"SDG 2, SDG 1, SDG 3, SDG 10, SDG 16",SDG 2,"SDG 1, SDG 3, SDG 2, SDG 8, SDG 11",SDG 1,"SDG 1, SDG 3, SDG 2, SDG 11, SDG 4",SDG 1,No Poverty,0.8086
Assessing the Wall Material for Energy Efficiency and Cost Efficiency in Warm and Humid Climate: A Case Study,"SDG 7, SDG 12, SDG 13, SDG 11, SDG 6",SDG 7,"SDG 12, SDG 7, SDG 16, SDG 13, SDG 11",SDG 12,"SDG 7, SDG 12, SDG 13, SDG 15, SDG 6",SDG 7,"SDG 7, SDG 12, SDG 13, SDG 11, SDG 6",SDG 7,"SDG 7, SDG 12, SDG 13, SDG 11, SDG 6",SDG 7,Affordable and Clean Energy,0.8103
3D CNNs for Hyperspectral-Based Water Potability Detection,"SDG 6, SDG 3, SDG 16, SDG 9, SDG 4",SDG 6,"SDG 6, SDG 16, SDG 8, SDG 2, SDG 9",SDG 6,"SDG 6, SDG 3, SDG 14, SDG 13, SDG 7",SDG 6,"SDG 6, SDG 3, SDG 16, SDG 1, SDG 7",SDG 6,"SDG 6, SDG 3, SDG 16, SDG 9, SDG 4",SDG 6,Clean Water and Sanitation,0.917
'Rib betrays heart'-A case report,"SDG 11, SDG 4, SDG 15, SDG 8, SDG 9",SDG 11,"SDG 16, SDG 3, SDG 14, SDG 8, SDG 5",SDG 16,"SDG 11, SDG 9, SDG 12, SDG 7, SDG 4",SDG 11,"SDG 11, SDG 4, SDG 8, SDG 15, SDG 9",SDG 11,"SDG 11, SDG 4, SDG 15, SDG 8, SDG 9",SDG 11,Sustainable Cities and Communities,0.3677
PARALYTIC DISLOCATION OF THE HIP POLIOMYELITIS,"SDG 3, SDG 8, SDG 10, SDG 11, SDG 4",SDG 3,"SDG 16, SDG 1, SDG 3, SDG 8, SDG 11",SDG 16,"SDG 6, SDG 14, SDG 3, SDG 1, SDG 10",SDG 6,"SDG 3, SDG 10, SDG 8, SDG 5, SDG 11",SDG 3,"SDG 3, SDG 8, SDG 10, SDG 11, SDG 4",SDG 3,Good Health and Well-Being,0.1446
Climate change and impact on water resources: A perspective to review the environment: Applicable to udyavara river basin westcoast of India,"SDG 6, SDG 13, SDG 7, SDG 15, SDG 12",SDG 6,"SDG 6, SDG 13, SDG 1, SDG 15, SDG 10",SDG 6,"SDG 6, SDG 13, SDG 7, SDG 15, SDG 14",SDG 6,"SDG 6, SDG 13, SDG 7, SDG 1, SDG 12",SDG 6,"SDG 6, SDG 13, SDG 7, SDG 15, SDG 12",SDG 6,Clean Water and Sanitation,0.8777
Current State of Microplastics Research in SAARC Countries—A Review,"SDG 14, SDG 6, SDG 16, SDG 12, SDG 1",SDG 14,"SDG 16, SDG 14, SDG 12, SDG 9, SDG 11",SDG 16,"SDG 14, SDG 13, SDG 6, SDG 12, SDG 15",SDG 14,"SDG 14, SDG 6, SDG 16, SDG 12, SDG 1",SDG 14,"SDG 14, SDG 6, SDG 16, SDG 12, SDG 1",SDG 14,Life Below Water,0.3817
"Common Mental Disorders and Their Correlates: A Community-based Survey Among Women in Southern Karnataka, India","SDG 3, SDG 5, SDG 1, SDG 15, SDG 14",SDG 3,"SDG 3, SDG 5, SDG 1, SDG 7, SDG 6",SDG 3,"SDG 5, SDG 3, SDG 1, SDG 10, SDG 8",SDG 5,"SDG 3, SDG 5, SDG 1, SDG 10, SDG 16",SDG 3,"SDG 3, SDG 5, SDG 1, SDG 15, SDG 14",SDG 3,Good Health and Well-Being,0.4977
Acute radiation toxicity in head and neck and lung malignancies,"SDG 3, SDG 15, SDG 5, SDG 9, SDG 7",SDG 3,"SDG 3, SDG 7, SDG 16, SDG 8, SDG 6",SDG 3,"SDG 3, SDG 16, SDG 5, SDG 11, SDG 6",SDG 3,"SDG 3, SDG 15, SDG 5, SDG 9, SDG 7",SDG 3,"SDG 3, SDG 15, SDG 5, SDG 9, SDG 7",SDG 3,Good Health and Well-Being,0.1722
Sensitization of P388 murine leukemia cells to hydroxyurea cytotoxicity by hydrophobic iron-chelating agents,"SDG 8, SDG 4, SDG 7, SDG 5, SDG 3",SDG 8,"SDG 16, SDG 12, SDG 6, SDG 4, SDG 10",SDG 16,"SDG 9, SDG 12, SDG 2, SDG 4, SDG 14",SDG 9,"SDG 8, SDG 4, SDG 7, SDG 3, SDG 5",SDG 8,"SDG 8, SDG 4, SDG 7, SDG 5, SDG 3",SDG 8,Decent Work and Economic Growth,0.1629
Public health genetics - Potential for public health?,"SDG 16, SDG 3, SDG 2, SDG 6, SDG 7",SDG 16,"SDG 3, SDG 16, SDG 2, SDG 7, SDG 8",SDG 3,"SDG 3, SDG 16, SDG 10, SDG 5, SDG 1",SDG 3,"SDG 16, SDG 3, SDG 1, SDG 5, SDG 11",SDG 16,"SDG 16, SDG 3, SDG 2, SDG 6, SDG 7",SDG 16,"Peace, Justice and Strong Institutions",0.5104
Issues related to sanitation failure in India and future perspective,"SDG 6, SDG 7, SDG 16, SDG 8, SDG 5",SDG 6,"SDG 6, SDG 1, SDG 16, SDG 2, SDG 11",SDG 6,"SDG 7, SDG 9, SDG 16, SDG 13, SDG 6",SDG 7,"SDG 6, SDG 16, SDG 7, SDG 8, SDG 5",SDG 6,"SDG 6, SDG 7, SDG 16, SDG 8, SDG 5",SDG 6,Clean Water and Sanitation,0.3525
Detection of Pathological Conditions in Nail Samples Using Laser-Induced Breakdown Spectroscopy,"SDG 5, SDG 6, SDG 9, SDG 3, SDG 10",SDG 5,"SDG 16, SDG 12, SDG 7, SDG 8, SDG 3",SDG 16,"SDG 16, SDG 5, SDG 9, SDG 7, SDG 3",SDG 16,"SDG 5, SDG 6, SDG 9, SDG 3, SDG 10",SDG 5,"SDG 5, SDG 6, SDG 9, SDG 3, SDG 10",SDG 5,Gender Equality,0.2145
"The problem of child sexual abuse in India laws, legal lacuna and the bill - PCSOB-2011","SDG 16, SDG 3, SDG 1, SDG 7, SDG 5",SDG 16,"SDG 5, SDG 16, SDG 2, SDG 3, SDG 1",SDG 5,"SDG 5, SDG 16, SDG 10, SDG 1, SDG 3",SDG 5,"SDG 16, SDG 3, SDG 1, SDG 7, SDG 5",SDG 16,"SDG 16, SDG 3, SDG 1, SDG 7, SDG 5",SDG 16,"Peace, Justice and Strong Institutions",0.4767
"Heavy metal contamination and its impact on the food chain: exposure, bioaccumulation, and risk assessment","SDG 2, SDG 3, SDG 12, SDG 1, SDG 13",SDG 2,"SDG 2, SDG 12, SDG 16, SDG 14, SDG 6",SDG 2,"SDG 2, SDG 16, SDG 6, SDG 3, SDG 14",SDG 2,"SDG 2, SDG 3, SDG 12, SDG 1, SDG 13",SDG 2,"SDG 2, SDG 3, SDG 12, SDG 1, SDG 13",SDG 2,Zero Hunger,0.758
Public Health-Aspekte des Genetischen Screenings,"SDG 3, SDG 16, SDG 7, SDG 2, SDG 6",SDG 3,"SDG 3, SDG 15, SDG 1, SDG 16, SDG 2",SDG 3,"SDG 3, SDG 16, SDG 12, SDG 10, SDG 2",SDG 3,"SDG 3, SDG 16, SDG 4, SDG 5, SDG 11",SDG 3,"SDG 3, SDG 16, SDG 7, SDG 2, SDG 6",SDG 3,Good Health and Well-Being,0.5641
"Meningococcal vaccine: Which, when and for whom?","SDG 3, SDG 16, SDG 1, SDG 7, SDG 9",SDG 3,"SDG 16, SDG 8, SDG 3, SDG 14, SDG 5",SDG 16,"SDG 7, SDG 9, SDG 13, SDG 5, SDG 15",SDG 7,"SDG 3, SDG 16, SDG 1, SDG 7, SDG 5",SDG 3,"SDG 3, SDG 16, SDG 1, SDG 7, SDG 9",SDG 3,Good Health and Well-Being,0.2534
Among older adults: A growing problem: Maintaining vigilance is the key to effective recognition and treatment,"SDG 3, SDG 4, SDG 11, SDG 1, SDG 6",SDG 3,"SDG 3, SDG 11, SDG 4, SDG 16, SDG 8",SDG 3,"SDG 3, SDG 4, SDG 11, SDG 6, SDG 1",SDG 3,"SDG 3, SDG 4, SDG 11, SDG 1, SDG 6",SDG 3,"SDG 3, SDG 4, SDG 11, SDG 1, SDG 6",SDG 3,Good Health and Well-Being,0.4387
Association of arbuscular mycorrizhal fungi with Launaea sarmentosa on marine sand dunes of West Coast of India,"SDG 14, SDG 13, SDG 8, SDG 15, SDG 10",SDG 14,"SDG 16, SDG 15, SDG 14, SDG 9, SDG 12",SDG 16,"SDG 14, SDG 15, SDG 12, SDG 7, SDG 13",SDG 14,"SDG 14, SDG 13, SDG 15, SDG 8, SDG 10",SDG 14,"SDG 14, SDG 13, SDG 8, SDG 15, SDG 10",SDG 14,Life Below Water,0.5717
Torture and role of medical practitioners,"SDG 3, SDG 16, SDG 10, SDG 11, SDG 9",SDG 3,"SDG 3, SDG 16, SDG 8, SDG 12, SDG 1",SDG 3,"SDG 3, SDG 16, SDG 10, SDG 1, SDG 5",SDG 3,"SDG 3, SDG 16, SDG 1, SDG 10, SDG 5",SDG 3,"SDG 3, SDG 16, SDG 10, SDG 11, SDG 9",SDG 3,Good Health and Well-Being,0.5199
Risk of complications in HIV-TB co-infection: A hospital-based pair-matched case-control study,"SDG 3, SDG 5, SDG 7, SDG 9, SDG 2",SDG 3,"SDG 3, SDG 16, SDG 10, SDG 7, SDG 5",SDG 3,"SDG 3, SDG 1, SDG 5, SDG 16, SDG 11",SDG 3,"SDG 3, SDG 5, SDG 7, SDG 1, SDG 13",SDG 3,"SDG 3, SDG 5, SDG 7, SDG 9, SDG 2",SDG 3,Good Health and Well-Being,0.9206
Sensitization of chronic myeloid leukemia cells to adriamycin cytotoxicity by clofibrate,"SDG 3, SDG 8, SDG 7, SDG 4, SDG 1",SDG 3,"SDG 16, SDG 3, SDG 4, SDG 11, SDG 8",SDG 16,"SDG 3, SDG 9, SDG 4, SDG 12, SDG 15",SDG 3,"SDG 3, SDG 8, SDG 7, SDG 4, SDG 1",SDG 3,"SDG 3, SDG 8, SDG 7, SDG 4, SDG 1",SDG 3,Good Health and Well-Being,0.6099
Inhibition of macromolecular synthesis in P388 mouse leukemia ascites cells by bouvardin (NSC 259968),"SDG 7, SDG 6, SDG 8, SDG 3, SDG 4",SDG 7,"SDG 8, SDG 16, SDG 4, SDG 3, SDG 12",SDG 8,"SDG 12, SDG 15, SDG 4, SDG 3, SDG 9",SDG 12,"SDG 7, SDG 6, SDG 3, SDG 8, SDG 4",SDG 7,"SDG 7, SDG 6, SDG 8, SDG 3, SDG 4",SDG 7,Affordable and Clean Energy,0.2103
Ink formulations using Eu3+doped strontium aluminates for security printing,"SDG 9, SDG 10, SDG 16, SDG 15, SDG 13",SDG 9,"SDG 16, SDG 7, SDG 12, SDG 8, SDG 11",SDG 16,"SDG 2, SDG 16, SDG 10, SDG 14, SDG 1",SDG 2,"SDG 9, SDG 10, SDG 16, SDG 13, SDG 15",SDG 9,"SDG 9, SDG 10, SDG 16, SDG 15, SDG 13",SDG 9,"Industry, Innovation and Infrastructure",0.4733
Transformative Role of Artificial Intelligence in Advancing Sustainable Tomato (Solanum lycopersicum) Disease Management for Global Food Security: A Comprehensive Review,"SDG 2, SDG 14, SDG 12, SDG 3, SDG 6",SDG 2,"SDG 2, SDG 16, SDG 9, SDG 8, SDG 3",SDG 2,"SDG 2, SDG 13, SDG 15, SDG 6, SDG 12",SDG 2,"SDG 2, SDG 14, SDG 12, SDG 1, SDG 8",SDG 2,"SDG 2, SDG 14, SDG 12, SDG 3, SDG 6",SDG 2,Zero Hunger,0.9382
Strategy for promoting utilization of non-biodegradable wastes in affordable housing in India,"SDG 12, SDG 11, SDG 6, SDG 1, SDG 14",SDG 12,"SDG 12, SDG 11, SDG 6, SDG 1, SDG 16",SDG 12,"SDG 11, SDG 12, SDG 13, SDG 15, SDG 7",SDG 11,"SDG 12, SDG 11, SDG 6, SDG 1, SDG 8",SDG 12,"SDG 12, SDG 11, SDG 6, SDG 1, SDG 14",SDG 12,Responsible Consumption and Production,0.5995
Impact of COVID-19 measures on the health and healthcare of children in East-Africa: Scoping review,"SDG 16, SDG 3, SDG 12, SDG 5, SDG 9",SDG 16,"SDG 3, SDG 16, SDG 5, SDG 13, SDG 2",SDG 3,"SDG 16, SDG 14, SDG 5, SDG 12, SDG 13",SDG 16,"SDG 16, SDG 3, SDG 12, SDG 5, SDG 8",SDG 16,"SDG 16, SDG 3, SDG 12, SDG 5, SDG 9",SDG 16,"Peace, Justice and Strong Institutions",0.5947
Inverse association between body mass index and suicide?,"SDG 3, SDG 9, SDG 2, SDG 10, SDG 1",SDG 3,"SDG 3, SDG 8, SDG 1, SDG 5, SDG 13",SDG 3,"SDG 3, SDG 16, SDG 1, SDG 2, SDG 10",SDG 3,"SDG 3, SDG 9, SDG 2, SDG 1, SDG 10",SDG 3,"SDG 3, SDG 9, SDG 2, SDG 10, SDG 1",SDG 3,Good Health and Well-Being,0.7611
Non-involvement of parathyroid glands in adaptation to low-calcium diet in diabetic rats,"SDG 13, SDG 2, SDG 3, SDG 1, SDG 10",SDG 13,"SDG 3, SDG 2, SDG 16, SDG 1, SDG 10",SDG 3,"SDG 13, SDG 2, SDG 15, SDG 6, SDG 3",SDG 13,"SDG 13, SDG 2, SDG 3, SDG 1, SDG 10",SDG 13,"SDG 13, SDG 2, SDG 3, SDG 1, SDG 10",SDG 13,Climate Action,0.8591
Public Health in Europa: Public Health in Großbritannien: Teil 1: Geschichtliche Entwicklung,"SDG 16, SDG 3, SDG 6, SDG 2, SDG 1",SDG 16,"SDG 3, SDG 16, SDG 1, SDG 6, SDG 4",SDG 3,"SDG 3, SDG 16, SDG 10, SDG 5, SDG 6",SDG 3,"SDG 3, SDG 16, SDG 11, SDG 5, SDG 1",SDG 3,"SDG 16, SDG 3, SDG 6, SDG 2, SDG 1",SDG 16,"Peace, Justice and Strong Institutions",0.4982
Multiple cancers,"SDG 3, SDG 7, SDG 4, SDG 8, SDG 9",SDG 3,"SDG 3, SDG 16, SDG 9, SDG 6, SDG 11",SDG 3,"SDG 3, SDG 16, SDG 6, SDG 4, SDG 11",SDG 3,"SDG 3, SDG 7, SDG 4, SDG 8, SDG 10",SDG 3,"SDG 3, SDG 7, SDG 4, SDG 8, SDG 9",SDG 3,Good Health and Well-Being,0.5999
Tobacco Use in Rural Indian Children,"SDG 1, SDG 2, SDG 3, SDG 7, SDG 4",SDG 1,"SDG 3, SDG 7, SDG 1, SDG 16, SDG 8",SDG 3,"SDG 1, SDG 4, SDG 2, SDG 5, SDG 10",SDG 1,"SDG 1, SDG 2, SDG 3, SDG 7, SDG 4",SDG 1,"SDG 1, SDG 2, SDG 3, SDG 7, SDG 4",SDG 1,No Poverty,0.313
A concept of solid waste management behaviour in india – a solution towards environmental sustainability,"SDG 12, SDG 11, SDG 14, SDG 16, SDG 8",SDG 12,"SDG 12, SDG 16, SDG 6, SDG 11, SDG 15",SDG 12,"SDG 12, SDG 7, SDG 14, SDG 15, SDG 11",SDG 12,"SDG 12, SDG 11, SDG 16, SDG 14, SDG 1",SDG 12,"SDG 12, SDG 11, SDG 14, SDG 16, SDG 8",SDG 12,Responsible Consumption and Production,0.9113
DBR-LS: Distance based routing protocol using location service for VANETs,"SDG 9, SDG 11, SDG 7, SDG 15, SDG 12",SDG 9,"SDG 11, SDG 9, SDG 16, SDG 8, SDG 2",SDG 11,"SDG 11, SDG 9, SDG 13, SDG 7, SDG 12",SDG 11,"SDG 9, SDG 11, SDG 7, SDG 17, SDG 1",SDG 9,"SDG 9, SDG 11, SDG 7, SDG 15, SDG 12",SDG 9,"Industry, Innovation and Infrastructure",0.4899
Pharmacology for Medical Graduates,"SDG 3, SDG 4, SDG 16, SDG 10, SDG 12",SDG 3,"SDG 3, SDG 4, SDG 16, SDG 8, SDG 7",SDG 3,"SDG 3, SDG 16, SDG 4, SDG 5, SDG 6",SDG 3,"SDG 3, SDG 4, SDG 16, SDG 10, SDG 12",SDG 3,"SDG 3, SDG 4, SDG 16, SDG 10, SDG 12",SDG 3,Good Health and Well-Being,0.66
Community informed consent for HIV testing,"SDG 3, SDG 7, SDG 5, SDG 4, SDG 15",SDG 3,"SDG 3, SDG 16, SDG 5, SDG 7, SDG 10",SDG 3,"SDG 3, SDG 5, SDG 4, SDG 8, SDG 10",SDG 3,"SDG 3, SDG 7, SDG 5, SDG 4, SDG 1",SDG 3,"SDG 3, SDG 7, SDG 5, SDG 4, SDG 15",SDG 3,Good Health and Well-Being,0.5717
A multidimensional analysis of food security for sustainable development Evidence from India,"SDG 2, SDG 16, SDG 14, SDG 3, SDG 13",SDG 2,"SDG 2, SDG 16, SDG 1, SDG 7, SDG 8",SDG 2,"SDG 2, SDG 14, SDG 16, SDG 9, SDG 6",SDG 2,"SDG 2, SDG 16, SDG 1, SDG 13, SDG 9",SDG 2,"SDG 2, SDG 16, SDG 14, SDG 3, SDG 13",SDG 2,Zero Hunger,0.9326
Trends and patterns in Indian sustainable tourism development literature: a bibliometric analysis and visualisation,"SDG 12, SDG 16, SDG 8, SDG 13, SDG 10",SDG 12,"SDG 15, SDG 16, SDG 12, SDG 8, SDG 13",SDG 15,"SDG 8, SDG 10, SDG 16, SDG 12, SDG 1",SDG 8,"SDG 12, SDG 16, SDG 8, SDG 13, SDG 10",SDG 12,"SDG 12, SDG 16, SDG 8, SDG 13, SDG 10",SDG 12,Responsible Consumption and Production,0.5163
Examining the Role of Health Concerns and Willingness to Pay Premium in Driving Purchase Intentions of Organic Food Among Millennials in India: A Structural Model Approach,"SDG 2, SDG 3, SDG 16, SDG 12, SDG 6",SDG 2,"SDG 2, SDG 3, SDG 12, SDG 9, SDG 11",SDG 2,"SDG 2, SDG 14, SDG 16, SDG 12, SDG 6",SDG 2,"SDG 2, SDG 3, SDG 16, SDG 12, SDG 1",SDG 2,"SDG 2, SDG 3, SDG 16, SDG 12, SDG 6",SDG 2,Zero Hunger,0.8349
"Introduction: State of the art, new challenges, and opportunities of sensory devices for toxic chemical warfare agents, nerve agent simulants, etc.","SDG 12, SDG 4, SDG 11, SDG 7, SDG 9",SDG 12,"SDG 16, SDG 12, SDG 11, SDG 7, SDG 3",SDG 16,"SDG 12, SDG 14, SDG 3, SDG 9, SDG 8",SDG 12,"SDG 12, SDG 4, SDG 11, SDG 7, SDG 9",SDG 12,"SDG 12, SDG 4, SDG 11, SDG 7, SDG 9",SDG 12,Responsible Consumption and Production,0.1998
A case of genital self-mutilation in an elderly man [5],"SDG 1, SDG 11, SDG 10, SDG 8, SDG 5",SDG 1,"SDG 16, SDG 5, SDG 3, SDG 9, SDG 11",SDG 16,"SDG 11, SDG 13, SDG 6, SDG 7, SDG 9",SDG 11,"SDG 1, SDG 11, SDG 10, SDG 8, SDG 5",SDG 1,"SDG 1, SDG 11, SDG 10, SDG 8, SDG 5",SDG 1,No Poverty,0.2761
"Status, trends and significance of parabolic trough technology in the changing heat transportation scenario","SDG 9, SDG 11, SDG 13, SDG 7, SDG 15",SDG 9,"SDG 7, SDG 16, SDG 4, SDG 10, SDG 6",SDG 7,"SDG 7, SDG 11, SDG 13, SDG 9, SDG 15",SDG 7,"SDG 9, SDG 11, SDG 13, SDG 7, SDG 1",SDG 9,"SDG 9, SDG 11, SDG 13, SDG 7, SDG 15",SDG 9,"Industry, Innovation and Infrastructure",0.4034
In vitro antioxidant and anticancer activity of Blumea lacera leaf extract,"SDG 3, SDG 7, SDG 15, SDG 8, SDG 1",SDG 3,"SDG 16, SDG 15, SDG 12, SDG 3, SDG 10",SDG 16,"SDG 3, SDG 16, SDG 11, SDG 7, SDG 8",SDG 3,"SDG 3, SDG 7, SDG 15, SDG 1, SDG 16",SDG 3,"SDG 3, SDG 7, SDG 15, SDG 8, SDG 1",SDG 3,Good Health and Well-Being,0.4344
"Vibrio furnissii, an emerging pathogen causing acute gastroenteritis: a Case Report","SDG 14, SDG 3, SDG 5, SDG 6, SDG 15",SDG 14,"SDG 16, SDG 3, SDG 14, SDG 7, SDG 11",SDG 16,"SDG 3, SDG 14, SDG 5, SDG 15, SDG 16",SDG 3,"SDG 14, SDG 3, SDG 5, SDG 6, SDG 1",SDG 14,"SDG 14, SDG 3, SDG 5, SDG 6, SDG 15",SDG 14,Life Below Water,0.688
Epidemiology of pedestrian fatalities in manipal: A retrospective study,"SDG 11, SDG 3, SDG 2, SDG 12, SDG 8",SDG 11,"SDG 11, SDG 3, SDG 9, SDG 1, SDG 5",SDG 11,"SDG 11, SDG 3, SDG 6, SDG 12, SDG 2",SDG 11,"SDG 11, SDG 3, SDG 2, SDG 8, SDG 1",SDG 11,"SDG 11, SDG 3, SDG 2, SDG 12, SDG 8",SDG 11,Sustainable Cities and Communities,0.9015
Performance evaluation and TiGRA-based multi-response optimization of sustainable fly ash-slag-based one-part alkali-activated concrete mix design,"SDG 6, SDG 11, SDG 7, SDG 12, SDG 9",SDG 6,"SDG 7, SDG 11, SDG 16, SDG 4, SDG 13",SDG 7,"SDG 6, SDG 7, SDG 12, SDG 14, SDG 13",SDG 6,"SDG 6, SDG 11, SDG 7, SDG 12, SDG 9",SDG 6,"SDG 6, SDG 11, SDG 7, SDG 12, SDG 9",SDG 6,Clean Water and Sanitation,0.4084
Comparative life cycle analysis of hydrogen fuel cell electric vehicles and battery electric vehicles: An Indian perspective,"SDG 7, SDG 13, SDG 12, SDG 11, SDG 10",SDG 7,"SDG 7, SDG 13, SDG 16, SDG 15, SDG 11",SDG 7,"SDG 7, SDG 13, SDG 12, SDG 11, SDG 15",SDG 7,"SDG 7, SDG 13, SDG 12, SDG 1, SDG 11",SDG 7,"SDG 7, SDG 13, SDG 12, SDG 11, SDG 10",SDG 7,Affordable and Clean Energy,0.6037
Chemotherapy-induced or chemotherapy-associated? Does physical therapy play a role in prevention and/or management of peripheral neurotoxicity and neuropathy?,"SDG 3, SDG 6, SDG 10, SDG 7, SDG 8",SDG 3,"SDG 3, SDG 16, SDG 11, SDG 9, SDG 7",SDG 3,"SDG 14, SDG 3, SDG 6, SDG 12, SDG 15",SDG 14,"SDG 3, SDG 6, SDG 10, SDG 8, SDG 7",SDG 3,"SDG 3, SDG 6, SDG 10, SDG 7, SDG 8",SDG 3,Good Health and Well-Being,0.7479
Preoperative palliative care: A conceptual framework,"SDG 3, SDG 5, SDG 1, SDG 8, SDG 10",SDG 3,"SDG 3, SDG 16, SDG 8, SDG 11, SDG 9",SDG 3,"SDG 3, SDG 8, SDG 5, SDG 1, SDG 10",SDG 3,"SDG 3, SDG 5, SDG 1, SDG 8, SDG 10",SDG 3,"SDG 3, SDG 5, SDG 1, SDG 8, SDG 10",SDG 3,Good Health and Well-Being,0.6585
Diabetes mellitus: An emerging risk factor for oral cancer?,"SDG 3, SDG 7, SDG 13, SDG 11, SDG 10",SDG 3,"SDG 3, SDG 16, SDG 10, SDG 2, SDG 7",SDG 3,"SDG 3, SDG 6, SDG 7, SDG 11, SDG 15",SDG 3,"SDG 3, SDG 7, SDG 13, SDG 10, SDG 11",SDG 3,"SDG 3, SDG 7, SDG 13, SDG 11, SDG 10",SDG 3,Good Health and Well-Being,0.8531
Commentary on 'high-risk behavior in patients with alcohol dependence',"SDG 3, SDG 16, SDG 1, SDG 7, SDG 13",SDG 3,"SDG 3, SDG 16, SDG 6, SDG 7, SDG 11",SDG 3,"SDG 3, SDG 16, SDG 1, SDG 2, SDG 13",SDG 3,"SDG 3, SDG 16, SDG 1, SDG 13, SDG 7",SDG 3,"SDG 3, SDG 16, SDG 1, SDG 7, SDG 13",SDG 3,Good Health and Well-Being,0.8547
Addressing a long-felt need: Introducing palliative care for MBBS Students in the new competency-Based Medical Education Curriculum,"SDG 4, SDG 3, SDG 1, SDG 5, SDG 12",SDG 4,"SDG 4, SDG 3, SDG 16, SDG 5, SDG 8",SDG 4,"SDG 4, SDG 3, SDG 8, SDG 5, SDG 10",SDG 4,"SDG 4, SDG 3, SDG 5, SDG 1, SDG 10",SDG 4,"SDG 4, SDG 3, SDG 1, SDG 5, SDG 12",SDG 4,Quality Education,0.7906
Jet lag and enhanced susceptibility to malaria [1],"SDG 9, SDG 3, SDG 13, SDG 5, SDG 10",SDG 9,"SDG 3, SDG 16, SDG 13, SDG 8, SDG 11",SDG 3,"SDG 3, SDG 7, SDG 10, SDG 1, SDG 13",SDG 3,"SDG 9, SDG 3, SDG 13, SDG 5, SDG 10",SDG 9,"SDG 9, SDG 3, SDG 13, SDG 5, SDG 10",SDG 9,"Industry, Innovation and Infrastructure",0.1908
Dermatological window to a disseminated disease,"SDG 3, SDG 7, SDG 4, SDG 9, SDG 2",SDG 3,"SDG 3, SDG 16, SDG 8, SDG 10, SDG 12",SDG 3,"SDG 3, SDG 7, SDG 13, SDG 12, SDG 14",SDG 3,"SDG 3, SDG 7, SDG 4, SDG 2, SDG 1",SDG 3,"SDG 3, SDG 7, SDG 4, SDG 9, SDG 2",SDG 3,Good Health and Well-Being,0.816
Public health genetics - Experiences and challenges,"SDG 16, SDG 3, SDG 11, SDG 2, SDG 6",SDG 16,"SDG 16, SDG 3, SDG 2, SDG 7, SDG 8",SDG 16,"SDG 3, SDG 16, SDG 5, SDG 11, SDG 10",SDG 3,"SDG 16, SDG 3, SDG 11, SDG 1, SDG 5",SDG 16,"SDG 16, SDG 3, SDG 11, SDG 2, SDG 6",SDG 16,"Peace, Justice and Strong Institutions",0.5476
COVID-19: Mjolnir's Blow to Terminal Palliative Care Patients,"SDG 3, SDG 5, SDG 10, SDG 7, SDG 9",SDG 3,"SDG 3, SDG 11, SDG 8, SDG 5, SDG 7",SDG 3,"SDG 3, SDG 16, SDG 10, SDG 5, SDG 1",SDG 3,"SDG 3, SDG 5, SDG 10, SDG 7, SDG 1",SDG 3,"SDG 3, SDG 5, SDG 10, SDG 7, SDG 9",SDG 3,Good Health and Well-Being,0.9191
How prevalent are depression and anxiety symptoms in hypothyroidism?,"SDG 3, SDG 5, SDG 15, SDG 7, SDG 9",SDG 3,"SDG 3, SDG 7, SDG 4, SDG 2, SDG 9",SDG 3,"SDG 3, SDG 5, SDG 11, SDG 1, SDG 9",SDG 3,"SDG 3, SDG 5, SDG 10, SDG 4, SDG 1",SDG 3,"SDG 3, SDG 5, SDG 15, SDG 7, SDG 9",SDG 3,Good Health and Well-Being,0.8478
The case for palliative medicine in the emergency medicine department - The time is now!,"SDG 3, SDG 8, SDG 10, SDG 4, SDG 5",SDG 3,"SDG 3, SDG 16, SDG 8, SDG 7, SDG 11",SDG 3,"SDG 3, SDG 11, SDG 1, SDG 10, SDG 4",SDG 3,"SDG 3, SDG 8, SDG 10, SDG 5, SDG 4",SDG 3,"SDG 3, SDG 8, SDG 10, SDG 4, SDG 5",SDG 3,Good Health and Well-Being,0.8585
Microbial contamination of culture reports in a tertiary care hospital in southern India,"SDG 3, SDG 5, SDG 7, SDG 6, SDG 10",SDG 3,"SDG 3, SDG 16, SDG 12, SDG 2, SDG 6",SDG 3,"SDG 3, SDG 1, SDG 10, SDG 5, SDG 8",SDG 3,"SDG 3, SDG 5, SDG 7, SDG 1, SDG 10",SDG 3,"SDG 3, SDG 5, SDG 7, SDG 6, SDG 10",SDG 3,Good Health and Well-Being,0.9112
Aspirin for diabetes: Are we adhering to ADA guidelines?,"SDG 3, SDG 12, SDG 4, SDG 5, SDG 15",SDG 3,"SDG 3, SDG 10, SDG 15, SDG 11, SDG 16",SDG 3,"SDG 3, SDG 14, SDG 16, SDG 13, SDG 15",SDG 3,"SDG 3, SDG 12, SDG 4, SDG 5, SDG 10",SDG 3,"SDG 3, SDG 12, SDG 4, SDG 5, SDG 15",SDG 3,Good Health and Well-Being,0.8095
Role of interventional pain management in cancer pain,"SDG 3, SDG 14, SDG 7, SDG 6, SDG 15",SDG 3,"SDG 3, SDG 8, SDG 16, SDG 7, SDG 5",SDG 3,"SDG 3, SDG 6, SDG 16, SDG 14, SDG 12",SDG 3,"SDG 3, SDG 14, SDG 7, SDG 6, SDG 11",SDG 3,"SDG 3, SDG 14, SDG 7, SDG 6, SDG 15",SDG 3,Good Health and Well-Being,0.5903
Evidence-based palliative care: Role of palliative care journals,"SDG 3, SDG 5, SDG 8, SDG 10, SDG 2",SDG 3,"SDG 3, SDG 16, SDG 7, SDG 5, SDG 9",SDG 3,"SDG 3, SDG 10, SDG 5, SDG 8, SDG 1",SDG 3,"SDG 3, SDG 5, SDG 8, SDG 10, SDG 1",SDG 3,"SDG 3, SDG 5, SDG 8, SDG 10, SDG 2",SDG 3,Good Health and Well-Being,0.7749
Management of Oral Complications of Diabetes Mellitus,"SDG 3, SDG 12, SDG 14, SDG 6, SDG 11",SDG 3,"SDG 3, SDG 16, SDG 6, SDG 10, SDG 2",SDG 3,"SDG 3, SDG 14, SDG 13, SDG 12, SDG 15",SDG 3,"SDG 3, SDG 12, SDG 14, SDG 4, SDG 6",SDG 3,"SDG 3, SDG 12, SDG 14, SDG 6, SDG 11",SDG 3,Good Health and Well-Being,0.8407
Outcome of Directly Observed Treatment Short course (DOTS) in a case of pulmonary tuberculosis with Hyperuricemia,"SDG 3, SDG 15, SDG 7, SDG 8, SDG 4",SDG 3,"SDG 16, SDG 3, SDG 8, SDG 1, SDG 10",SDG 16,"SDG 3, SDG 6, SDG 11, SDG 9, SDG 8",SDG 3,"SDG 3, SDG 8, SDG 7, SDG 15, SDG 4",SDG 3,"SDG 3, SDG 15, SDG 7, SDG 8, SDG 4",SDG 3,Good Health and Well-Being,0.6585
Lung cancer in young patients of South India,"SDG 3, SDG 8, SDG 7, SDG 15, SDG 1",SDG 3,"SDG 3, SDG 16, SDG 8, SDG 7, SDG 13",SDG 3,"SDG 3, SDG 5, SDG 1, SDG 10, SDG 8",SDG 3,"SDG 3, SDG 8, SDG 7, SDG 1, SDG 5",SDG 3,"SDG 3, SDG 8, SDG 7, SDG 15, SDG 1",SDG 3,Good Health and Well-Being,0.8926
Acute Myocardial Infarction following Snake Bite,"SDG 3, SDG 9, SDG 5, SDG 7, SDG 15",SDG 3,"SDG 16, SDG 3, SDG 8, SDG 14, SDG 7",SDG 16,"SDG 3, SDG 1, SDG 6, SDG 11, SDG 10",SDG 3,"SDG 3, SDG 9, SDG 5, SDG 15, SDG 7",SDG 3,"SDG 3, SDG 9, SDG 5, SDG 7, SDG 15",SDG 3,Good Health and Well-Being,0.2377
Transient diabetes mellitus in a newborn - Near fatal case,"SDG 3, SDG 11, SDG 14, SDG 8, SDG 7",SDG 3,"SDG 3, SDG 16, SDG 1, SDG 8, SDG 2",SDG 3,"SDG 3, SDG 8, SDG 1, SDG 10, SDG 4",SDG 3,"SDG 3, SDG 11, SDG 14, SDG 8, SDG 13",SDG 3,"SDG 3, SDG 11, SDG 14, SDG 8, SDG 7",SDG 3,Good Health and Well-Being,0.7123
Dots strategy for control of tuberculosis epidemic,"SDG 3, SDG 7, SDG 15, SDG 4, SDG 9",SDG 3,"SDG 3, SDG 16, SDG 8, SDG 9, SDG 11",SDG 3,"SDG 3, SDG 8, SDG 12, SDG 2, SDG 9",SDG 3,"SDG 3, SDG 7, SDG 4, SDG 15, SDG 9",SDG 3,"SDG 3, SDG 7, SDG 15, SDG 4, SDG 9",SDG 3,Good Health and Well-Being,0.4992
Linking Green Technologies and Sustainable Infrastructure for Transformative Events and Festivals in Malaysia,"SDG 12, SDG 9, SDG 7, SDG 13, SDG 14",SDG 12,"SDG 12, SDG 9, SDG 11, SDG 13, SDG 16",SDG 12,"SDG 12, SDG 7, SDG 13, SDG 9, SDG 11",SDG 12,"SDG 12, SDG 9, SDG 7, SDG 13, SDG 14",SDG 12,"SDG 12, SDG 9, SDG 7, SDG 13, SDG 14",SDG 12,Responsible Consumption and Production,0.428
Improved Extraction of Parameters of Solar PV Cell Diode Model Using Marine Walrus Inspired Optimization Algorithm,"SDG 9, SDG 16, SDG 7, SDG 13, SDG 12",SDG 9,"SDG 7, SDG 16, SDG 14, SDG 5, SDG 1",SDG 7,"SDG 7, SDG 9, SDG 13, SDG 16, SDG 5",SDG 7,"SDG 9, SDG 16, SDG 7, SDG 13, SDG 12",SDG 9,"SDG 9, SDG 16, SDG 7, SDG 13, SDG 12",SDG 9,"Industry, Innovation and Infrastructure",0.4946
Caring of cancer patients during COVID-19: A real-life challenge,"SDG 3, SDG 9, SDG 11, SDG 16, SDG 7",SDG 3,"SDG 3, SDG 5, SDG 16, SDG 7, SDG 8",SDG 3,"SDG 3, SDG 16, SDG 10, SDG 9, SDG 5",SDG 3,"SDG 3, SDG 5, SDG 16, SDG 11, SDG 10",SDG 3,"SDG 3, SDG 9, SDG 11, SDG 16, SDG 7",SDG 3,Good Health and Well-Being,0.8837
Advancing Green Supply Chain Practices in B2C E-Commerce,"SDG 12, SDG 9, SDG 13, SDG 7, SDG 15",SDG 12,"SDG 12, SDG 9, SDG 7, SDG 13, SDG 15",SDG 12,"SDG 12, SDG 7, SDG 9, SDG 13, SDG 14",SDG 12,"SDG 12, SDG 9, SDG 13, SDG 7, SDG 10",SDG 12,"SDG 12, SDG 9, SDG 13, SDG 7, SDG 15",SDG 12,Responsible Consumption and Production,0.7602
Interaction effect of courtyard building form and orientation on energy performance of hospitals in warm humid climate,"SDG 7, SDG 13, SDG 3, SDG 11, SDG 14",SDG 7,"SDG 7, SDG 3, SDG 11, SDG 16, SDG 12",SDG 7,"SDG 7, SDG 13, SDG 15, SDG 3, SDG 9",SDG 7,"SDG 7, SDG 13, SDG 3, SDG 11, SDG 1",SDG 7,"SDG 7, SDG 13, SDG 3, SDG 11, SDG 14",SDG 7,Affordable and Clean Energy,0.7809
Delineation of terrestrial and marine productivity in the southwestern continental margin of India,"SDG 14, SDG 10, SDG 15, SDG 2, SDG 8",SDG 14,"SDG 16, SDG 15, SDG 6, SDG 9, SDG 14",SDG 16,"SDG 14, SDG 15, SDG 2, SDG 7, SDG 16",SDG 14,"SDG 14, SDG 10, SDG 15, SDG 2, SDG 8",SDG 14,"SDG 14, SDG 10, SDG 15, SDG 2, SDG 8",SDG 14,Life Below Water,0.7646
Vitamin D in diabetic nephropathy,"SDG 3, SDG 9, SDG 7, SDG 5, SDG 4",SDG 3,"SDG 3, SDG 15, SDG 16, SDG 11, SDG 1",SDG 3,"SDG 3, SDG 9, SDG 10, SDG 5, SDG 14",SDG 3,"SDG 3, SDG 9, SDG 7, SDG 2, SDG 4",SDG 3,"SDG 3, SDG 9, SDG 7, SDG 5, SDG 4",SDG 3,Good Health and Well-Being,0.493
Conference report: International update on pain management and palliative care advances 2016,"SDG 3, SDG 12, SDG 14, SDG 15, SDG 5",SDG 3,"SDG 3, SDG 8, SDG 12, SDG 16, SDG 11",SDG 3,"SDG 3, SDG 14, SDG 12, SDG 10, SDG 16",SDG 3,"SDG 3, SDG 12, SDG 14, SDG 5, SDG 8",SDG 3,"SDG 3, SDG 12, SDG 14, SDG 15, SDG 5",SDG 3,Good Health and Well-Being,0.6919
Bullous necrotizing fixed drug eruption with hepatitis due to rifampicin,"SDG 3, SDG 8, SDG 9, SDG 10, SDG 5",SDG 3,"SDG 3, SDG 16, SDG 8, SDG 10, SDG 11",SDG 3,"SDG 3, SDG 1, SDG 8, SDG 10, SDG 16",SDG 3,"SDG 3, SDG 8, SDG 10, SDG 9, SDG 13",SDG 3,"SDG 3, SDG 8, SDG 9, SDG 10, SDG 5",SDG 3,Good Health and Well-Being,0.8904
Cancer chemopreventive and therapeutic properties of fruits and vegetables against head and neck malignancies,"SDG 2, SDG 3, SDG 6, SDG 5, SDG 10",SDG 2,"SDG 16, SDG 2, SDG 3, SDG 10, SDG 9",SDG 16,"SDG 2, SDG 3, SDG 9, SDG 12, SDG 6",SDG 2,"SDG 2, SDG 3, SDG 6, SDG 5, SDG 10",SDG 2,"SDG 2, SDG 3, SDG 6, SDG 5, SDG 10",SDG 2,Zero Hunger,0.4468
Social confounders of vaccine response,"SDG 16, SDG 1, SDG 3, SDG 7, SDG 10",SDG 16,"SDG 16, SDG 3, SDG 2, SDG 5, SDG 1",SDG 16,"SDG 9, SDG 7, SDG 11, SDG 4, SDG 12",SDG 9,"SDG 16, SDG 1, SDG 3, SDG 10, SDG 7",SDG 16,"SDG 16, SDG 1, SDG 3, SDG 7, SDG 10",SDG 16,"Peace, Justice and Strong Institutions",0.7083
Editorial: The Icelandic ash cloud and other erupting health threats: What role for syndromic surveillance?,"SDG 3, SDG 14, SDG 5, SDG 15, SDG 2",SDG 3,"SDG 3, SDG 7, SDG 15, SDG 16, SDG 13",SDG 3,"SDG 12, SDG 9, SDG 7, SDG 14, SDG 6",SDG 12,"SDG 3, SDG 14, SDG 5, SDG 16, SDG 2",SDG 3,"SDG 3, SDG 14, SDG 5, SDG 15, SDG 2",SDG 3,Good Health and Well-Being,0.7634
Public health and genetics - A dangerous combination?,"SDG 16, SDG 3, SDG 7, SDG 8, SDG 6",SDG 16,"SDG 3, SDG 16, SDG 2, SDG 7, SDG 5",SDG 3,"SDG 3, SDG 16, SDG 5, SDG 10, SDG 8",SDG 3,"SDG 16, SDG 3, SDG 1, SDG 8, SDG 7",SDG 16,"SDG 16, SDG 3, SDG 7, SDG 8, SDG 6",SDG 16,"Peace, Justice and Strong Institutions",0.491
"Interpersonal communication skills and palliative care: ""finding the story behind the story""","SDG 9, SDG 3, SDG 10, SDG 4, SDG 5",SDG 9,"SDG 3, SDG 16, SDG 5, SDG 7, SDG 8",SDG 3,"SDG 3, SDG 10, SDG 8, SDG 5, SDG 16",SDG 3,"SDG 9, SDG 3, SDG 4, SDG 10, SDG 5",SDG 9,"SDG 9, SDG 3, SDG 10, SDG 4, SDG 5",SDG 9,"Industry, Innovation and Infrastructure",0.4493
Why Indian physicians emigrate [6],"SDG 3, SDG 7, SDG 9, SDG 10, SDG 2",SDG 3,"SDG 3, SDG 2, SDG 8, SDG 10, SDG 9",SDG 3,"SDG 3, SDG 15, SDG 6, SDG 2, SDG 7",SDG 3,"SDG 3, SDG 7, SDG 10, SDG 9, SDG 1",SDG 3,"SDG 3, SDG 7, SDG 9, SDG 10, SDG 2",SDG 3,Good Health and Well-Being,0.7383
Editorial: Effects of tobacco use on oral health,"SDG 3, SDG 2, SDG 16, SDG 10, SDG 9",SDG 3,"SDG 3, SDG 16, SDG 7, SDG 10, SDG 6",SDG 3,"SDG 3, SDG 16, SDG 5, SDG 6, SDG 10",SDG 3,"SDG 3, SDG 2, SDG 16, SDG 10, SDG 1",SDG 3,"SDG 3, SDG 2, SDG 16, SDG 10, SDG 9",SDG 3,Good Health and Well-Being,0.9039
Integrating AYUSH into palliative care,"SDG 3, SDG 5, SDG 7, SDG 8, SDG 15",SDG 3,"SDG 3, SDG 11, SDG 16, SDG 9, SDG 2",SDG 3,"SDG 3, SDG 5, SDG 10, SDG 1, SDG 8",SDG 3,"SDG 3, SDG 5, SDG 7, SDG 8, SDG 10",SDG 3,"SDG 3, SDG 5, SDG 7, SDG 8, SDG 15",SDG 3,Good Health and Well-Being,0.7809
Stepped Care Model improves patient-centred care in primary mental health,"SDG 3, SDG 5, SDG 12, SDG 7, SDG 10",SDG 3,"SDG 3, SDG 1, SDG 5, SDG 7, SDG 13",SDG 3,"SDG 3, SDG 16, SDG 5, SDG 1, SDG 10",SDG 3,"SDG 3, SDG 5, SDG 4, SDG 1, SDG 10",SDG 3,"SDG 3, SDG 5, SDG 12, SDG 7, SDG 10",SDG 3,Good Health and Well-Being,0.8843
Probiotic research for diabetes prevention,"SDG 3, SDG 12, SDG 10, SDG 6, SDG 9",SDG 3,"SDG 3, SDG 16, SDG 2, SDG 15, SDG 12",SDG 3,"SDG 3, SDG 12, SDG 14, SDG 13, SDG 16",SDG 3,"SDG 3, SDG 12, SDG 10, SDG 9, SDG 13",SDG 3,"SDG 3, SDG 12, SDG 10, SDG 6, SDG 9",SDG 3,Good Health and Well-Being,0.9169
Isoniazid-Resistant Tuberculosis: A Problem We Can No Longer Ignore,"SDG 3, SDG 4, SDG 2, SDG 13, SDG 6",SDG 3,"SDG 16, SDG 3, SDG 15, SDG 8, SDG 10",SDG 16,"SDG 7, SDG 12, SDG 13, SDG 15, SDG 6",SDG 7,"SDG 3, SDG 4, SDG 2, SDG 13, SDG 6",SDG 3,"SDG 3, SDG 4, SDG 2, SDG 13, SDG 6",SDG 3,Good Health and Well-Being,0.3423
An Indian perspective of farmer stress - A priority area for future research,"SDG 2, SDG 15, SDG 13, SDG 9, SDG 1",SDG 2,"SDG 2, SDG 13, SDG 8, SDG 15, SDG 7",SDG 2,"SDG 2, SDG 15, SDG 6, SDG 13, SDG 9",SDG 2,"SDG 2, SDG 13, SDG 15, SDG 9, SDG 1",SDG 2,"SDG 2, SDG 15, SDG 13, SDG 9, SDG 1",SDG 2,Zero Hunger,0.6547
An overview of techno-economic analysis and life-cycle assessment of thermochemical conversion of lignocellulosic biomass,"SDG 7, SDG 12, SDG 13, SDG 15, SDG 9",SDG 7,"SDG 7, SDG 13, SDG 16, SDG 12, SDG 2",SDG 7,"SDG 7, SDG 13, SDG 12, SDG 9, SDG 15",SDG 7,"SDG 7, SDG 12, SDG 13, SDG 1, SDG 9",SDG 7,"SDG 7, SDG 12, SDG 13, SDG 15, SDG 9",SDG 7,Affordable and Clean Energy,0.7315
Face Recognition Using K-Nearest Neighbors Classifier In Machine Learning,"SDG 9, SDG 4, SDG 1, SDG 7, SDG 10",SDG 9,"SDG 16, SDG 3, SDG 7, SDG 8, SDG 4",SDG 16,"SDG 9, SDG 10, SDG 1, SDG 8, SDG 7",SDG 9,"SDG 9, SDG 4, SDG 1, SDG 7, SDG 10",SDG 9,"SDG 9, SDG 4, SDG 1, SDG 7, SDG 10",SDG 9,"Industry, Innovation and Infrastructure",0.6513
"Exploring Microinteractions in Human–Computer Interaction: Design Principles, Types, and User Experience","SDG 9, SDG 16, SDG 11, SDG 6, SDG 8",SDG 9,"SDG 9, SDG 16, SDG 4, SDG 11, SDG 5",SDG 9,"SDG 9, SDG 11, SDG 16, SDG 10, SDG 7",SDG 9,"SDG 9, SDG 16, SDG 11, SDG 4, SDG 8",SDG 9,"SDG 9, SDG 16, SDG 11, SDG 6, SDG 8",SDG 9,"Industry, Innovation and Infrastructure",0.6546
Crusted papule on forehead due to Dirofilaria repens,"SDG 6, SDG 8, SDG 9, SDG 15, SDG 5",SDG 6,"SDG 16, SDG 3, SDG 14, SDG 10, SDG 11",SDG 16,"SDG 9, SDG 3, SDG 12, SDG 15, SDG 4",SDG 9,"SDG 6, SDG 8, SDG 15, SDG 9, SDG 5",SDG 6,"SDG 6, SDG 8, SDG 9, SDG 15, SDG 5",SDG 6,Clean Water and Sanitation,0.3401
Healthcare professionals' fear of death and dying: Implications for palliative care,"SDG 3, SDG 5, SDG 16, SDG 10, SDG 8",SDG 3,"SDG 3, SDG 16, SDG 7, SDG 2, SDG 8",SDG 3,"SDG 3, SDG 5, SDG 8, SDG 10, SDG 16",SDG 3,"SDG 3, SDG 5, SDG 16, SDG 10, SDG 8",SDG 3,"SDG 3, SDG 5, SDG 16, SDG 10, SDG 8",SDG 3,Good Health and Well-Being,0.8853
Public health genomics- Public health goes personalized?,"SDG 3, SDG 16, SDG 2, SDG 6, SDG 9",SDG 3,"SDG 3, SDG 2, SDG 16, SDG 7, SDG 8",SDG 3,"SDG 3, SDG 16, SDG 6, SDG 1, SDG 10",SDG 3,"SDG 3, SDG 16, SDG 11, SDG 2, SDG 4",SDG 3,"SDG 3, SDG 16, SDG 2, SDG 6, SDG 9",SDG 3,Good Health and Well-Being,0.5125
Specialist palliative medicine training in India,"SDG 3, SDG 8, SDG 10, SDG 7, SDG 1",SDG 3,"SDG 3, SDG 16, SDG 8, SDG 2, SDG 9",SDG 3,"SDG 3, SDG 8, SDG 10, SDG 1, SDG 5",SDG 3,"SDG 3, SDG 8, SDG 10, SDG 7, SDG 1",SDG 3,"SDG 3, SDG 8, SDG 10, SDG 7, SDG 1",SDG 3,Good Health and Well-Being,0.7673
Reflective practice in palliative care,"SDG 3, SDG 5, SDG 10, SDG 4, SDG 8",SDG 3,"SDG 3, SDG 16, SDG 11, SDG 4, SDG 12",SDG 3,"SDG 3, SDG 5, SDG 10, SDG 8, SDG 16",SDG 3,"SDG 3, SDG 5, SDG 4, SDG 10, SDG 8",SDG 3,"SDG 3, SDG 5, SDG 10, SDG 4, SDG 8",SDG 3,Good Health and Well-Being,0.756
Psychosocial Rehabilitation in the Context of Cultural Realities,"SDG 3, SDG 16, SDG 15, SDG 11, SDG 5",SDG 3,"SDG 16, SDG 3, SDG 1, SDG 8, SDG 5",SDG 16,"SDG 15, SDG 4, SDG 7, SDG 10, SDG 13",SDG 15,"SDG 3, SDG 16, SDG 15, SDG 5, SDG 11",SDG 3,"SDG 3, SDG 16, SDG 15, SDG 11, SDG 5",SDG 3,Good Health and Well-Being,0.3489
Surgical sequence of neck dissection and primary tumor excision could impact the locoregional recurrence rates in oral squamous cell carcinoma,"SDG 3, SDG 8, SDG 7, SDG 9, SDG 4",SDG 3,"SDG 16, SDG 3, SDG 10, SDG 9, SDG 7",SDG 16,"SDG 3, SDG 7, SDG 8, SDG 11, SDG 13",SDG 3,"SDG 3, SDG 8, SDG 7, SDG 4, SDG 9",SDG 3,"SDG 3, SDG 8, SDG 7, SDG 9, SDG 4",SDG 3,Good Health and Well-Being,0.5719
Reducing global tuberculosis deaths-time for India to step up,"SDG 3, SDG 7, SDG 8, SDG 15, SDG 1",SDG 3,"SDG 3, SDG 16, SDG 8, SDG 15, SDG 10",SDG 3,"SDG 3, SDG 7, SDG 15, SDG 10, SDG 2",SDG 3,"SDG 3, SDG 7, SDG 8, SDG 15, SDG 1",SDG 3,"SDG 3, SDG 7, SDG 8, SDG 15, SDG 1",SDG 3,Good Health and Well-Being,0.4543
New strategies for inpatients with HIV and tuberculosis,"SDG 3, SDG 7, SDG 4, SDG 9, SDG 15",SDG 3,"SDG 3, SDG 16, SDG 8, SDG 5, SDG 10",SDG 3,"SDG 3, SDG 16, SDG 4, SDG 8, SDG 5",SDG 3,"SDG 3, SDG 7, SDG 4, SDG 5, SDG 9",SDG 3,"SDG 3, SDG 7, SDG 4, SDG 9, SDG 15",SDG 3,Good Health and Well-Being,0.8133
Tuberculosis: a biosocial problem that requires biosocial solutions,"SDG 1, SDG 9, SDG 6, SDG 12, SDG 8",SDG 1,"SDG 16, SDG 3, SDG 15, SDG 10, SDG 9",SDG 16,"SDG 8, SDG 9, SDG 4, SDG 7, SDG 13",SDG 8,"SDG 1, SDG 9, SDG 6, SDG 12, SDG 8",SDG 1,"SDG 1, SDG 9, SDG 6, SDG 12, SDG 8",SDG 1,No Poverty,0.2087
A solar fed BLDC motor drive for mixer grinder using a buck converter,"SDG 7, SDG 11, SDG 9, SDG 12, SDG 1",SDG 7,"SDG 7, SDG 10, SDG 11, SDG 8, SDG 15",SDG 7,"SDG 7, SDG 11, SDG 12, SDG 9, SDG 13",SDG 7,"SDG 7, SDG 11, SDG 9, SDG 12, SDG 1",SDG 7,"SDG 7, SDG 11, SDG 9, SDG 12, SDG 1",SDG 7,Affordable and Clean Energy,0.8105
Robust control and optimization of energy consumption in daylight-artificial light integrated schemes,"SDG 7, SDG 9, SDG 12, SDG 1, SDG 8",SDG 7,"SDG 7, SDG 11, SDG 16, SDG 1, SDG 5",SDG 7,"SDG 7, SDG 9, SDG 11, SDG 13, SDG 6",SDG 7,"SDG 7, SDG 9, SDG 12, SDG 1, SDG 8",SDG 7,"SDG 7, SDG 9, SDG 12, SDG 1, SDG 8",SDG 7,Affordable and Clean Energy,0.7837
"My good friend, the humble house to house vaccinator","SDG 1, SDG 2, SDG 7, SDG 3, SDG 5",SDG 1,"SDG 16, SDG 3, SDG 8, SDG 11, SDG 7",SDG 16,"SDG 9, SDG 13, SDG 2, SDG 7, SDG 11",SDG 9,"SDG 1, SDG 2, SDG 7, SDG 3, SDG 5",SDG 1,"SDG 1, SDG 2, SDG 7, SDG 3, SDG 5",SDG 1,No Poverty,0.5113
Studies on Mahua Oil Biodiesel as the Sustainable Fuel in Compression Ignition Engine,"SDG 7, SDG 2, SDG 9, SDG 6, SDG 14",SDG 7,"SDG 7, SDG 16, SDG 2, SDG 12, SDG 10",SDG 7,"SDG 7, SDG 13, SDG 12, SDG 9, SDG 15",SDG 7,"SDG 7, SDG 13, SDG 2, SDG 9, SDG 6",SDG 7,"SDG 7, SDG 2, SDG 9, SDG 6, SDG 14",SDG 7,Affordable and Clean Energy,0.9184
Optimizing energy task offloading technique using IoMT cloud in healthcare applications,"SDG 3, SDG 9, SDG 8, SDG 11, SDG 13",SDG 3,"SDG 3, SDG 7, SDG 9, SDG 8, SDG 1",SDG 3,"SDG 3, SDG 9, SDG 16, SDG 5, SDG 2",SDG 3,"SDG 3, SDG 9, SDG 11, SDG 13, SDG 8",SDG 3,"SDG 3, SDG 9, SDG 8, SDG 11, SDG 13",SDG 3,Good Health and Well-Being,0.8914
"Edible Cutlery: A Tenable Solution to the Plastic Menace, Bolstering the Global Economy","SDG 12, SDG 14, SDG 8, SDG 6, SDG 7",SDG 12,"SDG 12, SDG 14, SDG 9, SDG 6, SDG 16",SDG 12,"SDG 14, SDG 12, SDG 6, SDG 13, SDG 15",SDG 14,"SDG 12, SDG 14, SDG 8, SDG 6, SDG 7",SDG 12,"SDG 12, SDG 14, SDG 8, SDG 6, SDG 7",SDG 12,Responsible Consumption and Production,0.6876
Design and dynamic emulation of hybrid solar-wind-wave energy converter (SWWEC) for efficient power generation,"SDG 7, SDG 16, SDG 9, SDG 11, SDG 15",SDG 7,"SDG 7, SDG 16, SDG 5, SDG 1, SDG 6",SDG 7,"SDG 7, SDG 13, SDG 16, SDG 12, SDG 9",SDG 7,"SDG 7, SDG 16, SDG 9, SDG 1, SDG 11",SDG 7,"SDG 7, SDG 16, SDG 9, SDG 11, SDG 15",SDG 7,Affordable and Clean Energy,0.9419
"Violence against educated women by intimate partners in Urban Karnataka, India","SDG 5, SDG 16, SDG 12, SDG 11, SDG 6",SDG 5,"SDG 5, SDG 7, SDG 1, SDG 16, SDG 11",SDG 5,"SDG 5, SDG 16, SDG 8, SDG 13, SDG 15",SDG 5,"SDG 5, SDG 16, SDG 1, SDG 10, SDG 8",SDG 5,"SDG 5, SDG 16, SDG 12, SDG 11, SDG 6",SDG 5,Gender Equality,0.7388
Prevention of mother-to-child transmission of HIV in low and middle-income countries,"SDG 3, SDG 5, SDG 1, SDG 9, SDG 2",SDG 3,"SDG 3, SDG 1, SDG 5, SDG 16, SDG 9",SDG 3,"SDG 5, SDG 1, SDG 3, SDG 13, SDG 7",SDG 5,"SDG 3, SDG 5, SDG 1, SDG 9, SDG 2",SDG 3,"SDG 3, SDG 5, SDG 1, SDG 9, SDG 2",SDG 3,Good Health and Well-Being,0.7992
Atypical Escherichia Coli in Urinary Tract Infection,"SDG 3, SDG 2, SDG 7, SDG 5, SDG 9",SDG 3,"SDG 16, SDG 6, SDG 12, SDG 8, SDG 14",SDG 16,"SDG 3, SDG 11, SDG 13, SDG 15, SDG 1",SDG 3,"SDG 3, SDG 2, SDG 7, SDG 5, SDG 15",SDG 3,"SDG 3, SDG 2, SDG 7, SDG 5, SDG 9",SDG 3,Good Health and Well-Being,0.2909
The baby friendly hospital initiative: Involvement of health personnel,"SDG 3, SDG 5, SDG 9, SDG 15, SDG 8",SDG 3,"SDG 3, SDG 8, SDG 16, SDG 5, SDG 1",SDG 3,"SDG 3, SDG 1, SDG 16, SDG 5, SDG 2",SDG 3,"SDG 3, SDG 5, SDG 9, SDG 8, SDG 16",SDG 3,"SDG 3, SDG 5, SDG 9, SDG 15, SDG 8",SDG 3,Good Health and Well-Being,0.9324
Highly active antiretroviral therapy induced drug-drug interactions in Indian Human Immunodeficiency virus positive patients,"SDG 3, SDG 10, SDG 16, SDG 6, SDG 13",SDG 3,"SDG 3, SDG 16, SDG 8, SDG 7, SDG 10",SDG 3,"SDG 3, SDG 16, SDG 1, SDG 10, SDG 11",SDG 3,"SDG 3, SDG 16, SDG 10, SDG 1, SDG 8",SDG 3,"SDG 3, SDG 10, SDG 16, SDG 6, SDG 13",SDG 3,Good Health and Well-Being,0.9323
HIV- Tuberculosis Co-infection in Southern India-a record based study,"SDG 3, SDG 7, SDG 6, SDG 5, SDG 10",SDG 3,"SDG 3, SDG 16, SDG 8, SDG 10, SDG 2",SDG 3,"SDG 3, SDG 10, SDG 1, SDG 8, SDG 7",SDG 3,"SDG 3, SDG 7, SDG 5, SDG 6, SDG 10",SDG 3,"SDG 3, SDG 7, SDG 6, SDG 5, SDG 10",SDG 3,Good Health and Well-Being,0.8068
Congestion free vehicular path planning system: A real-time cloud-enabled ITS application,"SDG 11, SDG 9, SDG 15, SDG 14, SDG 10",SDG 11,"SDG 11, SDG 16, SDG 9, SDG 3, SDG 10",SDG 11,"SDG 11, SDG 9, SDG 16, SDG 13, SDG 7",SDG 11,"SDG 11, SDG 9, SDG 1, SDG 16, SDG 10",SDG 11,"SDG 11, SDG 9, SDG 15, SDG 14, SDG 10",SDG 11,Sustainable Cities and Communities,0.53
Electives in Oxford—Feedback of a Medical Student,"SDG 4, SDG 3, SDG 10, SDG 15, SDG 13",SDG 4,"SDG 4, SDG 16, SDG 3, SDG 8, SDG 7",SDG 4,"SDG 4, SDG 3, SDG 16, SDG 5, SDG 8",SDG 4,"SDG 4, SDG 3, SDG 10, SDG 1, SDG 5",SDG 4,"SDG 4, SDG 3, SDG 10, SDG 15, SDG 13",SDG 4,Quality Education,0.5434
Peripheral edema in lepromatous leprosy-could thalidomide be the culprit,"SDG 9, SDG 8, SDG 5, SDG 10, SDG 3",SDG 9,"SDG 16, SDG 9, SDG 3, SDG 1, SDG 8",SDG 16,"SDG 9, SDG 8, SDG 10, SDG 12, SDG 2",SDG 9,"SDG 9, SDG 8, SDG 5, SDG 10, SDG 3",SDG 9,"SDG 9, SDG 8, SDG 5, SDG 10, SDG 3",SDG 9,"Industry, Innovation and Infrastructure",0.1949
An appraisal of clinically meaningful outcomes guidelines for oncology clinical trials,"SDG 3, SDG 4, SDG 8, SDG 12, SDG 2",SDG 3,"SDG 3, SDG 16, SDG 9, SDG 5, SDG 7",SDG 3,"SDG 3, SDG 1, SDG 8, SDG 4, SDG 10",SDG 3,"SDG 3, SDG 4, SDG 8, SDG 12, SDG 5",SDG 3,"SDG 3, SDG 4, SDG 8, SDG 12, SDG 2",SDG 3,Good Health and Well-Being,0.774
HIV vaccines: Present scenario and future prospects,"SDG 3, SDG 1, SDG 7, SDG 4, SDG 16",SDG 3,"SDG 3, SDG 16, SDG 2, SDG 6, SDG 5",SDG 3,"SDG 4, SDG 16, SDG 12, SDG 7, SDG 9",SDG 4,"SDG 3, SDG 1, SDG 7, SDG 4, SDG 16",SDG 3,"SDG 3, SDG 1, SDG 7, SDG 4, SDG 16",SDG 3,Good Health and Well-Being,0.6232
Ovulation induction and ovarian cancer: Is there a link?,"SDG 3, SDG 4, SDG 7, SDG 10, SDG 15",SDG 3,"SDG 5, SDG 3, SDG 8, SDG 14, SDG 7",SDG 5,"SDG 3, SDG 4, SDG 7, SDG 8, SDG 2",SDG 3,"SDG 3, SDG 4, SDG 7, SDG 10, SDG 15",SDG 3,"SDG 3, SDG 4, SDG 7, SDG 10, SDG 15",SDG 3,Good Health and Well-Being,0.6022
Oral cancer: Are some people lucky or just ignorant?,"SDG 3, SDG 10, SDG 15, SDG 7, SDG 1",SDG 3,"SDG 3, SDG 16, SDG 7, SDG 10, SDG 2",SDG 3,"SDG 3, SDG 15, SDG 6, SDG 7, SDG 11",SDG 3,"SDG 3, SDG 10, SDG 1, SDG 7, SDG 8",SDG 3,"SDG 3, SDG 10, SDG 15, SDG 7, SDG 1",SDG 3,Good Health and Well-Being,0.8426
Nutritional aspects of liver disease in children,"SDG 2, SDG 3, SDG 4, SDG 1, SDG 8",SDG 2,"SDG 2, SDG 3, SDG 12, SDG 16, SDG 8",SDG 2,"SDG 3, SDG 2, SDG 1, SDG 7, SDG 4",SDG 3,"SDG 2, SDG 3, SDG 4, SDG 1, SDG 8",SDG 2,"SDG 2, SDG 3, SDG 4, SDG 1, SDG 8",SDG 2,Zero Hunger,0.7015
Promoting exclusive breastfeeding in India to reduce neonatal mortality,"SDG 3, SDG 10, SDG 8, SDG 1, SDG 7",SDG 3,"SDG 3, SDG 1, SDG 16, SDG 8, SDG 2",SDG 3,"SDG 3, SDG 5, SDG 7, SDG 12, SDG 10",SDG 3,"SDG 3, SDG 10, SDG 8, SDG 1, SDG 7",SDG 3,"SDG 3, SDG 10, SDG 8, SDG 1, SDG 7",SDG 3,Good Health and Well-Being,0.8917
Observations Regarding the Clinical Manifestations and Management of Extranasal Rhinosporidiosis in Southern India,"SDG 6, SDG 3, SDG 14, SDG 16, SDG 7",SDG 6,"SDG 16, SDG 3, SDG 15, SDG 8, SDG 7",SDG 16,"SDG 3, SDG 14, SDG 11, SDG 6, SDG 12",SDG 3,"SDG 6, SDG 3, SDG 14, SDG 16, SDG 1",SDG 6,"SDG 6, SDG 3, SDG 14, SDG 16, SDG 7",SDG 6,Clean Water and Sanitation,0.2994
The old Iron Curtain split our continent in half: The new ones could tear apart our nations,"SDG 9, SDG 8, SDG 5, SDG 4, SDG 10",SDG 9,"SDG 16, SDG 10, SDG 15, SDG 1, SDG 8",SDG 16,"SDG 9, SDG 8, SDG 10, SDG 3, SDG 4",SDG 9,"SDG 9, SDG 8, SDG 5, SDG 4, SDG 10",SDG 9,"SDG 9, SDG 8, SDG 5, SDG 4, SDG 10",SDG 9,"Industry, Innovation and Infrastructure",0.2299
De-escalation of aggressive adjuvant therapy for limited extranodal extension in head and neck cancer,"SDG 3, SDG 7, SDG 10, SDG 2, SDG 1",SDG 3,"SDG 16, SDG 3, SDG 10, SDG 8, SDG 7",SDG 16,"SDG 3, SDG 16, SDG 7, SDG 6, SDG 15",SDG 3,"SDG 3, SDG 7, SDG 10, SDG 1, SDG 2",SDG 3,"SDG 3, SDG 7, SDG 10, SDG 2, SDG 1",SDG 3,Good Health and Well-Being,0.6042
Sentiment analysis of nationwide lockdown due to COVID 19 outbreak: Evidence from India,"SDG 16, SDG 8, SDG 10, SDG 6, SDG 7",SDG 16,"SDG 16, SDG 3, SDG 8, SDG 1, SDG 7",SDG 16,"SDG 7, SDG 9, SDG 13, SDG 14, SDG 5",SDG 7,"SDG 16, SDG 8, SDG 10, SDG 6, SDG 7",SDG 16,"SDG 16, SDG 8, SDG 10, SDG 6, SDG 7",SDG 16,"Peace, Justice and Strong Institutions",0.2015
"When it comes to stopping tuberculosis, what is actually “missing”?","SDG 4, SDG 3, SDG 5, SDG 11, SDG 8",SDG 4,"SDG 3, SDG 8, SDG 16, SDG 10, SDG 5",SDG 3,"SDG 3, SDG 4, SDG 8, SDG 7, SDG 10",SDG 3,"SDG 4, SDG 3, SDG 5, SDG 11, SDG 8",SDG 4,"SDG 4, SDG 3, SDG 5, SDG 11, SDG 8",SDG 4,Quality Education,0.2368
"Streambed pollution: A comprehensive review of its sources, eco-hydro-geo-chemical impacts, assessment, and mitigation strategies","SDG 15, SDG 6, SDG 12, SDG 9, SDG 7",SDG 15,"SDG 6, SDG 15, SDG 13, SDG 16, SDG 14",SDG 6,"SDG 15, SDG 6, SDG 3, SDG 14, SDG 13",SDG 15,"SDG 15, SDG 6, SDG 12, SDG 9, SDG 7",SDG 15,"SDG 15, SDG 6, SDG 12, SDG 9, SDG 7",SDG 15,Life on Land,0.6957
RE: CNS toxoplasmosis induced hydrocephalus revisited and a brief review of AIDS dementia complex,"SDG 3, SDG 9, SDG 10, SDG 7, SDG 1",SDG 3,"SDG 3, SDG 16, SDG 6, SDG 1, SDG 11",SDG 3,"SDG 9, SDG 10, SDG 16, SDG 3, SDG 11",SDG 9,"SDG 3, SDG 9, SDG 10, SDG 7, SDG 1",SDG 3,"SDG 3, SDG 9, SDG 10, SDG 7, SDG 1",SDG 3,Good Health and Well-Being,0.1709
Preliminary anti-diabetic studies on aqueous root extract of Pseudarthria viscida linn,"SDG 3, SDG 15, SDG 12, SDG 16, SDG 2",SDG 3,"SDG 3, SDG 16, SDG 15, SDG 10, SDG 2",SDG 3,"SDG 3, SDG 10, SDG 11, SDG 9, SDG 5",SDG 3,"SDG 3, SDG 16, SDG 12, SDG 15, SDG 2",SDG 3,"SDG 3, SDG 15, SDG 12, SDG 16, SDG 2",SDG 3,Good Health and Well-Being,0.4592
Simple cold staining method for acid-fast bacilli,"SDG 7, SDG 4, SDG 10, SDG 1, SDG 5",SDG 7,"SDG 16, SDG 2, SDG 12, SDG 4, SDG 8",SDG 16,"SDG 5, SDG 3, SDG 16, SDG 7, SDG 10",SDG 5,"SDG 7, SDG 4, SDG 10, SDG 1, SDG 5",SDG 7,"SDG 7, SDG 4, SDG 10, SDG 1, SDG 5",SDG 7,Affordable and Clean Energy,0.4558
Family interventions in schizophrenia improves family's mental health,"SDG 3, SDG 5, SDG 1, SDG 2, SDG 13",SDG 3,"SDG 3, SDG 5, SDG 1, SDG 2, SDG 7",SDG 3,"SDG 3, SDG 5, SDG 16, SDG 1, SDG 2",SDG 3,"SDG 3, SDG 5, SDG 1, SDG 4, SDG 10",SDG 3,"SDG 3, SDG 5, SDG 1, SDG 2, SDG 13",SDG 3,Good Health and Well-Being,0.789
Boil the Ocean: No Apologies for Setting the Standard High!,"SDG 14, SDG 4, SDG 7, SDG 1, SDG 3",SDG 14,"SDG 14, SDG 13, SDG 7, SDG 6, SDG 16",SDG 14,"SDG 14, SDG 16, SDG 13, SDG 12, SDG 11",SDG 14,"SDG 14, SDG 4, SDG 7, SDG 1, SDG 3",SDG 14,"SDG 14, SDG 4, SDG 7, SDG 1, SDG 3",SDG 14,Life Below Water,0.8528
Sustainable Integration of Nanobiosensors in Biomedical and Civil Engineering: A Comprehensive Review,"SDG 4, SDG 16, SDG 3, SDG 12, SDG 9",SDG 4,"SDG 16, SDG 11, SDG 9, SDG 10, SDG 3",SDG 16,"SDG 16, SDG 11, SDG 3, SDG 13, SDG 6",SDG 16,"SDG 4, SDG 16, SDG 3, SDG 12, SDG 9",SDG 4,"SDG 4, SDG 16, SDG 3, SDG 12, SDG 9",SDG 4,Quality Education,0.3909
"Metabolic syndrome risk assessment among adults in Udupi District, Karnataka","SDG 11, SDG 3, SDG 1, SDG 7, SDG 2",SDG 11,"SDG 3, SDG 7, SDG 1, SDG 11, SDG 2",SDG 3,"SDG 11, SDG 3, SDG 6, SDG 16, SDG 1",SDG 11,"SDG 11, SDG 3, SDG 1, SDG 7, SDG 2",SDG 11,"SDG 11, SDG 3, SDG 1, SDG 7, SDG 2",SDG 11,Sustainable Cities and Communities,0.6487
"Water and Organic Carbon Cycles in Monsoon-driven Humid Tropics of the Western Ghats Mountain Belt, India: Insights from Stable Isotope Approach","SDG 6, SDG 14, SDG 7, SDG 13, SDG 15",SDG 6,"SDG 6, SDG 13, SDG 15, SDG 16, SDG 9",SDG 6,"SDG 6, SDG 14, SDG 13, SDG 15, SDG 7",SDG 6,"SDG 6, SDG 14, SDG 7, SDG 13, SDG 1",SDG 6,"SDG 6, SDG 14, SDG 7, SDG 13, SDG 15",SDG 6,Clean Water and Sanitation,0.9358
Campus mental health: Mental health of medical students,"SDG 3, SDG 16, SDG 4, SDG 2, SDG 5",SDG 3,"SDG 16, SDG 4, SDG 3, SDG 7, SDG 5",SDG 16,"SDG 3, SDG 16, SDG 4, SDG 5, SDG 1",SDG 3,"SDG 3, SDG 4, SDG 5, SDG 16, SDG 1",SDG 3,"SDG 3, SDG 16, SDG 4, SDG 2, SDG 5",SDG 3,Good Health and Well-Being,0.9698
Teaching and learning professional values: Challenges faced by Asian medical schools,"SDG 4, SDG 3, SDG 1, SDG 2, SDG 15",SDG 4,"SDG 4, SDG 16, SDG 3, SDG 5, SDG 7",SDG 4,"SDG 4, SDG 3, SDG 8, SDG 1, SDG 16",SDG 4,"SDG 4, SDG 1, SDG 5, SDG 10, SDG 16",SDG 4,"SDG 4, SDG 3, SDG 1, SDG 2, SDG 15",SDG 4,Quality Education,0.9539
Enteroaggregative Escherichia coli diarrhea in Manipal [2],"SDG 9, SDG 4, SDG 5, SDG 7, SDG 10",SDG 9,"SDG 3, SDG 16, SDG 6, SDG 14, SDG 8",SDG 3,"SDG 9, SDG 3, SDG 12, SDG 15, SDG 4",SDG 9,"SDG 9, SDG 3, SDG 4, SDG 5, SDG 7",SDG 9,"SDG 9, SDG 4, SDG 5, SDG 7, SDG 10",SDG 9,"Industry, Innovation and Infrastructure",0.1038
Mental ill health in workers: Observations from a few Indian populations [3],"SDG 3, SDG 10, SDG 8, SDG 5, SDG 16",SDG 3,"SDG 3, SDG 16, SDG 8, SDG 10, SDG 1",SDG 3,"SDG 3, SDG 1, SDG 10, SDG 16, SDG 8",SDG 3,"SDG 3, SDG 10, SDG 8, SDG 5, SDG 1",SDG 3,"SDG 3, SDG 10, SDG 8, SDG 5, SDG 16",SDG 3,Good Health and Well-Being,0.8841
Diffuse alopecia due to iron deficiency [1],"SDG 6, SDG 8, SDG 3, SDG 7, SDG 5",SDG 6,"SDG 16, SDG 3, SDG 10, SDG 8, SDG 9",SDG 16,"SDG 2, SDG 12, SDG 14, SDG 9, SDG 13",SDG 2,"SDG 6, SDG 8, SDG 3, SDG 7, SDG 5",SDG 6,"SDG 6, SDG 8, SDG 3, SDG 7, SDG 5",SDG 6,Clean Water and Sanitation,0.3026
Reduction of Scrap and Rework Cost by Implementing 5S Methodology: A Case Study,"SDG 9, SDG 8, SDG 12, SDG 7, SDG 6",SDG 9,"SDG 12, SDG 9, SDG 8, SDG 1, SDG 16",SDG 12,"SDG 9, SDG 7, SDG 12, SDG 11, SDG 6",SDG 9,"SDG 9, SDG 8, SDG 12, SDG 7, SDG 1",SDG 9,"SDG 9, SDG 8, SDG 12, SDG 7, SDG 6",SDG 9,"Industry, Innovation and Infrastructure",0.5809
"Mining and the environment: A case study from Bijolia quarrying site in Rajasthan, India","SDG 15, SDG 12, SDG 8, SDG 11, SDG 1",SDG 15,"SDG 15, SDG 12, SDG 7, SDG 16, SDG 8",SDG 15,"SDG 15, SDG 13, SDG 12, SDG 6, SDG 7",SDG 15,"SDG 15, SDG 12, SDG 8, SDG 1, SDG 11",SDG 15,"SDG 15, SDG 12, SDG 8, SDG 11, SDG 1",SDG 15,Life on Land,0.8151
Lymph Node Morbidity Diagnosis Using Multiclass Machine Learning Models,"SDG 3, SDG 9, SDG 7, SDG 4, SDG 8",SDG 3,"SDG 3, SDG 16, SDG 8, SDG 9, SDG 5",SDG 3,"SDG 3, SDG 8, SDG 9, SDG 16, SDG 4",SDG 3,"SDG 3, SDG 9, SDG 7, SDG 4, SDG 1",SDG 3,"SDG 3, SDG 9, SDG 7, SDG 4, SDG 8",SDG 3,Good Health and Well-Being,0.8189
Intelligent Technologies in High-Speed Rail Transit Systems,"SDG 9, SDG 11, SDG 7, SDG 14, SDG 8",SDG 9,"SDG 11, SDG 9, SDG 7, SDG 16, SDG 8",SDG 11,"SDG 7, SDG 2, SDG 11, SDG 9, SDG 13",SDG 7,"SDG 9, SDG 11, SDG 7, SDG 14, SDG 1",SDG 9,"SDG 9, SDG 11, SDG 7, SDG 14, SDG 8",SDG 9,"Industry, Innovation and Infrastructure",0.5429
Does Negative Online Review Matter? An Investigation of Travel Consumers,"SDG 9, SDG 11, SDG 16, SDG 12, SDG 8",SDG 9,"SDG 16, SDG 11, SDG 12, SDG 9, SDG 8",SDG 16,"SDG 11, SDG 9, SDG 12, SDG 8, SDG 3",SDG 11,"SDG 9, SDG 11, SDG 16, SDG 12, SDG 8",SDG 9,"SDG 9, SDG 11, SDG 16, SDG 12, SDG 8",SDG 9,"Industry, Innovation and Infrastructure",0.4766
Benchmarking of factors influencing adoption of innovation in software product SMEs: An empirical evidence from India,"SDG 9, SDG 8, SDG 16, SDG 14, SDG 4",SDG 9,"SDG 9, SDG 8, SDG 4, SDG 16, SDG 1",SDG 9,"SDG 9, SDG 8, SDG 4, SDG 7, SDG 5",SDG 9,"SDG 9, SDG 8, SDG 16, SDG 1, SDG 4",SDG 9,"SDG 9, SDG 8, SDG 16, SDG 14, SDG 4",SDG 9,"Industry, Innovation and Infrastructure",0.8796
Judicious usage of who step III opioids in palliative care in India,"SDG 3, SDG 8, SDG 7, SDG 5, SDG 10",SDG 3,"SDG 3, SDG 16, SDG 8, SDG 7, SDG 12",SDG 3,"SDG 3, SDG 10, SDG 5, SDG 8, SDG 1",SDG 3,"SDG 3, SDG 8, SDG 7, SDG 5, SDG 10",SDG 3,"SDG 3, SDG 8, SDG 7, SDG 5, SDG 10",SDG 3,Good Health and Well-Being,0.5867
"Parasitic Infection of the Intestine in Mangalore, South India","SDG 7, SDG 3, SDG 10, SDG 8, SDG 2",SDG 7,"SDG 16, SDG 6, SDG 3, SDG 2, SDG 9",SDG 16,"SDG 7, SDG 10, SDG 9, SDG 13, SDG 15",SDG 7,"SDG 7, SDG 3, SDG 10, SDG 8, SDG 2",SDG 7,"SDG 7, SDG 3, SDG 10, SDG 8, SDG 2",SDG 7,Affordable and Clean Energy,0.3365
Designing passive solar building enclosures using hygroscopic materials: A conceptual framework,"SDG 7, SDG 12, SDG 1, SDG 9, SDG 11",SDG 7,"SDG 16, SDG 7, SDG 9, SDG 12, SDG 11",SDG 16,"SDG 12, SDG 7, SDG 9, SDG 14, SDG 11",SDG 12,"SDG 7, SDG 12, SDG 1, SDG 9, SDG 11",SDG 7,"SDG 7, SDG 12, SDG 1, SDG 9, SDG 11",SDG 7,Affordable and Clean Energy,0.408
Editorial: Endocrine Modulators of Neurological Processes: Potential Treatment Targets of Pediatric Neurological Diseases,"SDG 3, SDG 15, SDG 6, SDG 8, SDG 2",SDG 3,"SDG 3, SDG 8, SDG 13, SDG 16, SDG 11",SDG 3,"SDG 3, SDG 11, SDG 6, SDG 15, SDG 9",SDG 3,"SDG 3, SDG 15, SDG 6, SDG 2, SDG 4",SDG 3,"SDG 3, SDG 15, SDG 6, SDG 8, SDG 2",SDG 3,Good Health and Well-Being,0.8446
Hippocratic: The Columbus who dared to voyage the 'el fin del mundo',"SDG 11, SDG 10, SDG 5, SDG 8, SDG 4",SDG 11,"SDG 16, SDG 1, SDG 8, SDG 11, SDG 10",SDG 16,"SDG 5, SDG 9, SDG 6, SDG 15, SDG 3",SDG 5,"SDG 11, SDG 10, SDG 5, SDG 8, SDG 4",SDG 11,"SDG 11, SDG 10, SDG 5, SDG 8, SDG 4",SDG 11,Sustainable Cities and Communities,0.348
Time for change: Integrating palliative medicine to mainstream medicine,"SDG 3, SDG 15, SDG 4, SDG 10, SDG 5",SDG 3,"SDG 3, SDG 16, SDG 8, SDG 2, SDG 4",SDG 3,"SDG 3, SDG 4, SDG 5, SDG 1, SDG 10",SDG 3,"SDG 3, SDG 5, SDG 10, SDG 4, SDG 8",SDG 3,"SDG 3, SDG 15, SDG 4, SDG 10, SDG 5",SDG 3,Good Health and Well-Being,0.8139
Analysis of outdoor thermal comfort in warm and humid tropical climate,"SDG 11, SDG 13, SDG 15, SDG 6, SDG 1",SDG 11,"SDG 11, SDG 13, SDG 7, SDG 16, SDG 3",SDG 11,"SDG 11, SDG 7, SDG 13, SDG 15, SDG 16",SDG 11,"SDG 11, SDG 13, SDG 1, SDG 15, SDG 6",SDG 11,"SDG 11, SDG 13, SDG 15, SDG 6, SDG 1",SDG 11,Sustainable Cities and Communities,0.9081
A factorial evaluation of commuters’ satisfaction on urban mobility - An Indian perspective,"SDG 11, SDG 2, SDG 16, SDG 10, SDG 4",SDG 11,"SDG 11, SDG 16, SDG 8, SDG 9, SDG 10",SDG 11,"SDG 11, SDG 9, SDG 13, SDG 6, SDG 7",SDG 11,"SDG 11, SDG 16, SDG 2, SDG 1, SDG 10",SDG 11,"SDG 11, SDG 2, SDG 16, SDG 10, SDG 4",SDG 11,Sustainable Cities and Communities,0.9239
The need for innovations in healthcare systems using patient experience and advancing information technology,"SDG 9, SDG 3, SDG 2, SDG 13, SDG 16",SDG 9,"SDG 3, SDG 9, SDG 16, SDG 15, SDG 7",SDG 3,"SDG 9, SDG 3, SDG 8, SDG 5, SDG 16",SDG 9,"SDG 9, SDG 3, SDG 13, SDG 16, SDG 2",SDG 9,"SDG 9, SDG 3, SDG 2, SDG 13, SDG 16",SDG 9,"Industry, Innovation and Infrastructure",0.681
Health literacy-A strategic asset for corporate social responsibility in Europe,"SDG 3, SDG 8, SDG 9, SDG 12, SDG 16",SDG 3,"SDG 16, SDG 3, SDG 12, SDG 8, SDG 1",SDG 16,"SDG 9, SDG 16, SDG 3, SDG 5, SDG 8",SDG 9,"SDG 3, SDG 8, SDG 9, SDG 12, SDG 16",SDG 3,"SDG 3, SDG 8, SDG 9, SDG 12, SDG 16",SDG 3,Good Health and Well-Being,0.7466
Biopolymer and its nanoparticles for surface coating enhancement of epoxy primer on zinc: electrochemical and surface studies,"SDG 14, SDG 4, SDG 5, SDG 7, SDG 3",SDG 14,"SDG 16, SDG 14, SDG 12, SDG 10, SDG 4",SDG 16,"SDG 16, SDG 14, SDG 10, SDG 13, SDG 11",SDG 16,"SDG 14, SDG 4, SDG 5, SDG 7, SDG 3",SDG 14,"SDG 14, SDG 4, SDG 5, SDG 7, SDG 3",SDG 14,Life Below Water,0.4772
Electrochemical cobalt extraction from grinding sludge for supercapacitor applications via hydro- and solvometallurgical processes,"SDG 12, SDG 7, SDG 15, SDG 4, SDG 9",SDG 12,"SDG 12, SDG 16, SDG 7, SDG 6, SDG 8",SDG 12,"SDG 7, SDG 12, SDG 13, SDG 6, SDG 15",SDG 7,"SDG 12, SDG 7, SDG 15, SDG 9, SDG 6",SDG 12,"SDG 12, SDG 7, SDG 15, SDG 4, SDG 9",SDG 12,Responsible Consumption and Production,0.7654
Versatile Types of Organic-Inorganic Hybrid Materials: From Energy to Advanced Application,"SDG 7, SDG 12, SDG 9, SDG 14, SDG 1",SDG 7,"SDG 7, SDG 11, SDG 16, SDG 13, SDG 10",SDG 7,"SDG 7, SDG 12, SDG 9, SDG 14, SDG 13",SDG 7,"SDG 7, SDG 12, SDG 9, SDG 1, SDG 14",SDG 7,"SDG 7, SDG 12, SDG 9, SDG 14, SDG 1",SDG 7,Affordable and Clean Energy,0.7649
Multifaceted Applications of Unmanned Aerial Vehicle Systems (UAVs) in Precision Agriculture: A Critical Review and Future Research Outlook,"SDG 2, SDG 9, SDG 15, SDG 7, SDG 6",SDG 2,"SDG 2, SDG 15, SDG 14, SDG 9, SDG 6",SDG 2,"SDG 2, SDG 3, SDG 9, SDG 16, SDG 8",SDG 2,"SDG 2, SDG 9, SDG 15, SDG 7, SDG 12",SDG 2,"SDG 2, SDG 9, SDG 15, SDG 7, SDG 6",SDG 2,Zero Hunger,0.6653
TOWARDS SEED SELECTION AND YIELD ASSESSMENT FOR AGRICULTURAL PRODUCTIVITY IN INDIA,"SDG 2, SDG 6, SDG 9, SDG 4, SDG 1",SDG 2,"SDG 2, SDG 8, SDG 1, SDG 10, SDG 15",SDG 2,"SDG 2, SDG 9, SDG 14, SDG 6, SDG 13",SDG 2,"SDG 2, SDG 6, SDG 9, SDG 4, SDG 1",SDG 2,"SDG 2, SDG 6, SDG 9, SDG 4, SDG 1",SDG 2,Zero Hunger,0.8697
Implementation of lean techniques for sustainable workflow process in Indian motor manufacturing unit,"SDG 12, SDG 9, SDG 1, SDG 15, SDG 11",SDG 12,"SDG 9, SDG 12, SDG 16, SDG 7, SDG 8",SDG 9,"SDG 12, SDG 7, SDG 9, SDG 6, SDG 14",SDG 12,"SDG 12, SDG 9, SDG 1, SDG 11, SDG 16",SDG 12,"SDG 12, SDG 9, SDG 1, SDG 15, SDG 11",SDG 12,Responsible Consumption and Production,0.8269
The roots of cancer: Are we missing the forest for the trees?,"SDG 15, SDG 3, SDG 10, SDG 4, SDG 7",SDG 15,"SDG 15, SDG 3, SDG 16, SDG 2, SDG 9",SDG 15,"SDG 15, SDG 13, SDG 7, SDG 6, SDG 11",SDG 15,"SDG 15, SDG 3, SDG 10, SDG 1, SDG 5",SDG 15,"SDG 15, SDG 3, SDG 10, SDG 4, SDG 7",SDG 15,Life on Land,0.9439
Prolonged fever in HIV disease due to Salmonella enetritidis,"SDG 3, SDG 6, SDG 5, SDG 8, SDG 10",SDG 3,"SDG 3, SDG 16, SDG 8, SDG 2, SDG 7",SDG 3,"SDG 3, SDG 8, SDG 14, SDG 13, SDG 4",SDG 3,"SDG 3, SDG 6, SDG 5, SDG 10, SDG 8",SDG 3,"SDG 3, SDG 6, SDG 5, SDG 8, SDG 10",SDG 3,Good Health and Well-Being,0.8912
Detection of chemically ripened fruits based on visual features and non-destructive sensor techniques,"SDG 3, SDG 12, SDG 16, SDG 9, SDG 6",SDG 3,"SDG 16, SDG 2, SDG 12, SDG 15, SDG 4",SDG 16,"SDG 3, SDG 16, SDG 12, SDG 14, SDG 2",SDG 3,"SDG 3, SDG 12, SDG 16, SDG 9, SDG 6",SDG 3,"SDG 3, SDG 12, SDG 16, SDG 9, SDG 6",SDG 3,Good Health and Well-Being,0.4684
Role of nano-formulation in the treatment of onychomycosis,"SDG 3, SDG 1, SDG 15, SDG 2, SDG 6",SDG 3,"SDG 10, SDG 3, SDG 12, SDG 9, SDG 16",SDG 10,"SDG 13, SDG 3, SDG 14, SDG 15, SDG 12",SDG 13,"SDG 3, SDG 1, SDG 15, SDG 2, SDG 13",SDG 3,"SDG 3, SDG 1, SDG 15, SDG 2, SDG 6",SDG 3,Good Health and Well-Being,0.8243
Palaeolimnological records of regime shifts from marine-to-lacustrine system in a coastal Antarctic lake in response to post-glacial isostatic uplift,"SDG 14, SDG 13, SDG 6, SDG 10, SDG 1",SDG 14,"SDG 14, SDG 16, SDG 13, SDG 15, SDG 6",SDG 14,"SDG 14, SDG 13, SDG 15, SDG 7, SDG 2",SDG 14,"SDG 14, SDG 13, SDG 6, SDG 1, SDG 10",SDG 14,"SDG 14, SDG 13, SDG 6, SDG 10, SDG 1",SDG 14,Life Below Water,0.89
Assessment of coping capacity of public health facilities with health emergency situations during an event of flood in Mumbai,"SDG 3, SDG 13, SDG 16, SDG 12, SDG 1",SDG 3,"SDG 3, SDG 13, SDG 7, SDG 6, SDG 1",SDG 3,"SDG 3, SDG 16, SDG 6, SDG 11, SDG 13",SDG 3,"SDG 3, SDG 13, SDG 16, SDG 1, SDG 12",SDG 3,"SDG 3, SDG 13, SDG 16, SDG 12, SDG 1",SDG 3,Good Health and Well-Being,0.7066
Periligature injuries in hanging,"SDG 12, SDG 3, SDG 16, SDG 15, SDG 11",SDG 12,"SDG 16, SDG 3, SDG 1, SDG 9, SDG 8",SDG 16,"SDG 16, SDG 10, SDG 11, SDG 3, SDG 12",SDG 16,"SDG 12, SDG 3, SDG 16, SDG 11, SDG 15",SDG 12,"SDG 12, SDG 3, SDG 16, SDG 15, SDG 11",SDG 12,Responsible Consumption and Production,0.2583
Contextual factors influencing the urban mobility infrastructure interventions and policies for older adults in low- and middle-income countries: a realist review,"SDG 9, SDG 3, SDG 16, SDG 11, SDG 4",SDG 9,"SDG 11, SDG 16, SDG 10, SDG 9, SDG 8",SDG 11,"SDG 16, SDG 9, SDG 11, SDG 3, SDG 2",SDG 16,"SDG 9, SDG 3, SDG 16, SDG 11, SDG 4",SDG 9,"SDG 9, SDG 3, SDG 16, SDG 11, SDG 4",SDG 9,"Industry, Innovation and Infrastructure",0.306
"Geoheritage Values of Chikmagalur District, Dakshina Kannada Region of Karnataka, India","SDG 16, SDG 11, SDG 4, SDG 15, SDG 7",SDG 16,"SDG 15, SDG 6, SDG 11, SDG 9, SDG 16",SDG 15,"SDG 7, SDG 13, SDG 11, SDG 6, SDG 15",SDG 7,"SDG 16, SDG 11, SDG 4, SDG 15, SDG 7",SDG 16,"SDG 16, SDG 11, SDG 4, SDG 15, SDG 7",SDG 16,"Peace, Justice and Strong Institutions",0.3679
Determinants of generation Z pro-environmental travel behaviour: the moderating role of green consumption values,"SDG 12, SDG 11, SDG 7, SDG 16, SDG 15",SDG 12,"SDG 11, SDG 12, SDG 16, SDG 13, SDG 15",SDG 11,"SDG 12, SDG 13, SDG 11, SDG 7, SDG 15",SDG 12,"SDG 12, SDG 11, SDG 7, SDG 16, SDG 13",SDG 12,"SDG 12, SDG 11, SDG 7, SDG 16, SDG 15",SDG 12,Responsible Consumption and Production,0.7241
"Feedstock for biofuel production: starch, oilseeds, lignocellulosic and algae-based, fuel logistics of biomass","SDG 12, SDG 7, SDG 2, SDG 9, SDG 14",SDG 12,"SDG 7, SDG 16, SDG 12, SDG 2, SDG 13",SDG 7,"SDG 7, SDG 13, SDG 2, SDG 12, SDG 15",SDG 7,"SDG 12, SDG 7, SDG 2, SDG 9, SDG 14",SDG 12,"SDG 12, SDG 7, SDG 2, SDG 9, SDG 14",SDG 12,Responsible Consumption and Production,0.5086
Analysis of Principal Component Analysis Algorithm for Various Datasets,"SDG 9, SDG 13, SDG 3, SDG 15, SDG 1",SDG 9,"SDG 8, SDG 3, SDG 9, SDG 12, SDG 2",SDG 8,"SDG 16, SDG 13, SDG 3, SDG 7, SDG 14",SDG 16,"SDG 9, SDG 13, SDG 3, SDG 15, SDG 1",SDG 9,"SDG 9, SDG 13, SDG 3, SDG 15, SDG 1",SDG 9,"Industry, Innovation and Infrastructure",0.2126
The question of onymity and anonymity of a questionnaire in a drug use survey,"SDG 3, SDG 4, SDG 16, SDG 10, SDG 5",SDG 3,"SDG 3, SDG 16, SDG 1, SDG 6, SDG 10",SDG 3,"SDG 3, SDG 16, SDG 11, SDG 1, SDG 14",SDG 3,"SDG 3, SDG 16, SDG 10, SDG 4, SDG 5",SDG 3,"SDG 3, SDG 4, SDG 16, SDG 10, SDG 5",SDG 3,Good Health and Well-Being,0.8207
A study on awareness regarding hepatitis b infection and vaccination among medical students,"SDG 3, SDG 4, SDG 5, SDG 15, SDG 7",SDG 3,"SDG 4, SDG 16, SDG 3, SDG 5, SDG 6",SDG 4,"SDG 3, SDG 4, SDG 16, SDG 1, SDG 8",SDG 3,"SDG 3, SDG 4, SDG 5, SDG 16, SDG 10",SDG 3,"SDG 3, SDG 4, SDG 5, SDG 15, SDG 7",SDG 3,Good Health and Well-Being,0.7241
Thickening of peripheral nerves in neurofibromatosis,"SDG 9, SDG 5, SDG 8, SDG 7, SDG 4",SDG 9,"SDG 16, SDG 3, SDG 10, SDG 8, SDG 11",SDG 16,"SDG 9, SDG 4, SDG 2, SDG 13, SDG 12",SDG 9,"SDG 9, SDG 5, SDG 8, SDG 7, SDG 3",SDG 9,"SDG 9, SDG 5, SDG 8, SDG 7, SDG 4",SDG 9,"Industry, Innovation and Infrastructure",0.4123
"Indoor air temperatures and energy use: A comparative field study of vernacular, conventional, and alternative-technology construction in India","SDG 7, SDG 9, SDG 13, SDG 11, SDG 15",SDG 7,"SDG 7, SDG 11, SDG 9, SDG 13, SDG 16",SDG 7,"SDG 7, SDG 13, SDG 12, SDG 15, SDG 9",SDG 7,"SDG 7, SDG 13, SDG 9, SDG 11, SDG 1",SDG 7,"SDG 7, SDG 9, SDG 13, SDG 11, SDG 15",SDG 7,Affordable and Clean Energy,0.9258
Rising trend of workplace oral health examination,"SDG 3, SDG 4, SDG 13, SDG 5, SDG 1",SDG 3,"SDG 3, SDG 10, SDG 6, SDG 16, SDG 8",SDG 3,"SDG 3, SDG 1, SDG 5, SDG 16, SDG 2",SDG 3,"SDG 3, SDG 4, SDG 13, SDG 5, SDG 1",SDG 3,"SDG 3, SDG 4, SDG 13, SDG 5, SDG 1",SDG 3,Good Health and Well-Being,0.8498
Psychosocial Rehabilitation: The Need for Clarity,"SDG 3, SDG 4, SDG 7, SDG 6, SDG 11",SDG 3,"SDG 3, SDG 16, SDG 1, SDG 10, SDG 15",SDG 3,"SDG 15, SDG 3, SDG 11, SDG 6, SDG 14",SDG 15,"SDG 3, SDG 4, SDG 7, SDG 11, SDG 6",SDG 3,"SDG 3, SDG 4, SDG 7, SDG 6, SDG 11",SDG 3,Good Health and Well-Being,0.3658
Actinomycosis of the scalp or tuberculosis? A clinical conundrum!,"SDG 3, SDG 7, SDG 4, SDG 10, SDG 5",SDG 3,"SDG 16, SDG 3, SDG 10, SDG 9, SDG 8",SDG 16,"SDG 3, SDG 8, SDG 1, SDG 5, SDG 4",SDG 3,"SDG 3, SDG 7, SDG 5, SDG 4, SDG 10",SDG 3,"SDG 3, SDG 7, SDG 4, SDG 10, SDG 5",SDG 3,Good Health and Well-Being,0.8035
Microbial contamination of cell phones in surgery ward of a tertiary care hospital in South India,"SDG 3, SDG 7, SDG 5, SDG 1, SDG 13",SDG 3,"SDG 16, SDG 3, SDG 10, SDG 12, SDG 9",SDG 16,"SDG 3, SDG 10, SDG 5, SDG 8, SDG 9",SDG 3,"SDG 3, SDG 7, SDG 5, SDG 1, SDG 13",SDG 3,"SDG 3, SDG 7, SDG 5, SDG 1, SDG 13",SDG 3,Good Health and Well-Being,0.8771
Doctoring in the time of COVID-19 - Lessons learned,"SDG 5, SDG 13, SDG 15, SDG 8, SDG 9",SDG 5,"SDG 3, SDG 15, SDG 5, SDG 8, SDG 6",SDG 3,"SDG 15, SDG 5, SDG 12, SDG 13, SDG 16",SDG 15,"SDG 5, SDG 13, SDG 15, SDG 8, SDG 9",SDG 5,"SDG 5, SDG 13, SDG 15, SDG 8, SDG 9",SDG 5,Gender Equality,0.2038
Management of psychiatric disorders in patients with hepatic and gastrointestinal diseases,"SDG 3, SDG 14, SDG 6, SDG 2, SDG 12",SDG 3,"SDG 3, SDG 16, SDG 2, SDG 12, SDG 9",SDG 3,"SDG 3, SDG 5, SDG 6, SDG 8, SDG 16",SDG 3,"SDG 3, SDG 14, SDG 6, SDG 1, SDG 2",SDG 3,"SDG 3, SDG 14, SDG 6, SDG 2, SDG 12",SDG 3,Good Health and Well-Being,0.9372
Redefining an Optimal Donor Deferral Period following Hepatitis B Immunization,"SDG 3, SDG 5, SDG 1, SDG 7, SDG 9",SDG 3,"SDG 3, SDG 16, SDG 8, SDG 10, SDG 2",SDG 3,"SDG 3, SDG 14, SDG 1, SDG 8, SDG 12",SDG 3,"SDG 3, SDG 5, SDG 1, SDG 7, SDG 9",SDG 3,"SDG 3, SDG 5, SDG 1, SDG 7, SDG 9",SDG 3,Good Health and Well-Being,0.494
Need for palliative care education in India: Can online palliative care education bridge these needs?,"SDG 4, SDG 3, SDG 8, SDG 9, SDG 10",SDG 4,"SDG 3, SDG 4, SDG 9, SDG 7, SDG 16",SDG 3,"SDG 4, SDG 5, SDG 8, SDG 10, SDG 3",SDG 4,"SDG 4, SDG 3, SDG 8, SDG 9, SDG 10",SDG 4,"SDG 4, SDG 3, SDG 8, SDG 9, SDG 10",SDG 4,Quality Education,0.5539
Cancer pain relief in India,"SDG 3, SDG 7, SDG 10, SDG 8, SDG 6",SDG 3,"SDG 3, SDG 16, SDG 8, SDG 7, SDG 10",SDG 3,"SDG 3, SDG 7, SDG 10, SDG 15, SDG 6",SDG 3,"SDG 3, SDG 7, SDG 10, SDG 1, SDG 8",SDG 3,"SDG 3, SDG 7, SDG 10, SDG 8, SDG 6",SDG 3,Good Health and Well-Being,0.5491
Simple doable goals: a roadmap for multinationals to help achieve the UN’s sustainable development goals,"SDG 9, SDG 12, SDG 5, SDG 11, SDG 4",SDG 9,"SDG 14, SDG 9, SDG 13, SDG 12, SDG 1",SDG 14,"SDG 9, SDG 12, SDG 14, SDG 11, SDG 8",SDG 9,"SDG 9, SDG 12, SDG 5, SDG 11, SDG 1",SDG 9,"SDG 9, SDG 12, SDG 5, SDG 11, SDG 4",SDG 9,"Industry, Innovation and Infrastructure",0.7801
A review on global perspectives of sustainable development in bioenergy generation,"SDG 12, SDG 7, SDG 2, SDG 10, SDG 13",SDG 12,"SDG 16, SDG 7, SDG 13, SDG 12, SDG 15",SDG 16,"SDG 13, SDG 7, SDG 15, SDG 14, SDG 12",SDG 13,"SDG 12, SDG 7, SDG 2, SDG 10, SDG 13",SDG 12,"SDG 12, SDG 7, SDG 2, SDG 10, SDG 13",SDG 12,Responsible Consumption and Production,0.4172
Planning of Electric Vehicle Charging Stations for Four Wheeled Passenger Vehicles in Guwahati: An Approach through Genetic Algorithm,"SDG 11, SDG 9, SDG 1, SDG 6, SDG 10",SDG 11,"SDG 11, SDG 7, SDG 9, SDG 2, SDG 15",SDG 11,"SDG 11, SDG 9, SDG 7, SDG 16, SDG 10",SDG 11,"SDG 11, SDG 9, SDG 1, SDG 10, SDG 7",SDG 11,"SDG 11, SDG 9, SDG 1, SDG 6, SDG 10",SDG 11,Sustainable Cities and Communities,0.8969
Adsorptive removal of fluoride from water using hydroxyapatite synthesized from marine shell waste,"SDG 6, SDG 14, SDG 12, SDG 15, SDG 3",SDG 6,"SDG 16, SDG 6, SDG 12, SDG 10, SDG 8",SDG 16,"SDG 14, SDG 6, SDG 12, SDG 7, SDG 13",SDG 14,"SDG 6, SDG 14, SDG 12, SDG 15, SDG 3",SDG 6,"SDG 6, SDG 14, SDG 12, SDG 15, SDG 3",SDG 6,Clean Water and Sanitation,0.5119
Unveiling Traffic Patterns for Effective Traffic Management System,"SDG 11, SDG 16, SDG 9, SDG 2, SDG 14",SDG 11,"SDG 11, SDG 16, SDG 7, SDG 8, SDG 15",SDG 11,"SDG 16, SDG 11, SDG 9, SDG 13, SDG 3",SDG 16,"SDG 11, SDG 16, SDG 9, SDG 2, SDG 13",SDG 11,"SDG 11, SDG 16, SDG 9, SDG 2, SDG 14",SDG 11,Sustainable Cities and Communities,0.5396
Analysis of power dynamics in sustainable supply chain under non-linear demand setup,"SDG 7, SDG 12, SDG 10, SDG 16, SDG 11",SDG 7,"SDG 7, SDG 9, SDG 12, SDG 16, SDG 6",SDG 7,"SDG 7, SDG 9, SDG 13, SDG 12, SDG 15",SDG 7,"SDG 7, SDG 12, SDG 10, SDG 16, SDG 11",SDG 7,"SDG 7, SDG 12, SDG 10, SDG 16, SDG 11",SDG 7,Affordable and Clean Energy,0.3469
"A comprehensive study on anaerobic digestion of organic solid waste: A review on configurations, operating parameters, techno-economic analysis and current trends","SDG 12, SDG 7, SDG 14, SDG 9, SDG 13",SDG 12,"SDG 16, SDG 12, SDG 6, SDG 3, SDG 11",SDG 16,"SDG 12, SDG 7, SDG 15, SDG 14, SDG 13",SDG 12,"SDG 12, SDG 7, SDG 14, SDG 13, SDG 9",SDG 12,"SDG 12, SDG 7, SDG 14, SDG 9, SDG 13",SDG 12,Responsible Consumption and Production,0.8912
"Lithium not only stabilizes mood, it is also neuroprotective","SDG 3, SDG 5, SDG 9, SDG 7, SDG 15",SDG 3,"SDG 3, SDG 7, SDG 16, SDG 1, SDG 11",SDG 3,"SDG 2, SDG 12, SDG 9, SDG 15, SDG 3",SDG 2,"SDG 3, SDG 5, SDG 9, SDG 7, SDG 15",SDG 3,"SDG 3, SDG 5, SDG 9, SDG 7, SDG 15",SDG 3,Good Health and Well-Being,0.3126
Unusual Tubercular Abscesses in Two Elderly Women,"SDG 5, SDG 11, SDG 1, SDG 10, SDG 9",SDG 5,"SDG 16, SDG 3, SDG 8, SDG 5, SDG 9",SDG 16,"SDG 5, SDG 3, SDG 8, SDG 9, SDG 1",SDG 5,"SDG 5, SDG 11, SDG 3, SDG 1, SDG 10",SDG 5,"SDG 5, SDG 11, SDG 1, SDG 10, SDG 9",SDG 5,Gender Equality,0.9493
Drug-resistant tuberculosis: Progress towards shorter and safer regimens,"SDG 3, SDG 7, SDG 10, SDG 4, SDG 11",SDG 3,"SDG 3, SDG 16, SDG 8, SDG 10, SDG 15",SDG 3,"SDG 3, SDG 11, SDG 1, SDG 4, SDG 10",SDG 3,"SDG 3, SDG 7, SDG 10, SDG 11, SDG 13",SDG 3,"SDG 3, SDG 7, SDG 10, SDG 4, SDG 11",SDG 3,Good Health and Well-Being,0.8428
Ten years on: Time for a public health celebration or sober reflection?,"SDG 3, SDG 16, SDG 6, SDG 4, SDG 9",SDG 3,"SDG 3, SDG 16, SDG 12, SDG 1, SDG 8",SDG 3,"SDG 3, SDG 16, SDG 6, SDG 5, SDG 11",SDG 3,"SDG 3, SDG 16, SDG 4, SDG 8, SDG 6",SDG 3,"SDG 3, SDG 16, SDG 6, SDG 4, SDG 9",SDG 3,Good Health and Well-Being,0.6534
Acute haemorrhagic encephalomyelitis following dengue infection,"SDG 3, SDG 9, SDG 5, SDG 7, SDG 6",SDG 3,"SDG 16, SDG 8, SDG 3, SDG 1, SDG 7",SDG 16,"SDG 3, SDG 13, SDG 4, SDG 15, SDG 10",SDG 3,"SDG 3, SDG 9, SDG 5, SDG 7, SDG 6",SDG 3,"SDG 3, SDG 9, SDG 5, SDG 7, SDG 6",SDG 3,Good Health and Well-Being,0.474
Optic disc granuloma: A rare presentation of tuberculosis,"SDG 9, SDG 15, SDG 3, SDG 4, SDG 5",SDG 9,"SDG 16, SDG 8, SDG 10, SDG 3, SDG 15",SDG 16,"SDG 8, SDG 3, SDG 12, SDG 2, SDG 9",SDG 8,"SDG 9, SDG 15, SDG 3, SDG 4, SDG 5",SDG 9,"SDG 9, SDG 15, SDG 3, SDG 4, SDG 5",SDG 9,"Industry, Innovation and Infrastructure",0.3423
Cytotoxic activity of Macrosolen parasiticus (L.) Danser on the growth of breast cancer cell line (MCF-7),"SDG 3, SDG 8, SDG 9, SDG 7, SDG 15",SDG 3,"SDG 16, SDG 12, SDG 3, SDG 8, SDG 14",SDG 16,"SDG 3, SDG 11, SDG 1, SDG 2, SDG 6",SDG 3,"SDG 3, SDG 8, SDG 9, SDG 7, SDG 10",SDG 3,"SDG 3, SDG 8, SDG 9, SDG 7, SDG 15",SDG 3,Good Health and Well-Being,0.7649
Integrating Mixed Method Research in Palliative Care of Cancer Patients: Enhancing Holistic Understanding and Patient-Centered Care,"SDG 3, SDG 5, SDG 7, SDG 8, SDG 10",SDG 3,"SDG 3, SDG 16, SDG 7, SDG 4, SDG 5",SDG 3,"SDG 3, SDG 16, SDG 8, SDG 10, SDG 5",SDG 3,"SDG 3, SDG 5, SDG 4, SDG 1, SDG 8",SDG 3,"SDG 3, SDG 5, SDG 7, SDG 8, SDG 10",SDG 3,Good Health and Well-Being,0.9478
"Antidiabetic activity of aqueous extract of Parkinsonia Aculeata in alloxan induced diabetic rats, with emphasis on diabetic complications","SDG 3, SDG 2, SDG 5, SDG 10, SDG 11",SDG 3,"SDG 3, SDG 16, SDG 15, SDG 10, SDG 2",SDG 3,"SDG 3, SDG 10, SDG 8, SDG 15, SDG 5",SDG 3,"SDG 3, SDG 2, SDG 5, SDG 10, SDG 11",SDG 3,"SDG 3, SDG 2, SDG 5, SDG 10, SDG 11",SDG 3,Good Health and Well-Being,0.4342
Preparation and characterization of nanosuspension of tamoxifen citrate for intra-venous administration in drug resistant breast cancer cells,"SDG 3, SDG 8, SDG 6, SDG 13, SDG 4",SDG 3,"SDG 16, SDG 3, SDG 10, SDG 8, SDG 15",SDG 16,"SDG 3, SDG 6, SDG 11, SDG 1, SDG 14",SDG 3,"SDG 3, SDG 8, SDG 6, SDG 13, SDG 1",SDG 3,"SDG 3, SDG 8, SDG 6, SDG 13, SDG 4",SDG 3,Good Health and Well-Being,0.9041
"""Suicidal poisoning in Southern India: Gender differences""-Authors' response","SDG 5, SDG 6, SDG 1, SDG 7, SDG 10",SDG 5,"SDG 3, SDG 5, SDG 7, SDG 16, SDG 1",SDG 3,"SDG 5, SDG 10, SDG 1, SDG 2, SDG 8",SDG 5,"SDG 5, SDG 6, SDG 1, SDG 7, SDG 10",SDG 5,"SDG 5, SDG 6, SDG 1, SDG 7, SDG 10",SDG 5,Gender Equality,0.7573
A study on stroke and its outcome in young adults (15-45 Years) from coastal South India,"SDG 4, SDG 3, SDG 14, SDG 15, SDG 8",SDG 4,"SDG 3, SDG 8, SDG 16, SDG 1, SDG 15",SDG 3,"SDG 15, SDG 14, SDG 7, SDG 13, SDG 9",SDG 15,"SDG 4, SDG 3, SDG 14, SDG 8, SDG 15",SDG 4,"SDG 4, SDG 3, SDG 14, SDG 15, SDG 8",SDG 4,Quality Education,0.2405
Risk factors for malnutrition among preschool children in rural Karnataka: A case-control study,"SDG 2, SDG 3, SDG 8, SDG 7, SDG 1",SDG 2,"SDG 2, SDG 1, SDG 3, SDG 8, SDG 7",SDG 2,"SDG 2, SDG 3, SDG 13, SDG 14, SDG 6",SDG 2,"SDG 2, SDG 3, SDG 8, SDG 1, SDG 7",SDG 2,"SDG 2, SDG 3, SDG 8, SDG 7, SDG 1",SDG 2,Zero Hunger,0.5099
Splitfed learning for smart agriculture,"SDG 3, SDG 4, SDG 9, SDG 16, SDG 10",SDG 3,"SDG 9, SDG 2, SDG 8, SDG 7, SDG 1",SDG 9,"SDG 3, SDG 4, SDG 9, SDG 16, SDG 8",SDG 3,"SDG 3, SDG 4, SDG 9, SDG 16, SDG 10",SDG 3,"SDG 3, SDG 4, SDG 9, SDG 16, SDG 10",SDG 3,Good Health and Well-Being,0.3503
Streamlined electrochemical harvesting of cobalt and nickel from soft cemented carbide scrap for superior supercapacitors,"SDG 12, SDG 15, SDG 7, SDG 13, SDG 5",SDG 12,"SDG 16, SDG 12, SDG 7, SDG 15, SDG 9",SDG 16,"SDG 13, SDG 7, SDG 12, SDG 14, SDG 15",SDG 13,"SDG 12, SDG 15, SDG 7, SDG 13, SDG 5",SDG 12,"SDG 12, SDG 15, SDG 7, SDG 13, SDG 5",SDG 12,Responsible Consumption and Production,0.3358
Challenges faced by women entrepreneurs in South Asian countries using interpretive structural modeling,"SDG 5, SDG 4, SDG 10, SDG 8, SDG 2",SDG 5,"SDG 5, SDG 8, SDG 1, SDG 9, SDG 13",SDG 5,"SDG 5, SDG 8, SDG 9, SDG 1, SDG 10",SDG 5,"SDG 5, SDG 4, SDG 10, SDG 8, SDG 1",SDG 5,"SDG 5, SDG 4, SDG 10, SDG 8, SDG 2",SDG 5,Gender Equality,0.9367
Repurposing invasive plants: A sustainable solution for environmental restoration,"SDG 15, SDG 7, SDG 12, SDG 14, SDG 8",SDG 15,"SDG 15, SDG 16, SDG 7, SDG 12, SDG 13",SDG 15,"SDG 15, SDG 7, SDG 6, SDG 13, SDG 11",SDG 15,"SDG 15, SDG 7, SDG 12, SDG 13, SDG 14",SDG 15,"SDG 15, SDG 7, SDG 12, SDG 14, SDG 8",SDG 15,Life on Land,0.7022
Two-dimensional molybdenum oxides and sulfides for energy systems: Toward efficient and eco-friendly solutions,"SDG 7, SDG 12, SDG 9, SDG 16, SDG 8",SDG 7,"SDG 16, SDG 7, SDG 12, SDG 11, SDG 13",SDG 16,"SDG 7, SDG 12, SDG 13, SDG 9, SDG 15",SDG 7,"SDG 7, SDG 12, SDG 9, SDG 13, SDG 16",SDG 7,"SDG 7, SDG 12, SDG 9, SDG 16, SDG 8",SDG 7,Affordable and Clean Energy,0.7906
An Enhanced Car Parking Detection Using YOLOv8 Deep Learning Capabilities,"SDG 11, SDG 9, SDG 4, SDG 7, SDG 1",SDG 11,"SDG 8, SDG 15, SDG 11, SDG 16, SDG 7",SDG 8,"SDG 9, SDG 11, SDG 7, SDG 13, SDG 12",SDG 9,"SDG 11, SDG 9, SDG 4, SDG 7, SDG 1",SDG 11,"SDG 11, SDG 9, SDG 4, SDG 7, SDG 1",SDG 11,Sustainable Cities and Communities,0.8581
8 “S” in oral cancer,"SDG 3, SDG 7, SDG 4, SDG 10, SDG 15",SDG 3,"SDG 3, SDG 16, SDG 10, SDG 9, SDG 5",SDG 3,"SDG 3, SDG 6, SDG 15, SDG 7, SDG 4",SDG 3,"SDG 3, SDG 7, SDG 4, SDG 10, SDG 2",SDG 3,"SDG 3, SDG 7, SDG 4, SDG 10, SDG 15",SDG 3,Good Health and Well-Being,0.8501
Toxicological Impacts and Microbial-Mediated Degradation Processes of Microplastics,"SDG 12, SDG 14, SDG 15, SDG 2, SDG 3",SDG 12,"SDG 14, SDG 12, SDG 16, SDG 6, SDG 11",SDG 14,"SDG 12, SDG 14, SDG 2, SDG 13, SDG 15",SDG 12,"SDG 12, SDG 14, SDG 15, SDG 2, SDG 3",SDG 12,"SDG 12, SDG 14, SDG 15, SDG 2, SDG 3",SDG 12,Responsible Consumption and Production,0.4327
The first report on the source-to-sink characterization of microplastic pollution from a riverine environment in tropical India,"SDG 14, SDG 6, SDG 12, SDG 1, SDG 2",SDG 14,"SDG 14, SDG 6, SDG 16, SDG 12, SDG 9",SDG 14,"SDG 14, SDG 6, SDG 15, SDG 13, SDG 12",SDG 14,"SDG 14, SDG 6, SDG 12, SDG 1, SDG 13",SDG 14,"SDG 14, SDG 6, SDG 12, SDG 1, SDG 2",SDG 14,Life Below Water,0.5136
Self-moisturizing contact lens employing capillary flow,"SDG 9, SDG 3, SDG 16, SDG 6, SDG 10",SDG 9,"SDG 16, SDG 10, SDG 6, SDG 3, SDG 1",SDG 16,"SDG 9, SDG 16, SDG 14, SDG 12, SDG 2",SDG 9,"SDG 9, SDG 3, SDG 16, SDG 6, SDG 10",SDG 9,"SDG 9, SDG 3, SDG 16, SDG 6, SDG 10",SDG 9,"Industry, Innovation and Infrastructure",0.5465
Simultaneous occurrence of amoebic liver abscess and cecal ameboma,"SDG 9, SDG 5, SDG 3, SDG 10, SDG 4",SDG 9,"SDG 16, SDG 3, SDG 8, SDG 4, SDG 12",SDG 16,"SDG 9, SDG 3, SDG 6, SDG 12, SDG 15",SDG 9,"SDG 9, SDG 5, SDG 3, SDG 4, SDG 10",SDG 9,"SDG 9, SDG 5, SDG 3, SDG 10, SDG 4",SDG 9,"Industry, Innovation and Infrastructure",0.1607
Thirty years after German reunification: Population health between solidarity and global competitiveness,"SDG 3, SDG 16, SDG 7, SDG 10, SDG 5",SDG 3,"SDG 3, SDG 16, SDG 10, SDG 1, SDG 8",SDG 3,"SDG 3, SDG 16, SDG 5, SDG 14, SDG 9",SDG 3,"SDG 3, SDG 16, SDG 10, SDG 7, SDG 5",SDG 3,"SDG 3, SDG 16, SDG 7, SDG 10, SDG 5",SDG 3,Good Health and Well-Being,0.766
Author's reply to Krishnamurthy et al. and Thiagarajan,"SDG 16, SDG 1, SDG 9, SDG 6, SDG 12",SDG 16,"SDG 3, SDG 7, SDG 10, SDG 9, SDG 1",SDG 3,"SDG 12, SDG 7, SDG 15, SDG 6, SDG 13",SDG 12,"SDG 16, SDG 1, SDG 9, SDG 6, SDG 12",SDG 16,"SDG 16, SDG 1, SDG 9, SDG 6, SDG 12",SDG 16,"Peace, Justice and Strong Institutions",0.2974
Problems in using WhatsApp groups for survey research,"SDG 10, SDG 1, SDG 4, SDG 3, SDG 8",SDG 10,"SDG 1, SDG 16, SDG 4, SDG 10, SDG 3",SDG 1,"SDG 5, SDG 6, SDG 3, SDG 15, SDG 8",SDG 5,"SDG 10, SDG 1, SDG 4, SDG 3, SDG 8",SDG 10,"SDG 10, SDG 1, SDG 4, SDG 3, SDG 8",SDG 10,Reduced Inequalities,0.2935
Schrödinger's Cat Paradox: Bartonella Serology Cannot Be Used to Speciate Bartonella Endocarditis,"SDG 11, SDG 2, SDG 4, SDG 8, SDG 9",SDG 11,"SDG 16, SDG 3, SDG 15, SDG 14, SDG 1",SDG 16,"SDG 16, SDG 15, SDG 8, SDG 10, SDG 5",SDG 16,"SDG 11, SDG 2, SDG 4, SDG 8, SDG 9",SDG 11,"SDG 11, SDG 2, SDG 4, SDG 8, SDG 9",SDG 11,Sustainable Cities and Communities,0.1165
Realization of smart city based on IoT and AI,"SDG 11, SDG 5, SDG 2, SDG 4, SDG 10",SDG 11,"SDG 11, SDG 16, SDG 1, SDG 9, SDG 12",SDG 11,"SDG 11, SDG 7, SDG 6, SDG 9, SDG 3",SDG 11,"SDG 11, SDG 5, SDG 7, SDG 4, SDG 1",SDG 11,"SDG 11, SDG 5, SDG 2, SDG 4, SDG 10",SDG 11,Sustainable Cities and Communities,0.9371
Targeting Prediabetes to Preempt Diabetes,"SDG 3, SDG 1, SDG 10, SDG 2, SDG 12",SDG 3,"SDG 3, SDG 16, SDG 13, SDG 1, SDG 8",SDG 3,"SDG 3, SDG 16, SDG 1, SDG 2, SDG 12",SDG 3,"SDG 3, SDG 1, SDG 10, SDG 5, SDG 2",SDG 3,"SDG 3, SDG 1, SDG 10, SDG 2, SDG 12",SDG 3,Good Health and Well-Being,0.8159
Planning an energy management program based on hospital electricity consumption in a tertiary care hospital in South India,"SDG 7, SDG 3, SDG 12, SDG 13, SDG 14",SDG 7,"SDG 7, SDG 3, SDG 12, SDG 8, SDG 1",SDG 7,"SDG 7, SDG 3, SDG 12, SDG 13, SDG 11",SDG 7,"SDG 7, SDG 3, SDG 13, SDG 12, SDG 1",SDG 7,"SDG 7, SDG 3, SDG 12, SDG 13, SDG 14",SDG 7,Affordable and Clean Energy,0.8324
A Triple-Tied PV Array scheme with Grey Wolf Optimization based MPPT Approach for Maximum Power Harvesting Under Partial Shading,"SDG 7, SDG 14, SDG 15, SDG 13, SDG 16",SDG 7,"SDG 7, SDG 16, SDG 15, SDG 1, SDG 6",SDG 7,"SDG 7, SDG 13, SDG 10, SDG 12, SDG 9",SDG 7,"SDG 7, SDG 16, SDG 1, SDG 13, SDG 8",SDG 7,"SDG 7, SDG 14, SDG 15, SDG 13, SDG 16",SDG 7,Affordable and Clean Energy,0.9408
"Analyzing land use land cover changes in Mysuru taluk, Karnataka state, India using vision transformers","SDG 15, SDG 9, SDG 13, SDG 1, SDG 11",SDG 15,"SDG 15, SDG 1, SDG 11, SDG 7, SDG 8",SDG 15,"SDG 16, SDG 11, SDG 9, SDG 13, SDG 2",SDG 16,"SDG 15, SDG 9, SDG 13, SDG 1, SDG 11",SDG 15,"SDG 15, SDG 9, SDG 13, SDG 1, SDG 11",SDG 15,Life on Land,0.5016
Experimental investigation of heat transfer rate for building roof with corrugated sheets using phase change material (PCM),"SDG 7, SDG 13, SDG 11, SDG 12, SDG 9",SDG 7,"SDG 7, SDG 16, SDG 4, SDG 13, SDG 10",SDG 7,"SDG 7, SDG 13, SDG 15, SDG 12, SDG 6",SDG 7,"SDG 7, SDG 13, SDG 11, SDG 12, SDG 9",SDG 7,"SDG 7, SDG 13, SDG 11, SDG 12, SDG 9",SDG 7,Affordable and Clean Energy,0.8767
Applications of Remote Sensing and GIS Techniques in Monitoring and Assessment of Land Surface Temperature (LST),"SDG 13, SDG 11, SDG 15, SDG 14, SDG 5",SDG 13,"SDG 13, SDG 11, SDG 15, SDG 7, SDG 1",SDG 13,"SDG 13, SDG 15, SDG 14, SDG 11, SDG 7",SDG 13,"SDG 13, SDG 11, SDG 15, SDG 1, SDG 5",SDG 13,"SDG 13, SDG 11, SDG 15, SDG 14, SDG 5",SDG 13,Climate Action,0.59
Exploring the detrimental effects of nanoplastics on ecosystems and human health,"SDG 12, SDG 6, SDG 15, SDG 14, SDG 9",SDG 12,"SDG 16, SDG 6, SDG 12, SDG 14, SDG 11",SDG 16,"SDG 12, SDG 6, SDG 15, SDG 13, SDG 14",SDG 12,"SDG 12, SDG 6, SDG 15, SDG 1, SDG 11",SDG 12,"SDG 12, SDG 6, SDG 15, SDG 14, SDG 9",SDG 12,Responsible Consumption and Production,0.615
Production of bioethanol from food waste: Status and perspectives,"SDG 12, SDG 7, SDG 2, SDG 14, SDG 13",SDG 12,"SDG 12, SDG 2, SDG 16, SDG 7, SDG 14",SDG 12,"SDG 12, SDG 14, SDG 2, SDG 7, SDG 6",SDG 12,"SDG 12, SDG 7, SDG 2, SDG 13, SDG 1",SDG 12,"SDG 12, SDG 7, SDG 2, SDG 14, SDG 13",SDG 12,Responsible Consumption and Production,0.9279
Compact Right-Handed Circularly Polarized V-Shaped Patch Array Antenna for Nanosatellites,"SDG 9, SDG 16, SDG 10, SDG 11, SDG 7",SDG 9,"SDG 14, SDG 16, SDG 8, SDG 9, SDG 7",SDG 14,"SDG 9, SDG 13, SDG 16, SDG 15, SDG 5",SDG 9,"SDG 9, SDG 16, SDG 7, SDG 10, SDG 11",SDG 9,"SDG 9, SDG 16, SDG 10, SDG 11, SDG 7",SDG 9,"Industry, Innovation and Infrastructure",0.8498
Fluoroquinolone resistant bacteria in nosocomial UTI [8],"SDG 3, SDG 14, SDG 2, SDG 13, SDG 4",SDG 3,"SDG 16, SDG 3, SDG 11, SDG 6, SDG 8",SDG 16,"SDG 12, SDG 3, SDG 11, SDG 6, SDG 7",SDG 12,"SDG 3, SDG 14, SDG 2, SDG 13, SDG 4",SDG 3,"SDG 3, SDG 14, SDG 2, SDG 13, SDG 4",SDG 3,Good Health and Well-Being,0.6474
Health literacy and public health genomics: Innovation management by citizens,"SDG 3, SDG 16, SDG 9, SDG 14, SDG 6",SDG 3,"SDG 16, SDG 3, SDG 9, SDG 7, SDG 2",SDG 16,"SDG 3, SDG 16, SDG 9, SDG 14, SDG 12",SDG 3,"SDG 3, SDG 16, SDG 9, SDG 11, SDG 4",SDG 3,"SDG 3, SDG 16, SDG 9, SDG 14, SDG 6",SDG 3,Good Health and Well-Being,0.7833
Collateral damage due to COVID-19,"SDG 13, SDG 15, SDG 5, SDG 6, SDG 7",SDG 13,"SDG 3, SDG 16, SDG 5, SDG 11, SDG 8",SDG 3,"SDG 12, SDG 2, SDG 15, SDG 13, SDG 4",SDG 12,"SDG 13, SDG 15, SDG 5, SDG 6, SDG 7",SDG 13,"SDG 13, SDG 15, SDG 5, SDG 6, SDG 7",SDG 13,Climate Action,0.1683
Intensive lifestyle intervention in type 2 diabetes,"SDG 3, SDG 13, SDG 15, SDG 12, SDG 9",SDG 3,"SDG 3, SDG 1, SDG 16, SDG 12, SDG 2",SDG 3,"SDG 3, SDG 16, SDG 6, SDG 11, SDG 12",SDG 3,"SDG 3, SDG 13, SDG 12, SDG 15, SDG 9",SDG 3,"SDG 3, SDG 13, SDG 15, SDG 12, SDG 9",SDG 3,Good Health and Well-Being,0.8217
"Quality of psychiatry journals published from India: Insights for readers, researchers, and publishers","SDG 9, SDG 7, SDG 4, SDG 3, SDG 6",SDG 9,"SDG 3, SDG 16, SDG 7, SDG 5, SDG 10",SDG 3,"SDG 7, SDG 16, SDG 13, SDG 9, SDG 8",SDG 7,"SDG 9, SDG 7, SDG 4, SDG 3, SDG 6",SDG 9,"SDG 9, SDG 7, SDG 4, SDG 3, SDG 6",SDG 9,"Industry, Innovation and Infrastructure",0.406
A two-way relationship between the head and neck cancer and esophageal cancer,"SDG 3, SDG 16, SDG 7, SDG 10, SDG 15",SDG 3,"SDG 16, SDG 3, SDG 7, SDG 4, SDG 10",SDG 16,"SDG 3, SDG 6, SDG 16, SDG 15, SDG 9",SDG 3,"SDG 3, SDG 16, SDG 10, SDG 7, SDG 1",SDG 3,"SDG 3, SDG 16, SDG 7, SDG 10, SDG 15",SDG 3,Good Health and Well-Being,0.8646
European data-driven economy: A lighthouse initiative on Personalised Medicine,"SDG 3, SDG 7, SDG 8, SDG 16, SDG 10",SDG 3,"SDG 3, SDG 9, SDG 1, SDG 7, SDG 10",SDG 3,"SDG 3, SDG 13, SDG 11, SDG 2, SDG 7",SDG 3,"SDG 3, SDG 7, SDG 8, SDG 16, SDG 10",SDG 3,"SDG 3, SDG 7, SDG 8, SDG 16, SDG 10",SDG 3,Good Health and Well-Being,0.767
The 'HOPE' for primary prevention of cardiovascular disease: An Asian perspective,"SDG 3, SDG 14, SDG 7, SDG 4, SDG 9",SDG 3,"SDG 3, SDG 16, SDG 13, SDG 10, SDG 1",SDG 3,"SDG 3, SDG 14, SDG 4, SDG 16, SDG 11",SDG 3,"SDG 3, SDG 8, SDG 10, SDG 4, SDG 1",SDG 3,"SDG 3, SDG 14, SDG 7, SDG 4, SDG 9",SDG 3,Good Health and Well-Being,0.9042
Real-time emergency event detection system for public safety using multi-source data,"SDG 11, SDG 16, SDG 9, SDG 3, SDG 7",SDG 11,"SDG 16, SDG 11, SDG 13, SDG 9, SDG 8",SDG 16,"SDG 11, SDG 9, SDG 16, SDG 7, SDG 8",SDG 11,"SDG 11, SDG 16, SDG 9, SDG 1, SDG 7",SDG 11,"SDG 11, SDG 16, SDG 9, SDG 3, SDG 7",SDG 11,Sustainable Cities and Communities,0.5965
Selection of Strategic Sampling Sites for River Quality Assessments Near Mined Areas as a Policy Handle for Low-Impact Development and Biodiversity Conservation: A Case Study of River Godavari,"SDG 15, SDG 6, SDG 11, SDG 13, SDG 9",SDG 15,"SDG 6, SDG 15, SDG 9, SDG 11, SDG 13",SDG 6,"SDG 15, SDG 6, SDG 13, SDG 14, SDG 11",SDG 15,"SDG 15, SDG 6, SDG 11, SDG 13, SDG 1",SDG 15,"SDG 15, SDG 6, SDG 11, SDG 13, SDG 9",SDG 15,Life on Land,0.8868
Implications of paradigm shift in tourism policy: An evidence of Bhutan,"SDG 12, SDG 8, SDG 16, SDG 13, SDG 9",SDG 12,"SDG 8, SDG 12, SDG 1, SDG 11, SDG 16",SDG 8,"SDG 8, SDG 12, SDG 10, SDG 9, SDG 7",SDG 8,"SDG 8, SDG 12, SDG 16, SDG 13, SDG 9",SDG 8,"SDG 12, SDG 8, SDG 16, SDG 13, SDG 9",SDG 12,Responsible Consumption and Production,0.4416
Determinants influencing the entrepreneurial success of MSMEs in emerging economies: a study of Indian women entrepreneurs,"SDG 5, SDG 1, SDG 9, SDG 12, SDG 16",SDG 5,"SDG 5, SDG 8, SDG 1, SDG 9, SDG 13",SDG 5,"SDG 5, SDG 8, SDG 3, SDG 10, SDG 2",SDG 5,"SDG 5, SDG 1, SDG 9, SDG 16, SDG 10",SDG 5,"SDG 5, SDG 1, SDG 9, SDG 12, SDG 16",SDG 5,Gender Equality,0.9278
Beyond the screen: unfolding digital finance usage through a gendered lens during and after COVID-19,"SDG 9, SDG 5, SDG 8, SDG 1, SDG 16",SDG 9,"SDG 9, SDG 5, SDG 10, SDG 8, SDG 1",SDG 9,"SDG 9, SDG 8, SDG 11, SDG 5, SDG 2",SDG 9,"SDG 9, SDG 5, SDG 8, SDG 1, SDG 16",SDG 9,"SDG 9, SDG 5, SDG 8, SDG 1, SDG 16",SDG 9,"Industry, Innovation and Infrastructure",0.8728
"Commentary to the article entitled 'Cancer pain, anxiety and depression in admitted patients in a tertiary care hospital -A prospective observational study'","SDG 3, SDG 16, SDG 7, SDG 12, SDG 5",SDG 3,"SDG 3, SDG 7, SDG 16, SDG 4, SDG 5",SDG 3,"SDG 3, SDG 16, SDG 5, SDG 10, SDG 1",SDG 3,"SDG 3, SDG 16, SDG 5, SDG 1, SDG 4",SDG 3,"SDG 3, SDG 16, SDG 7, SDG 12, SDG 5",SDG 3,Good Health and Well-Being,0.9281
Drug Resistant Enterococci in a South Indian Hospital,"SDG 3, SDG 13, SDG 7, SDG 2, SDG 8",SDG 3,"SDG 3, SDG 16, SDG 8, SDG 7, SDG 10",SDG 3,"SDG 3, SDG 1, SDG 16, SDG 2, SDG 5",SDG 3,"SDG 3, SDG 13, SDG 16, SDG 1, SDG 2",SDG 3,"SDG 3, SDG 13, SDG 7, SDG 2, SDG 8",SDG 3,Good Health and Well-Being,0.9397
War Against Childhood Obesity: Traction Towards Family's Aspect,"SDG 3, SDG 5, SDG 7, SDG 10, SDG 4",SDG 3,"SDG 16, SDG 2, SDG 1, SDG 3, SDG 5",SDG 16,"SDG 3, SDG 5, SDG 1, SDG 2, SDG 4",SDG 3,"SDG 3, SDG 5, SDG 10, SDG 7, SDG 8",SDG 3,"SDG 3, SDG 5, SDG 7, SDG 10, SDG 4",SDG 3,Good Health and Well-Being,0.4415
Modified dose dexamethasone premedication for paclitaxel use,"SDG 3, SDG 9, SDG 7, SDG 15, SDG 4",SDG 3,"SDG 3, SDG 15, SDG 16, SDG 8, SDG 11",SDG 3,"SDG 12, SDG 15, SDG 14, SDG 6, SDG 7",SDG 12,"SDG 3, SDG 9, SDG 7, SDG 15, SDG 4",SDG 3,"SDG 3, SDG 9, SDG 7, SDG 15, SDG 4",SDG 3,Good Health and Well-Being,0.2116
Type 2 (impending) carotid blow out syndrome,"SDG 8, SDG 3, SDG 7, SDG 15, SDG 2",SDG 8,"SDG 7, SDG 3, SDG 8, SDG 11, SDG 13",SDG 7,"SDG 14, SDG 8, SDG 2, SDG 15, SDG 11",SDG 14,"SDG 8, SDG 3, SDG 7, SDG 15, SDG 1",SDG 8,"SDG 8, SDG 3, SDG 7, SDG 15, SDG 2",SDG 8,Decent Work and Economic Growth,0.1369
Is there a sex difference in palm print ridge density?,"SDG 16, SDG 5, SDG 1, SDG 2, SDG 9",SDG 16,"SDG 5, SDG 3, SDG 15, SDG 10, SDG 1",SDG 5,"SDG 16, SDG 5, SDG 15, SDG 13, SDG 2",SDG 16,"SDG 16, SDG 5, SDG 1, SDG 2, SDG 9",SDG 16,"SDG 16, SDG 5, SDG 1, SDG 2, SDG 9",SDG 16,"Peace, Justice and Strong Institutions",0.4665
Effect of partial shading in grid connected solar pv system with fl controller,"SDG 7, SDG 13, SDG 6, SDG 8, SDG 1",SDG 7,"SDG 7, SDG 16, SDG 15, SDG 10, SDG 11",SDG 7,"SDG 7, SDG 13, SDG 9, SDG 5, SDG 12",SDG 7,"SDG 7, SDG 13, SDG 1, SDG 12, SDG 8",SDG 7,"SDG 7, SDG 13, SDG 6, SDG 8, SDG 1",SDG 7,Affordable and Clean Energy,0.9552
Predicting E-banking adoption: An evalution of perception and behavioural intentions of small and medium enterprises in Karnataka,"SDG 16, SDG 8, SDG 9, SDG 1, SDG 11",SDG 16,"SDG 9, SDG 8, SDG 1, SDG 7, SDG 16",SDG 9,"SDG 9, SDG 8, SDG 11, SDG 10, SDG 3",SDG 9,"SDG 16, SDG 8, SDG 9, SDG 1, SDG 11",SDG 16,"SDG 16, SDG 8, SDG 9, SDG 1, SDG 11",SDG 16,"Peace, Justice and Strong Institutions",0.4458
Energy Conservation in an Educational Institution - Through Lighting Optimization Techniques,"SDG 7, SDG 13, SDG 12, SDG 4, SDG 8",SDG 7,"SDG 7, SDG 4, SDG 1, SDG 12, SDG 16",SDG 7,"SDG 7, SDG 13, SDG 12, SDG 15, SDG 9",SDG 7,"SDG 7, SDG 13, SDG 12, SDG 8, SDG 1",SDG 7,"SDG 7, SDG 13, SDG 12, SDG 4, SDG 8",SDG 7,Affordable and Clean Energy,0.9423
Dual Role of Chitin as the Double Edged Sword in Controlling the NLRP3 Inflammasome Driven Gastrointestinal and Gynaecological Tumours,"SDG 3, SDG 14, SDG 9, SDG 10, SDG 7",SDG 3,"SDG 3, SDG 16, SDG 9, SDG 11, SDG 8",SDG 3,"SDG 14, SDG 9, SDG 7, SDG 3, SDG 12",SDG 14,"SDG 3, SDG 14, SDG 9, SDG 10, SDG 7",SDG 3,"SDG 3, SDG 14, SDG 9, SDG 10, SDG 7",SDG 3,Good Health and Well-Being,0.5
Wireless Sensor Actuator Network Architecture and Energy model of a Camera based Lighting Management System,"SDG 7, SDG 9, SDG 13, SDG 12, SDG 14",SDG 7,"SDG 7, SDG 16, SDG 9, SDG 8, SDG 3",SDG 7,"SDG 13, SDG 7, SDG 15, SDG 2, SDG 6",SDG 13,"SDG 7, SDG 9, SDG 13, SDG 12, SDG 1",SDG 7,"SDG 7, SDG 9, SDG 13, SDG 12, SDG 14",SDG 7,Affordable and Clean Energy,0.8966
Review: Recent Applications on Federated Learning,"SDG 3, SDG 9, SDG 16, SDG 10, SDG 13",SDG 3,"SDG 9, SDG 16, SDG 8, SDG 4, SDG 7",SDG 9,"SDG 9, SDG 3, SDG 16, SDG 11, SDG 4",SDG 9,"SDG 3, SDG 9, SDG 16, SDG 10, SDG 13",SDG 3,"SDG 3, SDG 9, SDG 16, SDG 10, SDG 13",SDG 3,Good Health and Well-Being,0.564
Home Automation Using Internet of Things: An Extensive Review,"SDG 7, SDG 9, SDG 11, SDG 3, SDG 1",SDG 7,"SDG 11, SDG 9, SDG 16, SDG 8, SDG 3",SDG 11,"SDG 7, SDG 9, SDG 3, SDG 11, SDG 16",SDG 7,"SDG 7, SDG 9, SDG 11, SDG 3, SDG 1",SDG 7,"SDG 7, SDG 9, SDG 11, SDG 3, SDG 1",SDG 7,Affordable and Clean Energy,0.6325
Underwater estimation of audio signal prediction using fruit fly algorithm and hybrid wavelet neural network,"SDG 9, SDG 11, SDG 1, SDG 15, SDG 3",SDG 9,"SDG 16, SDG 14, SDG 8, SDG 9, SDG 13",SDG 16,"SDG 9, SDG 11, SDG 5, SDG 7, SDG 13",SDG 9,"SDG 9, SDG 11, SDG 1, SDG 10, SDG 7",SDG 9,"SDG 9, SDG 11, SDG 1, SDG 15, SDG 3",SDG 9,"Industry, Innovation and Infrastructure",0.812
Transaplacentally Transmitted Anti-Measles Antibodies in Term and Preterm Infants,"SDG 3, SDG 9, SDG 11, SDG 15, SDG 4",SDG 3,"SDG 16, SDG 4, SDG 8, SDG 3, SDG 1",SDG 16,"SDG 5, SDG 16, SDG 3, SDG 10, SDG 1",SDG 5,"SDG 3, SDG 9, SDG 11, SDG 4, SDG 13",SDG 3,"SDG 3, SDG 9, SDG 11, SDG 15, SDG 4",SDG 3,Good Health and Well-Being,0.7906
Integrated urban mobility policies in metropolitan areas: A system dynamics approach for the Rhine-Ruhr metropolitan region in Germany,"SDG 11, SDG 9, SDG 6, SDG 8, SDG 4",SDG 11,"SDG 11, SDG 7, SDG 10, SDG 9, SDG 8",SDG 11,"SDG 11, SDG 9, SDG 13, SDG 7, SDG 8",SDG 11,"SDG 11, SDG 9, SDG 8, SDG 10, SDG 6",SDG 11,"SDG 11, SDG 9, SDG 6, SDG 8, SDG 4",SDG 11,Sustainable Cities and Communities,0.8834
Legal terrorism in domestic violence -- an Indian outlook.,"SDG 5, SDG 10, SDG 13, SDG 1, SDG 15",SDG 5,"SDG 5, SDG 16, SDG 1, SDG 8, SDG 11",SDG 5,"SDG 5, SDG 16, SDG 10, SDG 8, SDG 1",SDG 5,"SDG 5, SDG 10, SDG 16, SDG 1, SDG 8",SDG 5,"SDG 5, SDG 10, SDG 13, SDG 1, SDG 15",SDG 5,Gender Equality,0.9526
Pituitary adenoma with granulomatous hypophysitis: A rare coexistence,"SDG 15, SDG 5, SDG 7, SDG 11, SDG 1",SDG 15,"SDG 16, SDG 3, SDG 2, SDG 6, SDG 4",SDG 16,"SDG 7, SDG 5, SDG 3, SDG 13, SDG 9",SDG 7,"SDG 15, SDG 5, SDG 7, SDG 11, SDG 1",SDG 15,"SDG 15, SDG 5, SDG 7, SDG 11, SDG 1",SDG 15,Life on Land,0.2663
Synthesis and anti-cancer activity of novel thiazolidinone analogs of 6-aminoflavone,"SDG 3, SDG 16, SDG 7, SDG 15, SDG 2",SDG 3,"SDG 16, SDG 3, SDG 9, SDG 11, SDG 14",SDG 16,"SDG 3, SDG 12, SDG 7, SDG 15, SDG 6",SDG 3,"SDG 3, SDG 16, SDG 7, SDG 15, SDG 2",SDG 3,"SDG 3, SDG 16, SDG 7, SDG 15, SDG 2",SDG 3,Good Health and Well-Being,0.7415
Antidiabetic activity of aqueous and alcoholic leaf extract of paederiafoetida Linn. in streptozotocin-Nicotinamide induced diabetic rats,"SDG 3, SDG 10, SDG 6, SDG 1, SDG 8",SDG 3,"SDG 3, SDG 16, SDG 15, SDG 10, SDG 2",SDG 3,"SDG 10, SDG 9, SDG 3, SDG 8, SDG 4",SDG 10,"SDG 3, SDG 10, SDG 6, SDG 1, SDG 8",SDG 3,"SDG 3, SDG 10, SDG 6, SDG 1, SDG 8",SDG 3,Good Health and Well-Being,0.1487
Dr. Chand and colleagues reply [8],"SDG 3, SDG 7, SDG 8, SDG 4, SDG 5",SDG 3,"SDG 3, SDG 10, SDG 9, SDG 7, SDG 8",SDG 3,"SDG 7, SDG 9, SDG 8, SDG 4, SDG 2",SDG 7,"SDG 3, SDG 7, SDG 8, SDG 4, SDG 5",SDG 3,"SDG 3, SDG 7, SDG 8, SDG 4, SDG 5",SDG 3,Good Health and Well-Being,0.314
Adapting and using the quality of dying and death questionnaire,"SDG 3, SDG 4, SDG 9, SDG 10, SDG 6",SDG 3,"SDG 3, SDG 16, SDG 7, SDG 11, SDG 5",SDG 3,"SDG 3, SDG 11, SDG 15, SDG 6, SDG 7",SDG 3,"SDG 3, SDG 4, SDG 10, SDG 5, SDG 6",SDG 3,"SDG 3, SDG 4, SDG 9, SDG 10, SDG 6",SDG 3,Good Health and Well-Being,0.7689
Mental health patients perceive observation as the least restrictive intervention,"SDG 3, SDG 5, SDG 1, SDG 6, SDG 13",SDG 3,"SDG 3, SDG 13, SDG 1, SDG 16, SDG 8",SDG 3,"SDG 3, SDG 16, SDG 10, SDG 5, SDG 1",SDG 3,"SDG 3, SDG 5, SDG 1, SDG 16, SDG 13",SDG 3,"SDG 3, SDG 5, SDG 1, SDG 6, SDG 13",SDG 3,Good Health and Well-Being,0.9461
"Comment: Comparison of efficacy, safety and cost-effectiveness of various statins in dyslipidemic diabetic patients","SDG 3, SDG 11, SDG 7, SDG 10, SDG 15",SDG 3,"SDG 3, SDG 11, SDG 8, SDG 9, SDG 6",SDG 3,"SDG 3, SDG 10, SDG 9, SDG 16, SDG 1",SDG 3,"SDG 3, SDG 11, SDG 7, SDG 10, SDG 13",SDG 3,"SDG 3, SDG 11, SDG 7, SDG 10, SDG 15",SDG 3,Good Health and Well-Being,0.8878
"Special issue ""facets of global health: Globalisation,equity, impact and action""","SDG 3, SDG 16, SDG 10, SDG 8, SDG 7",SDG 3,"SDG 3, SDG 16, SDG 13, SDG 14, SDG 2",SDG 3,"SDG 3, SDG 16, SDG 6, SDG 5, SDG 14",SDG 3,"SDG 3, SDG 16, SDG 10, SDG 8, SDG 5",SDG 3,"SDG 3, SDG 16, SDG 10, SDG 8, SDG 7",SDG 3,Good Health and Well-Being,0.7807
Need for a national oral cancer biobank for cutting-edge translational research in developing countries,"SDG 3, SDG 15, SDG 9, SDG 10, SDG 7",SDG 3,"SDG 3, SDG 16, SDG 9, SDG 2, SDG 7",SDG 3,"SDG 3, SDG 15, SDG 6, SDG 13, SDG 10",SDG 3,"SDG 3, SDG 15, SDG 9, SDG 10, SDG 7",SDG 3,"SDG 3, SDG 15, SDG 9, SDG 10, SDG 7",SDG 3,Good Health and Well-Being,0.6016
An Outcome of Traumatic Fingertip Amputation- “The Hooked Nail”,"SDG 4, SDG 5, SDG 8, SDG 3, SDG 2",SDG 4,"SDG 16, SDG 8, SDG 3, SDG 10, SDG 1",SDG 16,"SDG 12, SDG 4, SDG 11, SDG 5, SDG 3",SDG 12,"SDG 4, SDG 5, SDG 8, SDG 3, SDG 2",SDG 4,"SDG 4, SDG 5, SDG 8, SDG 3, SDG 2",SDG 4,Quality Education,0.2598
Public health genomics and personalized healthcare: A pipeline from cell to society,"SDG 3, SDG 16, SDG 7, SDG 9, SDG 10",SDG 3,"SDG 16, SDG 3, SDG 9, SDG 2, SDG 7",SDG 16,"SDG 3, SDG 16, SDG 6, SDG 1, SDG 5",SDG 3,"SDG 3, SDG 16, SDG 7, SDG 9, SDG 1",SDG 3,"SDG 3, SDG 16, SDG 7, SDG 9, SDG 10",SDG 3,Good Health and Well-Being,0.7411
Analysing Purchase Preference Towards Geographical Indications (GIs) Using Consumer Segmentation Approach,"SDG 8, SDG 2, SDG 9, SDG 13, SDG 12",SDG 8,"SDG 2, SDG 1, SDG 15, SDG 9, SDG 3",SDG 2,"SDG 2, SDG 15, SDG 14, SDG 9, SDG 8",SDG 2,"SDG 8, SDG 2, SDG 9, SDG 13, SDG 12",SDG 8,"SDG 8, SDG 2, SDG 9, SDG 13, SDG 12",SDG 8,Decent Work and Economic Growth,0.3699
PEG-200 with 12% salicylic acid ointment in pityriasis amiantacea [1],"SDG 7, SDG 3, SDG 5, SDG 4, SDG 6",SDG 7,"SDG 3, SDG 16, SDG 2, SDG 10, SDG 4",SDG 3,"SDG 11, SDG 10, SDG 14, SDG 12, SDG 15",SDG 11,"SDG 7, SDG 3, SDG 6, SDG 5, SDG 4",SDG 7,"SDG 7, SDG 3, SDG 5, SDG 4, SDG 6",SDG 7,Affordable and Clean Energy,0.6497
A case of late-onset pedophilia and response to sertraline [5],"SDG 8, SDG 13, SDG 3, SDG 2, SDG 10",SDG 8,"SDG 16, SDG 3, SDG 5, SDG 1, SDG 9",SDG 16,"SDG 9, SDG 3, SDG 12, SDG 15, SDG 4",SDG 9,"SDG 8, SDG 13, SDG 3, SDG 10, SDG 2",SDG 8,"SDG 8, SDG 13, SDG 3, SDG 2, SDG 10",SDG 8,Decent Work and Economic Growth,0.2178
Passive aggressive personality disorder – Need we bade goodbye?,"SDG 3, SDG 1, SDG 7, SDG 9, SDG 8",SDG 3,"SDG 3, SDG 16, SDG 7, SDG 5, SDG 11",SDG 3,"SDG 3, SDG 5, SDG 1, SDG 11, SDG 8",SDG 3,"SDG 3, SDG 1, SDG 7, SDG 9, SDG 8",SDG 3,"SDG 3, SDG 1, SDG 7, SDG 9, SDG 8",SDG 3,Good Health and Well-Being,0.7547
Safety Consideration and Design of High Voltage Cable for Electric Vehicle,"SDG 7, SDG 9, SDG 11, SDG 13, SDG 10",SDG 7,"SDG 7, SDG 16, SDG 2, SDG 11, SDG 9",SDG 7,"SDG 7, SDG 13, SDG 9, SDG 11, SDG 12",SDG 7,"SDG 7, SDG 9, SDG 11, SDG 13, SDG 10",SDG 7,"SDG 7, SDG 9, SDG 11, SDG 13, SDG 10",SDG 7,Affordable and Clean Energy,0.8582
Biodegradation Studies of Fiber-Reinforced Melamine and Phenol Formaldehyde Polymer Composites in Soil and Wastewater Systems,"SDG 12, SDG 11, SDG 15, SDG 6, SDG 9",SDG 12,"SDG 12, SDG 16, SDG 11, SDG 6, SDG 9",SDG 12,"SDG 12, SDG 7, SDG 11, SDG 9, SDG 15",SDG 12,"SDG 12, SDG 11, SDG 15, SDG 6, SDG 9",SDG 12,"SDG 12, SDG 11, SDG 15, SDG 6, SDG 9",SDG 12,Responsible Consumption and Production,0.8021
Intelligent Infrastructure and Smart Materials: Sustainable Technologies for a Greener Future,"SDG 9, SDG 12, SDG 15, SDG 7, SDG 14",SDG 9,"SDG 12, SDG 9, SDG 16, SDG 7, SDG 11",SDG 12,"SDG 9, SDG 12, SDG 7, SDG 15, SDG 13",SDG 9,"SDG 9, SDG 12, SDG 7, SDG 15, SDG 11",SDG 9,"SDG 9, SDG 12, SDG 15, SDG 7, SDG 14",SDG 9,"Industry, Innovation and Infrastructure",0.8005
Performance Evaluation of Coal Mine Overburden as a Potential Subballast Material in Railways with Additional Improvement Using Geocell,"SDG 12, SDG 7, SDG 11, SDG 4, SDG 15",SDG 12,"SDG 12, SDG 16, SDG 7, SDG 13, SDG 6",SDG 12,"SDG 12, SDG 7, SDG 14, SDG 13, SDG 15",SDG 12,"SDG 12, SDG 7, SDG 11, SDG 4, SDG 13",SDG 12,"SDG 12, SDG 7, SDG 11, SDG 4, SDG 15",SDG 12,Responsible Consumption and Production,0.8723
Understanding the management of household food waste and its engineering for sustainable valorization- A state-of-the-art review,"SDG 12, SDG 2, SDG 7, SDG 14, SDG 11",SDG 12,"SDG 12, SDG 16, SDG 2, SDG 11, SDG 7",SDG 12,"SDG 12, SDG 2, SDG 14, SDG 7, SDG 6",SDG 12,"SDG 12, SDG 2, SDG 7, SDG 11, SDG 14",SDG 12,"SDG 12, SDG 2, SDG 7, SDG 14, SDG 11",SDG 12,Responsible Consumption and Production,0.8938
Current situation analysis of solar PV waste management in India,"SDG 7, SDG 12, SDG 9, SDG 6, SDG 1",SDG 7,"SDG 7, SDG 12, SDG 1, SDG 15, SDG 8",SDG 7,"SDG 7, SDG 12, SDG 13, SDG 11, SDG 9",SDG 7,"SDG 7, SDG 12, SDG 1, SDG 13, SDG 17",SDG 7,"SDG 7, SDG 12, SDG 9, SDG 6, SDG 1",SDG 7,Affordable and Clean Energy,0.6608
Recognising the importance of chronic lung disease: a consensus statement from the Global Alliance for Chronic Diseases (Lung Diseases group),"SDG 3, SDG 13, SDG 6, SDG 15, SDG 8",SDG 3,"SDG 3, SDG 16, SDG 11, SDG 15, SDG 10",SDG 3,"SDG 3, SDG 13, SDG 16, SDG 14, SDG 6",SDG 3,"SDG 3, SDG 13, SDG 1, SDG 8, SDG 6",SDG 3,"SDG 3, SDG 13, SDG 6, SDG 15, SDG 8",SDG 3,Good Health and Well-Being,0.9206
A novel yolov3 algorithm-based deep learning approach for waste segregation: Towards smart waste management,"SDG 12, SDG 11, SDG 4, SDG 14, SDG 16",SDG 12,"SDG 12, SDG 11, SDG 8, SDG 2, SDG 16",SDG 12,"SDG 12, SDG 7, SDG 11, SDG 6, SDG 9",SDG 12,"SDG 12, SDG 11, SDG 16, SDG 4, SDG 10",SDG 12,"SDG 12, SDG 11, SDG 4, SDG 14, SDG 16",SDG 12,Responsible Consumption and Production,0.9098
A multifactorial study of traffic accidental deaths in a South Indian city - 1985-1988,"SDG 11, SDG 3, SDG 7, SDG 2, SDG 6",SDG 11,"SDG 11, SDG 16, SDG 1, SDG 8, SDG 3",SDG 11,"SDG 11, SDG 3, SDG 6, SDG 15, SDG 2",SDG 11,"SDG 11, SDG 3, SDG 7, SDG 16, SDG 1",SDG 11,"SDG 11, SDG 3, SDG 7, SDG 2, SDG 6",SDG 11,Sustainable Cities and Communities,0.8895
Prevention of malaria in children,"SDG 3, SDG 1, SDG 4, SDG 10, SDG 8",SDG 3,"SDG 3, SDG 16, SDG 8, SDG 4, SDG 2",SDG 3,"SDG 1, SDG 3, SDG 4, SDG 5, SDG 10",SDG 1,"SDG 3, SDG 1, SDG 4, SDG 5, SDG 10",SDG 3,"SDG 3, SDG 1, SDG 4, SDG 10, SDG 8",SDG 3,Good Health and Well-Being,0.7946
Concomitant tuberculosis and metastasis in axillary lymph nodes: A diagnostic surprise,"SDG 3, SDG 7, SDG 8, SDG 9, SDG 4",SDG 3,"SDG 16, SDG 3, SDG 8, SDG 10, SDG 9",SDG 16,"SDG 3, SDG 11, SDG 4, SDG 15, SDG 1",SDG 3,"SDG 3, SDG 7, SDG 8, SDG 4, SDG 9",SDG 3,"SDG 3, SDG 7, SDG 8, SDG 9, SDG 4",SDG 3,Good Health and Well-Being,0.5344
Pain threshold and pain tolerance as a predictor of deliberate self-harm among adolescents and young adults: Concerns regarding methodology,"SDG 5, SDG 1, SDG 3, SDG 16, SDG 4",SDG 5,"SDG 16, SDG 3, SDG 1, SDG 8, SDG 11",SDG 16,"SDG 5, SDG 16, SDG 8, SDG 10, SDG 11",SDG 5,"SDG 5, SDG 1, SDG 3, SDG 16, SDG 4",SDG 5,"SDG 5, SDG 1, SDG 3, SDG 16, SDG 4",SDG 5,Gender Equality,0.3374
Skin Picking as a Form of Non‑Suicidal Self‑Harm in a Patient with Borderline Personality Disorder: A Case Report,"SDG 3, SDG 1, SDG 8, SDG 4, SDG 9",SDG 3,"SDG 3, SDG 16, SDG 10, SDG 12, SDG 1",SDG 3,"SDG 3, SDG 11, SDG 5, SDG 6, SDG 8",SDG 3,"SDG 3, SDG 1, SDG 8, SDG 4, SDG 5",SDG 3,"SDG 3, SDG 1, SDG 8, SDG 4, SDG 9",SDG 3,Good Health and Well-Being,0.6698
100-crore vaccines in India: A formidable partnership between science and policy,"SDG 9, SDG 16, SDG 7, SDG 1, SDG 2",SDG 9,"SDG 16, SDG 2, SDG 3, SDG 9, SDG 7",SDG 16,"SDG 9, SDG 12, SDG 8, SDG 11, SDG 4",SDG 9,"SDG 9, SDG 16, SDG 7, SDG 1, SDG 2",SDG 9,"SDG 9, SDG 16, SDG 7, SDG 1, SDG 2",SDG 9,"Industry, Innovation and Infrastructure",0.1704
Pathological milk drinking,"SDG 2, SDG 3, SDG 16, SDG 15, SDG 4",SDG 2,"SDG 2, SDG 3, SDG 16, SDG 9, SDG 6",SDG 2,"SDG 16, SDG 14, SDG 9, SDG 13, SDG 7",SDG 16,"SDG 2, SDG 3, SDG 16, SDG 1, SDG 6",SDG 2,"SDG 2, SDG 3, SDG 16, SDG 15, SDG 4",SDG 2,Zero Hunger,0.7193
Health-related quality of life: Is it a missing feature in the Indian cancer setting?,"SDG 3, SDG 11, SDG 6, SDG 7, SDG 12",SDG 3,"SDG 3, SDG 16, SDG 7, SDG 1, SDG 2",SDG 3,"SDG 3, SDG 6, SDG 1, SDG 10, SDG 9",SDG 3,"SDG 3, SDG 11, SDG 1, SDG 16, SDG 7",SDG 3,"SDG 3, SDG 11, SDG 6, SDG 7, SDG 12",SDG 3,Good Health and Well-Being,0.9165
Revisiting and revising the definition of oral submucous fibrosis,"SDG 4, SDG 7, SDG 9, SDG 3, SDG 15",SDG 4,"SDG 3, SDG 16, SDG 10, SDG 14, SDG 6",SDG 3,"SDG 5, SDG 15, SDG 10, SDG 9, SDG 3",SDG 5,"SDG 4, SDG 7, SDG 3, SDG 9, SDG 15",SDG 4,"SDG 4, SDG 7, SDG 9, SDG 3, SDG 15",SDG 4,Quality Education,0.1821
Delta-8-tetrahydrocannabinol Associated Manic Switch: A Case Report,"SDG 9, SDG 10, SDG 7, SDG 3, SDG 13",SDG 9,"SDG 3, SDG 16, SDG 7, SDG 9, SDG 10",SDG 3,"SDG 9, SDG 4, SDG 13, SDG 8, SDG 12",SDG 9,"SDG 9, SDG 3, SDG 10, SDG 7, SDG 13",SDG 9,"SDG 9, SDG 10, SDG 7, SDG 3, SDG 13",SDG 9,"Industry, Innovation and Infrastructure",0.1457
Determinants of B2B E-marketplace adoption: An empirical study of indian small firms,"SDG 9, SDG 1, SDG 7, SDG 16, SDG 8",SDG 9,"SDG 9, SDG 8, SDG 13, SDG 1, SDG 4",SDG 9,"SDG 9, SDG 8, SDG 16, SDG 10, SDG 7",SDG 9,"SDG 9, SDG 1, SDG 16, SDG 7, SDG 8",SDG 9,"SDG 9, SDG 1, SDG 7, SDG 16, SDG 8",SDG 9,"Industry, Innovation and Infrastructure",0.7818
Productivity and efficiency of cashew processing: Comparison of manual and automated systems,"SDG 9, SDG 2, SDG 14, SDG 8, SDG 10",SDG 9,"SDG 7, SDG 2, SDG 12, SDG 8, SDG 9",SDG 7,"SDG 9, SDG 2, SDG 8, SDG 7, SDG 10",SDG 9,"SDG 9, SDG 2, SDG 8, SDG 14, SDG 1",SDG 9,"SDG 9, SDG 2, SDG 14, SDG 8, SDG 10",SDG 9,"Industry, Innovation and Infrastructure",0.7132
Exploring Sustainability Aspects of Vernacular Houses in Contemporary Settings: Case Study of Kankumbi Village,"SDG 16, SDG 12, SDG 11, SDG 14, SDG 4",SDG 16,"SDG 11, SDG 1, SDG 15, SDG 12, SDG 16",SDG 11,"SDG 11, SDG 7, SDG 9, SDG 12, SDG 13",SDG 11,"SDG 16, SDG 12, SDG 11, SDG 4, SDG 8",SDG 16,"SDG 16, SDG 12, SDG 11, SDG 14, SDG 4",SDG 16,"Peace, Justice and Strong Institutions",0.3518
Neuroglycopenia induced behavioral changes and criminal responsibility,"SDG 16, SDG 3, SDG 4, SDG 1, SDG 7",SDG 16,"SDG 16, SDG 3, SDG 1, SDG 15, SDG 2",SDG 16,"SDG 16, SDG 5, SDG 14, SDG 15, SDG 10",SDG 16,"SDG 16, SDG 3, SDG 4, SDG 1, SDG 5",SDG 16,"SDG 16, SDG 3, SDG 4, SDG 1, SDG 7",SDG 16,"Peace, Justice and Strong Institutions",0.7841
Review on Characteristics of Sewage Sludge Ash and Its Partial Replacement as Binder Material in Concrete,"SDG 12, SDG 6, SDG 14, SDG 7, SDG 10",SDG 12,"SDG 16, SDG 12, SDG 11, SDG 9, SDG 6",SDG 16,"SDG 12, SDG 6, SDG 11, SDG 7, SDG 9",SDG 12,"SDG 12, SDG 6, SDG 14, SDG 7, SDG 10",SDG 12,"SDG 12, SDG 6, SDG 14, SDG 7, SDG 10",SDG 12,Responsible Consumption and Production,0.8245
Learning pathways of necessity and opportunity-driven women entrepreneurs: a qualitative study,"SDG 5, SDG 16, SDG 4, SDG 13, SDG 12",SDG 5,"SDG 5, SDG 8, SDG 13, SDG 1, SDG 11",SDG 5,"SDG 5, SDG 16, SDG 9, SDG 14, SDG 8",SDG 5,"SDG 5, SDG 16, SDG 4, SDG 13, SDG 1",SDG 5,"SDG 5, SDG 16, SDG 4, SDG 13, SDG 12",SDG 5,Gender Equality,0.7465
From offshore renewable energy to green hydrogen: addressing critical questions,"SDG 7, SDG 13, SDG 14, SDG 9, SDG 12",SDG 7,"SDG 7, SDG 13, SDG 9, SDG 14, SDG 12",SDG 7,"SDG 7, SDG 13, SDG 12, SDG 14, SDG 9",SDG 7,"SDG 7, SDG 13, SDG 14, SDG 12, SDG 9",SDG 7,"SDG 7, SDG 13, SDG 14, SDG 9, SDG 12",SDG 7,Affordable and Clean Energy,0.9257
Machine Learning-Driven Groundwater Potential Prediction: A Data Driven Approach,"SDG 6, SDG 9, SDG 15, SDG 13, SDG 2",SDG 6,"SDG 6, SDG 16, SDG 8, SDG 1, SDG 12",SDG 6,"SDG 6, SDG 13, SDG 15, SDG 2, SDG 9",SDG 6,"SDG 6, SDG 9, SDG 13, SDG 2, SDG 1",SDG 6,"SDG 6, SDG 9, SDG 15, SDG 13, SDG 2",SDG 6,Clean Water and Sanitation,0.8509
Agricultural biomass pyrolysis for energy production,"SDG 7, SDG 12, SDG 2, SDG 14, SDG 13",SDG 7,"SDG 7, SDG 16, SDG 13, SDG 2, SDG 14",SDG 7,"SDG 7, SDG 2, SDG 12, SDG 13, SDG 6",SDG 7,"SDG 7, SDG 12, SDG 2, SDG 14, SDG 13",SDG 7,"SDG 7, SDG 12, SDG 2, SDG 14, SDG 13",SDG 7,Affordable and Clean Energy,0.8092
ENVIRONMENTAL LIFE CYCLE ASSESSMENT OF SINGLE-USE AND REUSABLE FOOD TAKEAWAY CONTAINERS,"SDG 12, SDG 2, SDG 9, SDG 1, SDG 7",SDG 12,"SDG 12, SDG 2, SDG 14, SDG 6, SDG 16",SDG 12,"SDG 12, SDG 2, SDG 7, SDG 13, SDG 15",SDG 12,"SDG 12, SDG 2, SDG 1, SDG 9, SDG 7",SDG 12,"SDG 12, SDG 2, SDG 9, SDG 1, SDG 7",SDG 12,Responsible Consumption and Production,0.8504
Microalgae and nano-cellulose composite produced via a co-culturing strategy for ammonia removal from the aqueous phase,"SDG 11, SDG 5, SDG 9, SDG 2, SDG 8",SDG 11,"SDG 16, SDG 13, SDG 14, SDG 12, SDG 6",SDG 16,"SDG 16, SDG 11, SDG 10, SDG 13, SDG 8",SDG 16,"SDG 11, SDG 9, SDG 5, SDG 2, SDG 8",SDG 11,"SDG 11, SDG 5, SDG 9, SDG 2, SDG 8",SDG 11,Sustainable Cities and Communities,0.1953
Automated Prediction of Breast Cancer: Performance Comparison Between Classical ML Algorithms and CNN,"SDG 3, SDG 5, SDG 6, SDG 9, SDG 15",SDG 3,"SDG 3, SDG 16, SDG 5, SDG 7, SDG 2",SDG 3,"SDG 3, SDG 5, SDG 16, SDG 1, SDG 6",SDG 3,"SDG 3, SDG 5, SDG 6, SDG 9, SDG 1",SDG 3,"SDG 3, SDG 5, SDG 6, SDG 9, SDG 15",SDG 3,Good Health and Well-Being,0.8854
"Reciprocity between older adults and their care-givers in emigrant households of Kerala, India","SDG 16, SDG 3, SDG 1, SDG 5, SDG 8",SDG 16,"SDG 16, SDG 1, SDG 10, SDG 8, SDG 5",SDG 16,"SDG 5, SDG 16, SDG 3, SDG 10, SDG 1",SDG 5,"SDG 16, SDG 3, SDG 1, SDG 5, SDG 8",SDG 16,"SDG 16, SDG 3, SDG 1, SDG 5, SDG 8",SDG 16,"Peace, Justice and Strong Institutions",0.4994
Gastric mucormycosis masquerading as malignancy in an immunocompetent host,"SDG 3, SDG 2, SDG 4, SDG 5, SDG 15",SDG 3,"SDG 16, SDG 3, SDG 2, SDG 8, SDG 10",SDG 16,"SDG 3, SDG 2, SDG 10, SDG 1, SDG 9",SDG 3,"SDG 3, SDG 2, SDG 4, SDG 5, SDG 7",SDG 3,"SDG 3, SDG 2, SDG 4, SDG 5, SDG 15",SDG 3,Good Health and Well-Being,0.8093
CO2uptake by activated hydrochar derived from orange peel (Citrus reticulata): Influence of carbonization temperature,"SDG 12, SDG 13, SDG 14, SDG 15, SDG 7",SDG 12,"SDG 16, SDG 12, SDG 13, SDG 7, SDG 10",SDG 16,"SDG 13, SDG 14, SDG 12, SDG 7, SDG 15",SDG 13,"SDG 12, SDG 13, SDG 14, SDG 7, SDG 15",SDG 12,"SDG 12, SDG 13, SDG 14, SDG 15, SDG 7",SDG 12,Responsible Consumption and Production,0.3865
A recent update on green synthesized iron and iron oxide nanoparticles for environmental applications,"SDG 12, SDG 13, SDG 16, SDG 15, SDG 9",SDG 12,"SDG 16, SDG 12, SDG 7, SDG 15, SDG 11",SDG 16,"SDG 13, SDG 16, SDG 14, SDG 7, SDG 12",SDG 13,"SDG 12, SDG 13, SDG 16, SDG 15, SDG 9",SDG 12,"SDG 12, SDG 13, SDG 16, SDG 15, SDG 9",SDG 12,Responsible Consumption and Production,0.4877
Theoretical and experimental study of the effect of biomass based organic packing wettability on the LDDS and its life cycle analysis,"SDG 15, SDG 12, SDG 1, SDG 10, SDG 7",SDG 15,"SDG 12, SDG 6, SDG 16, SDG 7, SDG 10",SDG 12,"SDG 15, SDG 12, SDG 7, SDG 4, SDG 11",SDG 15,"SDG 15, SDG 12, SDG 1, SDG 10, SDG 7",SDG 15,"SDG 15, SDG 12, SDG 1, SDG 10, SDG 7",SDG 15,Life on Land,0.2151
"Fentanyl, morphine, and opioid-induced constipation in patients with cancer-related pain","SDG 3, SDG 10, SDG 7, SDG 8, SDG 2",SDG 3,"SDG 16, SDG 3, SDG 8, SDG 9, SDG 12",SDG 16,"SDG 3, SDG 16, SDG 10, SDG 6, SDG 1",SDG 3,"SDG 3, SDG 10, SDG 1, SDG 8, SDG 13",SDG 3,"SDG 3, SDG 10, SDG 7, SDG 8, SDG 2",SDG 3,Good Health and Well-Being,0.9108
Role of early caudal epidural in epidural metastasis mediated neuropathic cancer pain. Delineating the safety and efficacy measures,"SDG 3, SDG 11, SDG 7, SDG 2, SDG 1",SDG 3,"SDG 16, SDG 8, SDG 3, SDG 10, SDG 7",SDG 16,"SDG 3, SDG 8, SDG 11, SDG 12, SDG 6",SDG 3,"SDG 3, SDG 11, SDG 7, SDG 1, SDG 2",SDG 3,"SDG 3, SDG 11, SDG 7, SDG 2, SDG 1",SDG 3,Good Health and Well-Being,0.6913
"Live forever, for the moment","SDG 11, SDG 15, SDG 5, SDG 14, SDG 3",SDG 11,"SDG 16, SDG 1, SDG 3, SDG 14, SDG 12",SDG 16,"SDG 10, SDG 9, SDG 4, SDG 3, SDG 11",SDG 10,"SDG 11, SDG 15, SDG 5, SDG 14, SDG 3",SDG 11,"SDG 11, SDG 15, SDG 5, SDG 14, SDG 3",SDG 11,Sustainable Cities and Communities,0.1857
Comment on: Association of B12 deficiency and clinical neuropathy with metformin use in type 2 diabetes patients,"SDG 3, SDG 15, SDG 11, SDG 2, SDG 4",SDG 3,"SDG 3, SDG 9, SDG 16, SDG 11, SDG 4",SDG 3,"SDG 3, SDG 16, SDG 1, SDG 10, SDG 6",SDG 3,"SDG 3, SDG 5, SDG 4, SDG 13, SDG 1",SDG 3,"SDG 3, SDG 15, SDG 11, SDG 2, SDG 4",SDG 3,Good Health and Well-Being,0.9271
Rituximab in Pemphigus - Exploring the Less Frequently Travelled Terrains,"SDG 4, SDG 10, SDG 9, SDG 7, SDG 1",SDG 4,"SDG 15, SDG 11, SDG 6, SDG 9, SDG 13",SDG 15,"SDG 11, SDG 7, SDG 13, SDG 9, SDG 12",SDG 11,"SDG 4, SDG 10, SDG 9, SDG 7, SDG 1",SDG 4,"SDG 4, SDG 10, SDG 9, SDG 7, SDG 1",SDG 4,Quality Education,0.1868
Does 'non-chaotic' weight bearing foci cause foot ulcerations in diabetics?,"SDG 3, SDG 9, SDG 4, SDG 7, SDG 13",SDG 3,"SDG 3, SDG 2, SDG 11, SDG 10, SDG 9",SDG 3,"SDG 9, SDG 1, SDG 3, SDG 12, SDG 8",SDG 9,"SDG 3, SDG 9, SDG 4, SDG 7, SDG 13",SDG 3,"SDG 3, SDG 9, SDG 4, SDG 7, SDG 13",SDG 3,Good Health and Well-Being,0.4133
Sustainable concrete development using groundnut shell ash: A response surface methodology approach,"SDG 7, SDG 12, SDG 13, SDG 14, SDG 6",SDG 7,"SDG 7, SDG 16, SDG 13, SDG 12, SDG 11",SDG 7,"SDG 7, SDG 13, SDG 12, SDG 14, SDG 15",SDG 7,"SDG 7, SDG 12, SDG 13, SDG 14, SDG 1",SDG 7,"SDG 7, SDG 12, SDG 13, SDG 14, SDG 6",SDG 7,Affordable and Clean Energy,0.5901
Management of industrial sludge by vermicomposting: A pilot scale study,"SDG 12, SDG 6, SDG 15, SDG 11, SDG 1",SDG 12,"SDG 12, SDG 6, SDG 16, SDG 8, SDG 11",SDG 12,"SDG 12, SDG 6, SDG 7, SDG 14, SDG 11",SDG 12,"SDG 12, SDG 6, SDG 1, SDG 11, SDG 15",SDG 12,"SDG 12, SDG 6, SDG 15, SDG 11, SDG 1",SDG 12,Responsible Consumption and Production,0.8683
Sustainable Land Management: Opportunities and Challenges,"SDG 15, SDG 6, SDG 11, SDG 14, SDG 9",SDG 15,"SDG 15, SDG 11, SDG 6, SDG 16, SDG 9",SDG 15,"SDG 2, SDG 6, SDG 14, SDG 12, SDG 15",SDG 2,"SDG 15, SDG 6, SDG 11, SDG 14, SDG 9",SDG 15,"SDG 15, SDG 6, SDG 11, SDG 14, SDG 9",SDG 15,Life on Land,0.5852
Synthesis and Characterization of Functionalized Starch by Grafting Pyridine for Use in Antimicrobial Applications,"SDG 12, SDG 9, SDG 1, SDG 14, SDG 7",SDG 12,"SDG 16, SDG 10, SDG 3, SDG 4, SDG 13",SDG 16,"SDG 16, SDG 11, SDG 9, SDG 8, SDG 3",SDG 16,"SDG 12, SDG 9, SDG 1, SDG 14, SDG 7",SDG 12,"SDG 12, SDG 9, SDG 1, SDG 14, SDG 7",SDG 12,Responsible Consumption and Production,0.6405
A comprehensive review of machine vision systems and artificial intelligence algorithms for the detection and harvesting of agricultural produce,"SDG 2, SDG 9, SDG 15, SDG 13, SDG 14",SDG 2,"SDG 2, SDG 15, SDG 8, SDG 9, SDG 12",SDG 2,"SDG 2, SDG 9, SDG 13, SDG 12, SDG 11",SDG 2,"SDG 2, SDG 9, SDG 1, SDG 15, SDG 13",SDG 2,"SDG 2, SDG 9, SDG 15, SDG 13, SDG 14",SDG 2,Zero Hunger,0.7468
Grey Relational Analysis–Based MADM Strategy Under Possibility Environment and Its Application in the Identification of Most Important Parameter Affecting Climate Change and the Impact of Urbanization on Hydropower Plants,"SDG 13, SDG 9, SDG 7, SDG 15, SDG 11",SDG 13,"SDG 16, SDG 7, SDG 13, SDG 11, SDG 15",SDG 16,"SDG 13, SDG 7, SDG 15, SDG 6, SDG 12",SDG 13,"SDG 13, SDG 9, SDG 7, SDG 11, SDG 15",SDG 13,"SDG 13, SDG 9, SDG 7, SDG 15, SDG 11",SDG 13,Climate Action,0.6564
Digital platforms’ use in SMEs–A critical analysis of entrepreneurs’ behaviour,"SDG 9, SDG 8, SDG 16, SDG 5, SDG 11",SDG 9,"SDG 9, SDG 5, SDG 16, SDG 4, SDG 11",SDG 9,"SDG 9, SDG 8, SDG 11, SDG 4, SDG 7",SDG 9,"SDG 9, SDG 8, SDG 16, SDG 17, SDG 5",SDG 9,"SDG 9, SDG 8, SDG 16, SDG 5, SDG 11",SDG 9,"Industry, Innovation and Infrastructure",0.8767
Optimizing Crop Recommendations with Improved Deep Belief Networks: A Multimodal Approach,"SDG 2, SDG 12, SDG 13, SDG 5, SDG 11",SDG 2,"SDG 2, SDG 8, SDG 16, SDG 15, SDG 12",SDG 2,"SDG 2, SDG 13, SDG 6, SDG 12, SDG 15",SDG 2,"SDG 2, SDG 12, SDG 13, SDG 1, SDG 11",SDG 2,"SDG 2, SDG 12, SDG 13, SDG 5, SDG 11",SDG 2,Zero Hunger,0.954
Recent advances in fermentative biohydrogen production,"SDG 7, SDG 12, SDG 2, SDG 15, SDG 6",SDG 7,"SDG 16, SDG 7, SDG 12, SDG 15, SDG 13",SDG 16,"SDG 7, SDG 13, SDG 12, SDG 15, SDG 11",SDG 7,"SDG 7, SDG 12, SDG 2, SDG 13, SDG 16",SDG 7,"SDG 7, SDG 12, SDG 2, SDG 15, SDG 6",SDG 7,Affordable and Clean Energy,0.7897
"A critical review on vegetable oil-based bio-lubricants: preparation, characterization, and challenges","SDG 7, SDG 2, SDG 6, SDG 9, SDG 1",SDG 7,"SDG 16, SDG 3, SDG 9, SDG 12, SDG 14",SDG 16,"SDG 7, SDG 12, SDG 9, SDG 6, SDG 11",SDG 7,"SDG 7, SDG 2, SDG 6, SDG 9, SDG 1",SDG 7,"SDG 7, SDG 2, SDG 6, SDG 9, SDG 1",SDG 7,Affordable and Clean Energy,0.3132
Nurturing with science: Alternative solution for human milk oligosaccharides through bioproduction techniques and their emerging applications in infant nutrition,"SDG 2, SDG 9, SDG 3, SDG 14, SDG 1",SDG 2,"SDG 16, SDG 2, SDG 9, SDG 3, SDG 15",SDG 16,"SDG 2, SDG 14, SDG 16, SDG 6, SDG 15",SDG 2,"SDG 2, SDG 9, SDG 3, SDG 1, SDG 14",SDG 2,"SDG 2, SDG 9, SDG 3, SDG 14, SDG 1",SDG 2,Zero Hunger,0.7264
"Innovative solid bio-desiccants for sustainable dehumidification applications preparation, characterisation and performance evaluation -a critical review","SDG 12, SDG 7, SDG 6, SDG 14, SDG 9",SDG 12,"SDG 16, SDG 12, SDG 15, SDG 6, SDG 13",SDG 16,"SDG 7, SDG 12, SDG 13, SDG 6, SDG 9",SDG 7,"SDG 12, SDG 7, SDG 6, SDG 14, SDG 9",SDG 12,"SDG 12, SDG 7, SDG 6, SDG 14, SDG 9",SDG 12,Responsible Consumption and Production,0.7741
Abdominal cellulitis: Dreadful clinical consequence after skin branding,"SDG 3, SDG 5, SDG 7, SDG 10, SDG 11",SDG 3,"SDG 16, SDG 3, SDG 9, SDG 2, SDG 10",SDG 16,"SDG 12, SDG 11, SDG 3, SDG 10, SDG 6",SDG 12,"SDG 3, SDG 5, SDG 10, SDG 7, SDG 11",SDG 3,"SDG 3, SDG 5, SDG 7, SDG 10, SDG 11",SDG 3,Good Health and Well-Being,0.7363
Antihyperglycemic and antioxidant potential of polysaccharide fraction from portulaca oleracea seeds against streptozotocin-induced diabetes in rats,"SDG 3, SDG 1, SDG 15, SDG 13, SDG 7",SDG 3,"SDG 16, SDG 3, SDG 10, SDG 2, SDG 15",SDG 16,"SDG 3, SDG 15, SDG 1, SDG 6, SDG 13",SDG 3,"SDG 3, SDG 1, SDG 15, SDG 13, SDG 7",SDG 3,"SDG 3, SDG 1, SDG 15, SDG 13, SDG 7",SDG 3,Good Health and Well-Being,0.3358
Beware! reduced functional capacity and quality of life with increased fatigue level among the breast cancer survivors undergoing chemotherapy in India,"SDG 3, SDG 7, SDG 15, SDG 11, SDG 1",SDG 3,"SDG 3, SDG 16, SDG 7, SDG 5, SDG 12",SDG 3,"SDG 3, SDG 13, SDG 2, SDG 14, SDG 11",SDG 3,"SDG 3, SDG 7, SDG 15, SDG 1, SDG 11",SDG 3,"SDG 3, SDG 7, SDG 15, SDG 11, SDG 1",SDG 3,Good Health and Well-Being,0.7573
'Syndrome of inappropriate antidiuretic hormone secretion' as a diagnostic and a prognostic indicator in olfactory neuroblastoma,"SDG 3, SDG 15, SDG 1, SDG 8, SDG 11",SDG 3,"SDG 8, SDG 16, SDG 3, SDG 15, SDG 7",SDG 8,"SDG 15, SDG 3, SDG 8, SDG 2, SDG 11",SDG 15,"SDG 3, SDG 15, SDG 1, SDG 8, SDG 11",SDG 3,"SDG 3, SDG 15, SDG 1, SDG 8, SDG 11",SDG 3,Good Health and Well-Being,0.6427
Public health genomics joins forces with the genomic medicine alliance,"SDG 3, SDG 16, SDG 8, SDG 10, SDG 6",SDG 3,"SDG 16, SDG 3, SDG 7, SDG 8, SDG 9",SDG 16,"SDG 3, SDG 16, SDG 1, SDG 10, SDG 8",SDG 3,"SDG 3, SDG 16, SDG 8, SDG 10, SDG 1",SDG 3,"SDG 3, SDG 16, SDG 8, SDG 10, SDG 6",SDG 3,Good Health and Well-Being,0.8945
"Utilization of dental services in a field practice area in Mangalore, Karnataka","SDG 15, SDG 3, SDG 12, SDG 4, SDG 5",SDG 15,"SDG 3, SDG 8, SDG 7, SDG 6, SDG 10",SDG 3,"SDG 15, SDG 11, SDG 13, SDG 12, SDG 3",SDG 15,"SDG 15, SDG 3, SDG 12, SDG 4, SDG 5",SDG 15,"SDG 15, SDG 3, SDG 12, SDG 4, SDG 5",SDG 15,Life on Land,0.2254
Collaborative clinical trials on infectious disease among the G20 nations using scientometric analysis,"SDG 3, SDG 4, SDG 7, SDG 1, SDG 6",SDG 3,"SDG 16, SDG 3, SDG 8, SDG 15, SDG 2",SDG 16,"SDG 3, SDG 4, SDG 13, SDG 11, SDG 8",SDG 3,"SDG 3, SDG 4, SDG 7, SDG 1, SDG 16",SDG 3,"SDG 3, SDG 4, SDG 7, SDG 1, SDG 6",SDG 3,Good Health and Well-Being,0.9064
SARS-CoV-2 XBB.1.16 variant: India in focus?,"SDG 7, SDG 8, SDG 14, SDG 10, SDG 1",SDG 7,"SDG 3, SDG 13, SDG 2, SDG 7, SDG 8",SDG 3,"SDG 8, SDG 4, SDG 7, SDG 9, SDG 10",SDG 8,"SDG 7, SDG 8, SDG 14, SDG 10, SDG 1",SDG 7,"SDG 7, SDG 8, SDG 14, SDG 10, SDG 1",SDG 7,Affordable and Clean Energy,0.2671
Amoebic CNS disease: when terminology obscures biology,"SDG 3, SDG 15, SDG 9, SDG 7, SDG 8",SDG 3,"SDG 3, SDG 16, SDG 14, SDG 4, SDG 7",SDG 3,"SDG 3, SDG 15, SDG 11, SDG 2, SDG 12",SDG 3,"SDG 3, SDG 15, SDG 9, SDG 7, SDG 4",SDG 3,"SDG 3, SDG 15, SDG 9, SDG 7, SDG 8",SDG 3,Good Health and Well-Being,0.6142
Nafithromycin in CABP: promise and precaution,"SDG 9, SDG 4, SDG 15, SDG 1, SDG 12",SDG 9,"SDG 3, SDG 11, SDG 8, SDG 9, SDG 16",SDG 3,"SDG 15, SDG 4, SDG 8, SDG 14, SDG 7",SDG 15,"SDG 9, SDG 4, SDG 1, SDG 15, SDG 12",SDG 9,"SDG 9, SDG 4, SDG 15, SDG 1, SDG 12",SDG 9,"Industry, Innovation and Infrastructure",0.1907
Leveraging the positives from the pandemic to strengthen infectious disease care in low-income and middle-income countries,"SDG 3, SDG 9, SDG 10, SDG 5, SDG 2",SDG 3,"SDG 3, SDG 1, SDG 16, SDG 10, SDG 15",SDG 3,"SDG 3, SDG 8, SDG 1, SDG 10, SDG 11",SDG 3,"SDG 3, SDG 9, SDG 10, SDG 1, SDG 5",SDG 3,"SDG 3, SDG 9, SDG 10, SDG 5, SDG 2",SDG 3,Good Health and Well-Being,0.8358
Congenital hypotrichosis: Treatment with topical minoxidil and hair dye,"SDG 3, SDG 15, SDG 10, SDG 6, SDG 4",SDG 3,"SDG 8, SDG 16, SDG 3, SDG 10, SDG 4",SDG 8,"SDG 6, SDG 15, SDG 14, SDG 3, SDG 11",SDG 6,"SDG 3, SDG 6, SDG 10, SDG 4, SDG 15",SDG 3,"SDG 3, SDG 15, SDG 10, SDG 6, SDG 4",SDG 3,Good Health and Well-Being,0.7603
Methods of Choice in Completed Suicides: Gender Differences and Review of Literature,"SDG 3, SDG 5, SDG 6, SDG 8, SDG 13",SDG 3,"SDG 3, SDG 5, SDG 8, SDG 1, SDG 6",SDG 3,"SDG 5, SDG 3, SDG 16, SDG 10, SDG 8",SDG 5,"SDG 3, SDG 5, SDG 1, SDG 8, SDG 10",SDG 3,"SDG 3, SDG 5, SDG 6, SDG 8, SDG 13",SDG 3,Good Health and Well-Being,0.5484
"Life cycle analysis based comprehensive environmental performance evaluation of Mumbai Suburban Railway, India","SDG 9, SDG 12, SDG 7, SDG 11, SDG 13",SDG 9,"SDG 11, SDG 7, SDG 12, SDG 15, SDG 16",SDG 11,"SDG 9, SDG 11, SDG 7, SDG 13, SDG 12",SDG 9,"SDG 9, SDG 12, SDG 7, SDG 11, SDG 13",SDG 9,"SDG 9, SDG 12, SDG 7, SDG 11, SDG 13",SDG 9,"Industry, Innovation and Infrastructure",0.3812
The Role of Carbon Sequestration in Mitigating Climate Change: A Focus on India,"SDG 15, SDG 13, SDG 14, SDG 7, SDG 8",SDG 15,"SDG 13, SDG 16, SDG 7, SDG 15, SDG 12",SDG 13,"SDG 13, SDG 15, SDG 14, SDG 7, SDG 12",SDG 13,"SDG 15, SDG 13, SDG 14, SDG 7, SDG 8",SDG 15,"SDG 15, SDG 13, SDG 14, SDG 7, SDG 8",SDG 15,Life on Land,0.6762
Clostridium septicum osteomyelitis: Case report and review,"SDG 13, SDG 7, SDG 8, SDG 3, SDG 4",SDG 13,"SDG 16, SDG 3, SDG 8, SDG 7, SDG 14",SDG 16,"SDG 9, SDG 13, SDG 4, SDG 12, SDG 8",SDG 9,"SDG 13, SDG 7, SDG 8, SDG 3, SDG 4",SDG 13,"SDG 13, SDG 7, SDG 8, SDG 3, SDG 4",SDG 13,Climate Action,0.2097
Comparison of diagnostic accuracy of cytologic sampling techniques in lung cancer: A study of 541 cases from Coastal Karnataka,"SDG 3, SDG 14, SDG 10, SDG 4, SDG 1",SDG 3,"SDG 3, SDG 16, SDG 8, SDG 6, SDG 4",SDG 3,"SDG 3, SDG 14, SDG 2, SDG 16, SDG 7",SDG 3,"SDG 3, SDG 14, SDG 10, SDG 4, SDG 1",SDG 3,"SDG 3, SDG 14, SDG 10, SDG 4, SDG 1",SDG 3,Good Health and Well-Being,0.7714
"Globalization, financial development and economic growth: Perils on the environmental sustainability of an emerging economy","SDG 7, SDG 12, SDG 11, SDG 13, SDG 10",SDG 7,"SDG 16, SDG 12, SDG 13, SDG 7, SDG 9",SDG 16,"SDG 7, SDG 12, SDG 15, SDG 13, SDG 11",SDG 7,"SDG 7, SDG 12, SDG 11, SDG 13, SDG 10",SDG 7,"SDG 7, SDG 12, SDG 11, SDG 13, SDG 10",SDG 7,Affordable and Clean Energy,0.5606
Leisure travel behaviour of people with locomotor disability in a developing country: An Interpretive Phenomenological Analysis (IPA),"SDG 8, SDG 16, SDG 11, SDG 12, SDG 5",SDG 8,"SDG 16, SDG 11, SDG 8, SDG 15, SDG 9",SDG 16,"SDG 11, SDG 8, SDG 5, SDG 16, SDG 12",SDG 11,"SDG 8, SDG 16, SDG 11, SDG 12, SDG 5",SDG 8,"SDG 8, SDG 16, SDG 11, SDG 12, SDG 5",SDG 8,Decent Work and Economic Growth,0.4317
Enhancing the properties of lateritic soil using industrial waste as an alternative to cement in pavement construction,"SDG 12, SDG 11, SDG 15, SDG 10, SDG 16",SDG 12,"SDG 16, SDG 12, SDG 11, SDG 9, SDG 8",SDG 16,"SDG 12, SDG 7, SDG 6, SDG 11, SDG 13",SDG 12,"SDG 12, SDG 11, SDG 10, SDG 15, SDG 8",SDG 12,"SDG 12, SDG 11, SDG 15, SDG 10, SDG 16",SDG 12,Responsible Consumption and Production,0.8934
Problem of breast cancer in south India-a record based study,"SDG 3, SDG 7, SDG 8, SDG 1, SDG 15",SDG 3,"SDG 3, SDG 16, SDG 5, SDG 15, SDG 2",SDG 3,"SDG 3, SDG 6, SDG 11, SDG 15, SDG 13",SDG 3,"SDG 3, SDG 7, SDG 8, SDG 1, SDG 10",SDG 3,"SDG 3, SDG 7, SDG 8, SDG 1, SDG 15",SDG 3,Good Health and Well-Being,0.7977
Contact tracing and quarantine for covid-19: Challenges in community surveillance,"SDG 16, SDG 9, SDG 11, SDG 4, SDG 1",SDG 16,"SDG 16, SDG 3, SDG 15, SDG 11, SDG 9",SDG 16,"SDG 9, SDG 15, SDG 6, SDG 14, SDG 12",SDG 9,"SDG 16, SDG 11, SDG 9, SDG 4, SDG 1",SDG 16,"SDG 16, SDG 9, SDG 11, SDG 4, SDG 1",SDG 16,"Peace, Justice and Strong Institutions",0.3172
Regeneration of lithium bromide-water and calcium chloride-water solutions using solar energy,"SDG 6, SDG 7, SDG 12, SDG 1, SDG 10",SDG 6,"SDG 16, SDG 7, SDG 6, SDG 10, SDG 1",SDG 16,"SDG 6, SDG 7, SDG 13, SDG 15, SDG 14",SDG 6,"SDG 6, SDG 7, SDG 12, SDG 13, SDG 14",SDG 6,"SDG 6, SDG 7, SDG 12, SDG 1, SDG 10",SDG 6,Clean Water and Sanitation,0.5667
¿Ha llegado el momento de truncar la prestigiosa “estrategia de las 3 T”?,"SDG 5, SDG 10, SDG 6, SDG 11, SDG 15",SDG 5,"SDG 16, SDG 4, SDG 5, SDG 1, SDG 9",SDG 16,"SDG 5, SDG 16, SDG 14, SDG 10, SDG 15",SDG 5,"SDG 5, SDG 10, SDG 11, SDG 6, SDG 15",SDG 5,"SDG 5, SDG 10, SDG 6, SDG 11, SDG 15",SDG 5,Gender Equality,0.7306
Conundrum of polypharmacy in geriatrics: Less is better than more,"SDG 4, SDG 2, SDG 1, SDG 11, SDG 5",SDG 4,"SDG 3, SDG 4, SDG 16, SDG 1, SDG 8",SDG 3,"SDG 15, SDG 5, SDG 3, SDG 10, SDG 4",SDG 15,"SDG 4, SDG 2, SDG 1, SDG 11, SDG 5",SDG 4,"SDG 4, SDG 2, SDG 1, SDG 11, SDG 5",SDG 4,Quality Education,0.1334
Cognitive impairment in alcohol use disorder and clinical practice guidelines for management of long-stay alcohol use disorder patients,"SDG 3, SDG 4, SDG 11, SDG 14, SDG 12",SDG 3,"SDG 3, SDG 16, SDG 11, SDG 6, SDG 7",SDG 3,"SDG 3, SDG 16, SDG 11, SDG 5, SDG 1",SDG 3,"SDG 3, SDG 4, SDG 11, SDG 1, SDG 12",SDG 3,"SDG 3, SDG 4, SDG 11, SDG 14, SDG 12",SDG 3,Good Health and Well-Being,0.9381
Need for robust studies to advocate for palliative care nursing education in India,"SDG 3, SDG 4, SDG 5, SDG 8, SDG 10",SDG 3,"SDG 3, SDG 4, SDG 16, SDG 1, SDG 9",SDG 3,"SDG 3, SDG 10, SDG 5, SDG 4, SDG 8",SDG 3,"SDG 3, SDG 4, SDG 5, SDG 8, SDG 10",SDG 3,"SDG 3, SDG 4, SDG 5, SDG 8, SDG 10",SDG 3,Good Health and Well-Being,0.5777
Oral cancer: Link with early coitus,"SDG 3, SDG 4, SDG 7, SDG 10, SDG 2",SDG 3,"SDG 3, SDG 16, SDG 10, SDG 9, SDG 2",SDG 3,"SDG 3, SDG 7, SDG 4, SDG 2, SDG 15",SDG 3,"SDG 3, SDG 4, SDG 7, SDG 10, SDG 2",SDG 3,"SDG 3, SDG 4, SDG 7, SDG 10, SDG 2",SDG 3,Good Health and Well-Being,0.6608
Revisit of an old surgical technique - Justification of elective lingual artery ligation in the management of squamous cell carcinoma of oral tongue,"SDG 4, SDG 3, SDG 7, SDG 8, SDG 14",SDG 4,"SDG 16, SDG 3, SDG 9, SDG 7, SDG 10",SDG 16,"SDG 3, SDG 14, SDG 2, SDG 7, SDG 12",SDG 3,"SDG 4, SDG 3, SDG 8, SDG 7, SDG 14",SDG 4,"SDG 4, SDG 3, SDG 7, SDG 8, SDG 14",SDG 4,Quality Education,0.262
“Two Minutes More!” Preparing Slides for Conference Research Presentations,"SDG 15, SDG 4, SDG 7, SDG 8, SDG 9",SDG 15,"SDG 16, SDG 7, SDG 4, SDG 8, SDG 5",SDG 16,"SDG 12, SDG 4, SDG 7, SDG 14, SDG 15",SDG 12,"SDG 15, SDG 4, SDG 7, SDG 8, SDG 9",SDG 15,"SDG 15, SDG 4, SDG 7, SDG 8, SDG 9",SDG 15,Life on Land,0.1385
Prevalence of hepatitis E virus as a causative agent of acute hepatitis.,"SDG 3, SDG 5, SDG 9, SDG 2, SDG 15",SDG 3,"SDG 16, SDG 3, SDG 14, SDG 6, SDG 8",SDG 16,"SDG 3, SDG 16, SDG 14, SDG 2, SDG 9",SDG 3,"SDG 3, SDG 5, SDG 2, SDG 9, SDG 15",SDG 3,"SDG 3, SDG 5, SDG 9, SDG 2, SDG 15",SDG 3,Good Health and Well-Being,0.5883
Reconsidering serological strategies for HPV-driven oropharyngeal cancer screening,"SDG 3, SDG 7, SDG 10, SDG 15, SDG 4",SDG 3,"SDG 3, SDG 16, SDG 7, SDG 10, SDG 14",SDG 3,"SDG 3, SDG 11, SDG 6, SDG 1, SDG 12",SDG 3,"SDG 3, SDG 7, SDG 10, SDG 4, SDG 2",SDG 3,"SDG 3, SDG 7, SDG 10, SDG 15, SDG 4",SDG 3,Good Health and Well-Being,0.7869
Interventional Psychiatry in India: Bridging Treatment Gaps and Expanding Horizons in Mental Health,"SDG 3, SDG 5, SDG 9, SDG 6, SDG 7",SDG 3,"SDG 3, SDG 1, SDG 16, SDG 7, SDG 10",SDG 3,"SDG 3, SDG 16, SDG 6, SDG 7, SDG 12",SDG 3,"SDG 3, SDG 5, SDG 9, SDG 10, SDG 1",SDG 3,"SDG 3, SDG 5, SDG 9, SDG 6, SDG 7",SDG 3,Good Health and Well-Being,0.9273
Second primary tumor versus recurrent oral squamous cell carcinoma: Effect of inconsistent definitions on evidence synthesis,"SDG 3, SDG 7, SDG 4, SDG 1, SDG 14",SDG 3,"SDG 16, SDG 3, SDG 7, SDG 9, SDG 2",SDG 16,"SDG 7, SDG 13, SDG 15, SDG 2, SDG 9",SDG 7,"SDG 3, SDG 7, SDG 4, SDG 1, SDG 14",SDG 3,"SDG 3, SDG 7, SDG 4, SDG 1, SDG 14",SDG 3,Good Health and Well-Being,0.1448
Assessment and management of agitation in consultation-liaison psychiatry,"SDG 6, SDG 14, SDG 4, SDG 3, SDG 5",SDG 6,"SDG 3, SDG 4, SDG 7, SDG 12, SDG 16",SDG 3,"SDG 14, SDG 15, SDG 6, SDG 7, SDG 16",SDG 14,"SDG 6, SDG 4, SDG 14, SDG 3, SDG 5",SDG 6,"SDG 6, SDG 14, SDG 4, SDG 3, SDG 5",SDG 6,Clean Water and Sanitation,0.2375
Global public health challenges require stronger European collaboration,"SDG 16, SDG 3, SDG 9, SDG 1, SDG 11",SDG 16,"SDG 3, SDG 16, SDG 6, SDG 10, SDG 7",SDG 3,"SDG 3, SDG 16, SDG 5, SDG 1, SDG 8",SDG 3,"SDG 16, SDG 3, SDG 9, SDG 1, SDG 11",SDG 16,"SDG 16, SDG 3, SDG 9, SDG 1, SDG 11",SDG 16,"Peace, Justice and Strong Institutions",0.7582
Making inroads of radiotherapy in gallbladder cancer,"SDG 3, SDG 7, SDG 11, SDG 10, SDG 9",SDG 3,"SDG 16, SDG 8, SDG 3, SDG 2, SDG 5",SDG 16,"SDG 3, SDG 16, SDG 6, SDG 15, SDG 7",SDG 3,"SDG 3, SDG 7, SDG 10, SDG 11, SDG 9",SDG 3,"SDG 3, SDG 7, SDG 11, SDG 10, SDG 9",SDG 3,Good Health and Well-Being,0.7132
Drainage and sewerage system in urban India: Need for action,"SDG 11, SDG 1, SDG 8, SDG 7, SDG 3",SDG 11,"SDG 6, SDG 16, SDG 11, SDG 15, SDG 1",SDG 6,"SDG 11, SDG 9, SDG 7, SDG 13, SDG 3",SDG 11,"SDG 11, SDG 1, SDG 8, SDG 7, SDG 6",SDG 11,"SDG 11, SDG 1, SDG 8, SDG 7, SDG 3",SDG 11,Sustainable Cities and Communities,0.7802
Paper polish: Development of a GPT to fine-tune scientific manuscripts,"SDG 9, SDG 15, SDG 8, SDG 1, SDG 4",SDG 9,"SDG 9, SDG 16, SDG 7, SDG 10, SDG 4",SDG 9,"SDG 7, SDG 9, SDG 15, SDG 13, SDG 11",SDG 7,"SDG 9, SDG 15, SDG 8, SDG 1, SDG 4",SDG 9,"SDG 9, SDG 15, SDG 8, SDG 1, SDG 4",SDG 9,"Industry, Innovation and Infrastructure",0.4551
South-Asian population has a higher likelihood for diabetes risk for statins regardless of potency,"SDG 3, SDG 10, SDG 12, SDG 7, SDG 8",SDG 3,"SDG 3, SDG 2, SDG 10, SDG 1, SDG 7",SDG 3,"SDG 3, SDG 6, SDG 11, SDG 16, SDG 13",SDG 3,"SDG 3, SDG 10, SDG 8, SDG 12, SDG 7",SDG 3,"SDG 3, SDG 10, SDG 12, SDG 7, SDG 8",SDG 3,Good Health and Well-Being,0.7178
Unfavourable stoichiometry of PAI-1 and tPA foments OSMF,"SDG 4, SDG 1, SDG 9, SDG 5, SDG 6",SDG 4,"SDG 11, SDG 16, SDG 7, SDG 3, SDG 6",SDG 11,"SDG 9, SDG 3, SDG 12, SDG 15, SDG 4",SDG 9,"SDG 4, SDG 1, SDG 9, SDG 5, SDG 6",SDG 4,"SDG 4, SDG 1, SDG 9, SDG 5, SDG 6",SDG 4,Quality Education,0.1787
CTGF is obligatory for TGF-β1mediated fibrosis in OSMF,"SDG 7, SDG 3, SDG 11, SDG 15, SDG 10",SDG 7,"SDG 3, SDG 11, SDG 8, SDG 16, SDG 9",SDG 3,"SDG 6, SDG 15, SDG 3, SDG 13, SDG 4",SDG 6,"SDG 3, SDG 7, SDG 11, SDG 10, SDG 15",SDG 3,"SDG 7, SDG 3, SDG 11, SDG 15, SDG 10",SDG 7,Affordable and Clean Energy,0.1296
"Patient-reported quality of life outcomes in Indian breast cancer patients: Importance, review of the researches, determinants and future directions","SDG 3, SDG 15, SDG 1, SDG 7, SDG 12",SDG 3,"SDG 3, SDG 16, SDG 5, SDG 7, SDG 1",SDG 3,"SDG 3, SDG 16, SDG 6, SDG 1, SDG 2",SDG 3,"SDG 3, SDG 1, SDG 16, SDG 10, SDG 7",SDG 3,"SDG 3, SDG 15, SDG 1, SDG 7, SDG 12",SDG 3,Good Health and Well-Being,0.9131
Attitudes and knowledge of Indian dental professionals about HIV infection and AIDS,"SDG 3, SDG 5, SDG 4, SDG 9, SDG 7",SDG 3,"SDG 3, SDG 16, SDG 10, SDG 6, SDG 8",SDG 3,"SDG 3, SDG 5, SDG 16, SDG 1, SDG 10",SDG 3,"SDG 3, SDG 5, SDG 4, SDG 9, SDG 7",SDG 3,"SDG 3, SDG 5, SDG 4, SDG 9, SDG 7",SDG 3,Good Health and Well-Being,0.7833
Incidental finding of tongue cancer in a PET scan: A fusion of anatomic and metabolic imaging,"SDG 3, SDG 4, SDG 10, SDG 7, SDG 12",SDG 3,"SDG 16, SDG 3, SDG 7, SDG 2, SDG 14",SDG 16,"SDG 16, SDG 3, SDG 2, SDG 6, SDG 14",SDG 16,"SDG 3, SDG 4, SDG 10, SDG 7, SDG 12",SDG 3,"SDG 3, SDG 4, SDG 10, SDG 7, SDG 12",SDG 3,Good Health and Well-Being,0.5934
"Suicides in India: A response to ""Suicide in India - A 78 four year retrospective study"" [J Forensic Leg Med 2007;14:185-9]","SDG 3, SDG 1, SDG 6, SDG 8, SDG 7",SDG 3,"SDG 3, SDG 16, SDG 8, SDG 1, SDG 15",SDG 3,"SDG 16, SDG 3, SDG 7, SDG 14, SDG 15",SDG 16,"SDG 3, SDG 1, SDG 8, SDG 6, SDG 10",SDG 3,"SDG 3, SDG 1, SDG 6, SDG 8, SDG 7",SDG 3,Good Health and Well-Being,0.7793
Personalized health in a public health perspective,"SDG 3, SDG 16, SDG 9, SDG 8, SDG 6",SDG 3,"SDG 3, SDG 16, SDG 2, SDG 1, SDG 8",SDG 3,"SDG 3, SDG 16, SDG 5, SDG 1, SDG 6",SDG 3,"SDG 3, SDG 16, SDG 1, SDG 9, SDG 4",SDG 3,"SDG 3, SDG 16, SDG 9, SDG 8, SDG 6",SDG 3,Good Health and Well-Being,0.5441
Augmentation of hydroxyurea cytotoxicity by sintamil in human chronic myeloid leukemia cells,"SDG 3, SDG 7, SDG 8, SDG 6, SDG 16",SDG 3,"SDG 8, SDG 3, SDG 16, SDG 12, SDG 6",SDG 8,"SDG 16, SDG 5, SDG 4, SDG 10, SDG 3",SDG 16,"SDG 3, SDG 7, SDG 8, SDG 16, SDG 6",SDG 3,"SDG 3, SDG 7, SDG 8, SDG 6, SDG 16",SDG 3,Good Health and Well-Being,0.2335
Kingella Kingae septicaemia in association with HIV disease,"SDG 3, SDG 4, SDG 6, SDG 14, SDG 2",SDG 3,"SDG 3, SDG 16, SDG 7, SDG 14, SDG 1",SDG 3,"SDG 3, SDG 14, SDG 4, SDG 8, SDG 9",SDG 3,"SDG 3, SDG 4, SDG 2, SDG 6, SDG 13",SDG 3,"SDG 3, SDG 4, SDG 6, SDG 14, SDG 2",SDG 3,Good Health and Well-Being,0.9157
An Explorative Study on Material Feasibility for Relief Shelter for Refugees,"SDG 1, SDG 13, SDG 11, SDG 16, SDG 12",SDG 1,"SDG 1, SDG 13, SDG 16, SDG 10, SDG 11",SDG 1,"SDG 16, SDG 13, SDG 15, SDG 11, SDG 6",SDG 16,"SDG 1, SDG 13, SDG 11, SDG 16, SDG 12",SDG 1,"SDG 1, SDG 13, SDG 11, SDG 16, SDG 12",SDG 1,No Poverty,0.3539
Sustainable agricultural practices in South Asia: A comprehensive review,"SDG 2, SDG 13, SDG 12, SDG 10, SDG 14",SDG 2,"SDG 2, SDG 12, SDG 13, SDG 16, SDG 8",SDG 2,"SDG 2, SDG 13, SDG 6, SDG 14, SDG 12",SDG 2,"SDG 2, SDG 13, SDG 12, SDG 1, SDG 10",SDG 2,"SDG 2, SDG 13, SDG 12, SDG 10, SDG 14",SDG 2,Zero Hunger,0.5899
"Perception, attitude and practices regarding climate change among college students in coastal south India","SDG 4, SDG 13, SDG 14, SDG 10, SDG 12",SDG 4,"SDG 13, SDG 4, SDG 16, SDG 1, SDG 12",SDG 13,"SDG 15, SDG 14, SDG 16, SDG 13, SDG 4",SDG 15,"SDG 4, SDG 13, SDG 14, SDG 10, SDG 1",SDG 4,"SDG 4, SDG 13, SDG 14, SDG 10, SDG 12",SDG 4,Quality Education,0.6988
Crop pattern change and crop water requirement judgment using remote sensing and gis techniques: A research on tungabhadra dam right canal,"SDG 6, SDG 2, SDG 15, SDG 13, SDG 12",SDG 6,"SDG 6, SDG 15, SDG 2, SDG 1, SDG 7",SDG 6,"SDG 2, SDG 6, SDG 15, SDG 13, SDG 14",SDG 2,"SDG 6, SDG 2, SDG 1, SDG 13, SDG 12",SDG 6,"SDG 6, SDG 2, SDG 15, SDG 13, SDG 12",SDG 6,Clean Water and Sanitation,0.6751
Optimal Location and Sizing of Fast Charging Stations for Electric Vehicles in Guwahati City Using Non-Dominated Sorting Genetic Algorithm-II,"SDG 11, SDG 9, SDG 13, SDG 10, SDG 6",SDG 11,"SDG 7, SDG 11, SDG 2, SDG 16, SDG 15",SDG 7,"SDG 9, SDG 7, SDG 11, SDG 12, SDG 13",SDG 9,"SDG 11, SDG 9, SDG 13, SDG 10, SDG 6",SDG 11,"SDG 11, SDG 9, SDG 13, SDG 10, SDG 6",SDG 11,Sustainable Cities and Communities,0.7055
Internet of Things Based Communication Architecture for Switchport Security and Energy Management in Interoperable Smart Microgrids,"SDG 7, SDG 11, SDG 6, SDG 5, SDG 12",SDG 7,"SDG 7, SDG 11, SDG 16, SDG 9, SDG 15",SDG 7,"SDG 7, SDG 13, SDG 11, SDG 12, SDG 15",SDG 7,"SDG 7, SDG 11, SDG 1, SDG 17, SDG 13",SDG 7,"SDG 7, SDG 11, SDG 6, SDG 5, SDG 12",SDG 7,Affordable and Clean Energy,0.899
Vehicle Re-identification in Smart City Transportation using Hybrid Surveillance Systems,"SDG 11, SDG 9, SDG 4, SDG 10, SDG 2",SDG 11,"SDG 11, SDG 16, SDG 9, SDG 8, SDG 7",SDG 11,"SDG 11, SDG 9, SDG 7, SDG 13, SDG 12",SDG 11,"SDG 11, SDG 9, SDG 17, SDG 16, SDG 1",SDG 11,"SDG 11, SDG 9, SDG 4, SDG 10, SDG 2",SDG 11,Sustainable Cities and Communities,0.882
Effects Of Urbanization On Urban Ecosystem Services (UESS) - A Geospatial Approach,"SDG 15, SDG 11, SDG 13, SDG 1, SDG 2",SDG 15,"SDG 11, SDG 15, SDG 6, SDG 2, SDG 16",SDG 11,"SDG 15, SDG 11, SDG 16, SDG 6, SDG 13",SDG 15,"SDG 15, SDG 11, SDG 1, SDG 13, SDG 12",SDG 15,"SDG 15, SDG 11, SDG 13, SDG 1, SDG 2",SDG 15,Life on Land,0.8514
Waste to value-added products: an innovative approach forsustainable production of microbial biopolymer (PHA) - emphasis on inexpensive carbon feedstock,"SDG 12, SDG 14, SDG 7, SDG 15, SDG 9",SDG 12,"SDG 12, SDG 16, SDG 7, SDG 9, SDG 14",SDG 12,"SDG 12, SDG 7, SDG 13, SDG 15, SDG 14",SDG 12,"SDG 12, SDG 7, SDG 14, SDG 15, SDG 9",SDG 12,"SDG 12, SDG 14, SDG 7, SDG 15, SDG 9",SDG 12,Responsible Consumption and Production,0.9057
Linear Motor-Based High-Speed Rail Transit System: A Sustainable Approach,"SDG 11, SDG 7, SDG 9, SDG 12, SDG 13",SDG 11,"SDG 7, SDG 11, SDG 9, SDG 16, SDG 2",SDG 7,"SDG 7, SDG 11, SDG 13, SDG 9, SDG 12",SDG 7,"SDG 11, SDG 7, SDG 9, SDG 12, SDG 13",SDG 11,"SDG 11, SDG 7, SDG 9, SDG 12, SDG 13",SDG 11,Sustainable Cities and Communities,0.6766
"Open defecation among adults having household toilets and factors associated with it: An analytical cross-sectional study from rural Bihar, India","SDG 6, SDG 1, SDG 3, SDG 7, SDG 2",SDG 6,"SDG 6, SDG 3, SDG 12, SDG 16, SDG 1",SDG 6,"SDG 5, SDG 6, SDG 13, SDG 2, SDG 15",SDG 5,"SDG 6, SDG 1, SDG 3, SDG 7, SDG 2",SDG 6,"SDG 6, SDG 1, SDG 3, SDG 7, SDG 2",SDG 6,Clean Water and Sanitation,0.4519
Adsorption of oil from water using sugarcane bagasse: an analysis using response surface methodology,"SDG 6, SDG 7, SDG 12, SDG 14, SDG 1",SDG 6,"SDG 16, SDG 6, SDG 12, SDG 7, SDG 8",SDG 16,"SDG 12, SDG 6, SDG 7, SDG 13, SDG 14",SDG 12,"SDG 6, SDG 7, SDG 12, SDG 14, SDG 1",SDG 6,"SDG 6, SDG 7, SDG 12, SDG 14, SDG 1",SDG 6,Clean Water and Sanitation,0.9082
"Characterisation of drek wood, jackfruit and pineapple peels for thermochemical conversion","SDG 7, SDG 15, SDG 12, SDG 4, SDG 13",SDG 7,"SDG 16, SDG 2, SDG 7, SDG 12, SDG 15",SDG 16,"SDG 7, SDG 12, SDG 11, SDG 15, SDG 14",SDG 7,"SDG 7, SDG 15, SDG 12, SDG 13, SDG 11",SDG 7,"SDG 7, SDG 15, SDG 12, SDG 4, SDG 13",SDG 7,Affordable and Clean Energy,0.3638
Assessment of wind and wave energy potential along the Indian coast,"SDG 7, SDG 13, SDG 14, SDG 6, SDG 12",SDG 7,"SDG 7, SDG 14, SDG 13, SDG 8, SDG 6",SDG 7,"SDG 13, SDG 7, SDG 14, SDG 15, SDG 9",SDG 13,"SDG 7, SDG 13, SDG 14, SDG 1, SDG 17",SDG 7,"SDG 7, SDG 13, SDG 14, SDG 6, SDG 12",SDG 7,Affordable and Clean Energy,0.5322
A review on recent developments in solar photoreactors for carbon dioxide conversion to fuels,"SDG 7, SDG 13, SDG 14, SDG 15, SDG 12",SDG 7,"SDG 7, SDG 13, SDG 16, SDG 14, SDG 10",SDG 7,"SDG 7, SDG 13, SDG 12, SDG 9, SDG 15",SDG 7,"SDG 7, SDG 13, SDG 12, SDG 11, SDG 14",SDG 7,"SDG 7, SDG 13, SDG 14, SDG 15, SDG 12",SDG 7,Affordable and Clean Energy,0.8949
Narrative review: The (mental) health consequences of the northern Iraq offensive of ISIS in 2014 for female Yezidis,"SDG 5, SDG 3, SDG 16, SDG 6, SDG 7",SDG 5,"SDG 3, SDG 5, SDG 16, SDG 7, SDG 2",SDG 3,"SDG 5, SDG 3, SDG 16, SDG 8, SDG 13",SDG 5,"SDG 5, SDG 3, SDG 16, SDG 1, SDG 10",SDG 5,"SDG 5, SDG 3, SDG 16, SDG 6, SDG 7",SDG 5,Gender Equality,0.597
Performance Investigation of RIS-Assisted Smart City Communication System Under Log-Distance Path Loss and Rician Fading Effects,"SDG 11, SDG 7, SDG 9, SDG 3, SDG 8",SDG 11,"SDG 11, SDG 9, SDG 7, SDG 16, SDG 10",SDG 11,"SDG 11, SDG 7, SDG 9, SDG 13, SDG 8",SDG 11,"SDG 11, SDG 7, SDG 9, SDG 8, SDG 1",SDG 11,"SDG 11, SDG 7, SDG 9, SDG 3, SDG 8",SDG 11,Sustainable Cities and Communities,0.7724
Experimental investigation on the performance parameters of a helical coil dehumidifier test rig,"SDG 6, SDG 13, SDG 10, SDG 9, SDG 8",SDG 6,"SDG 6, SDG 16, SDG 11, SDG 7, SDG 13",SDG 6,"SDG 6, SDG 13, SDG 14, SDG 9, SDG 7",SDG 6,"SDG 6, SDG 13, SDG 10, SDG 1, SDG 11",SDG 6,"SDG 6, SDG 13, SDG 10, SDG 9, SDG 8",SDG 6,Clean Water and Sanitation,0.8941
Risk factors for neonatal death in India: A retrospective case control study,"SDG 3, SDG 7, SDG 16, SDG 2, SDG 6",SDG 3,"SDG 3, SDG 8, SDG 7, SDG 16, SDG 1",SDG 3,"SDG 3, SDG 5, SDG 16, SDG 7, SDG 8",SDG 3,"SDG 3, SDG 16, SDG 7, SDG 5, SDG 1",SDG 3,"SDG 3, SDG 7, SDG 16, SDG 2, SDG 6",SDG 3,Good Health and Well-Being,0.935
Life cycle assessment of bio-methane and biogas-based electricity production from organic waste for utilization as a vehicle fuel,"SDG 12, SDG 7, SDG 13, SDG 11, SDG 2",SDG 12,"SDG 12, SDG 7, SDG 13, SDG 16, SDG 11",SDG 12,"SDG 7, SDG 13, SDG 12, SDG 2, SDG 14",SDG 7,"SDG 12, SDG 7, SDG 13, SDG 11, SDG 2",SDG 12,"SDG 12, SDG 7, SDG 13, SDG 11, SDG 2",SDG 12,Responsible Consumption and Production,0.5267
Mapping evidence on the impact of junk food on anaemia among adolescent and adult population: a scoping review,"SDG 16, SDG 2, SDG 3, SDG 12, SDG 1",SDG 16,"SDG 3, SDG 16, SDG 2, SDG 12, SDG 1",SDG 3,"SDG 16, SDG 3, SDG 2, SDG 5, SDG 12",SDG 16,"SDG 16, SDG 2, SDG 3, SDG 12, SDG 1",SDG 16,"SDG 16, SDG 2, SDG 3, SDG 12, SDG 1",SDG 16,"Peace, Justice and Strong Institutions",0.4415
Design of an Automated Power Generation Unit using Biomass,"SDG 7, SDG 12, SDG 6, SDG 9, SDG 15",SDG 7,"SDG 7, SDG 15, SDG 1, SDG 9, SDG 16",SDG 7,"SDG 7, SDG 13, SDG 6, SDG 12, SDG 9",SDG 7,"SDG 7, SDG 12, SDG 6, SDG 9, SDG 1",SDG 7,"SDG 7, SDG 12, SDG 6, SDG 9, SDG 15",SDG 7,Affordable and Clean Energy,0.883
Computational Fluid Dynamic Modelling of a High Flux Crimped Membrane to Improve Hemodialyzer Efficiency,"SDG 3, SDG 6, SDG 2, SDG 15, SDG 12",SDG 3,"SDG 6, SDG 16, SDG 3, SDG 10, SDG 1",SDG 6,"SDG 3, SDG 16, SDG 5, SDG 10, SDG 1",SDG 3,"SDG 3, SDG 6, SDG 1, SDG 10, SDG 12",SDG 3,"SDG 3, SDG 6, SDG 2, SDG 15, SDG 12",SDG 3,Good Health and Well-Being,0.8967
Performance investigation of simplified PWM MPPT approach for direct PV-fed switched reluctance motor in water pumping system,"SDG 7, SDG 6, SDG 8, SDG 4, SDG 9",SDG 7,"SDG 7, SDG 16, SDG 10, SDG 6, SDG 14",SDG 7,"SDG 6, SDG 2, SDG 13, SDG 7, SDG 16",SDG 6,"SDG 7, SDG 6, SDG 8, SDG 9, SDG 4",SDG 7,"SDG 7, SDG 6, SDG 8, SDG 4, SDG 9",SDG 7,Affordable and Clean Energy,0.2598
Artificial neural network model for the characterization of human locomotion parameters,"SDG 9, SDG 1, SDG 3, SDG 4, SDG 13",SDG 9,"SDG 16, SDG 15, SDG 9, SDG 10, SDG 3",SDG 16,"SDG 16, SDG 3, SDG 11, SDG 2, SDG 10",SDG 16,"SDG 9, SDG 1, SDG 3, SDG 13, SDG 4",SDG 9,"SDG 9, SDG 1, SDG 3, SDG 4, SDG 13",SDG 9,"Industry, Innovation and Infrastructure",0.4978
Machine learning techniques based on security management in smart cities using robots,"SDG 11, SDG 9, SDG 16, SDG 4, SDG 5",SDG 11,"SDG 16, SDG 11, SDG 8, SDG 9, SDG 1",SDG 16,"SDG 11, SDG 16, SDG 4, SDG 7, SDG 9",SDG 11,"SDG 11, SDG 9, SDG 16, SDG 4, SDG 5",SDG 11,"SDG 11, SDG 9, SDG 16, SDG 4, SDG 5",SDG 11,Sustainable Cities and Communities,0.7139
Bio-Based Epoxies: Mechanical Characterization and Their Applicability in the Development of Eco-Friendly Composites,"SDG 12, SDG 6, SDG 14, SDG 13, SDG 9",SDG 12,"SDG 16, SDG 12, SDG 10, SDG 13, SDG 7",SDG 16,"SDG 6, SDG 12, SDG 14, SDG 7, SDG 13",SDG 6,"SDG 12, SDG 6, SDG 14, SDG 13, SDG 9",SDG 12,"SDG 12, SDG 6, SDG 14, SDG 13, SDG 9",SDG 12,Responsible Consumption and Production,0.3149
Engineering green hospitals: An imperative for a sustainable future,"SDG 3, SDG 7, SDG 12, SDG 13, SDG 15",SDG 3,"SDG 7, SDG 12, SDG 13, SDG 3, SDG 9",SDG 7,"SDG 13, SDG 7, SDG 12, SDG 3, SDG 14",SDG 13,"SDG 3, SDG 7, SDG 12, SDG 13, SDG 1",SDG 3,"SDG 3, SDG 7, SDG 12, SDG 13, SDG 15",SDG 3,Good Health and Well-Being,0.6099
Conceptual Design of a Solar-Powered Winged Hybrid Airship for Agricultural Purposes,"SDG 2, SDG 7, SDG 13, SDG 12, SDG 8",SDG 2,"SDG 14, SDG 7, SDG 2, SDG 9, SDG 16",SDG 14,"SDG 2, SDG 13, SDG 6, SDG 14, SDG 12",SDG 2,"SDG 2, SDG 7, SDG 13, SDG 12, SDG 8",SDG 2,"SDG 2, SDG 7, SDG 13, SDG 12, SDG 8",SDG 2,Zero Hunger,0.8988
The Attitude of Young Adults on Child Abuse-A Community Based Cross-Sectional Survey,"SDG 4, SDG 3, SDG 1, SDG 5, SDG 11",SDG 4,"SDG 16, SDG 1, SDG 3, SDG 5, SDG 11",SDG 16,"SDG 4, SDG 1, SDG 5, SDG 9, SDG 10",SDG 4,"SDG 4, SDG 1, SDG 3, SDG 5, SDG 8",SDG 4,"SDG 4, SDG 3, SDG 1, SDG 5, SDG 11",SDG 4,Quality Education,0.4132
Financial development for energy access: Evidence from credit rationing and carbon emission in MENA region,"SDG 7, SDG 5, SDG 13, SDG 10, SDG 1",SDG 7,"SDG 7, SDG 10, SDG 13, SDG 6, SDG 5",SDG 7,"SDG 7, SDG 13, SDG 15, SDG 16, SDG 14",SDG 7,"SDG 7, SDG 5, SDG 13, SDG 10, SDG 1",SDG 7,"SDG 7, SDG 5, SDG 13, SDG 10, SDG 1",SDG 7,Affordable and Clean Energy,0.8447
Malnutrition among under-five children in India and strategies for control,"SDG 2, SDG 3, SDG 7, SDG 1, SDG 16",SDG 2,"SDG 2, SDG 3, SDG 1, SDG 16, SDG 10",SDG 2,"SDG 3, SDG 6, SDG 2, SDG 10, SDG 1",SDG 3,"SDG 2, SDG 3, SDG 1, SDG 7, SDG 16",SDG 2,"SDG 2, SDG 3, SDG 7, SDG 1, SDG 16",SDG 2,Zero Hunger,0.6283
Improving the properties of corn starch films for application as packaging material via reinforcement with microcrystalline cellulose synthesized from elephant grass,"SDG 12, SDG 6, SDG 4, SDG 14, SDG 15",SDG 12,"SDG 16, SDG 2, SDG 13, SDG 12, SDG 10",SDG 16,"SDG 12, SDG 13, SDG 6, SDG 7, SDG 14",SDG 12,"SDG 12, SDG 6, SDG 4, SDG 14, SDG 1",SDG 12,"SDG 12, SDG 6, SDG 4, SDG 14, SDG 15",SDG 12,Responsible Consumption and Production,0.4288
Erratum: Case report: Chronic lead poisoning in an adult battery worker (Occupational Medicine (2003) vol. 53 (476-478)),"SDG 3, SDG 4, SDG 8, SDG 10, SDG 7",SDG 3,"SDG 3, SDG 16, SDG 7, SDG 12, SDG 8",SDG 3,"SDG 8, SDG 1, SDG 10, SDG 3, SDG 4",SDG 8,"SDG 3, SDG 4, SDG 8, SDG 10, SDG 7",SDG 3,"SDG 3, SDG 4, SDG 8, SDG 10, SDG 7",SDG 3,Good Health and Well-Being,0.6395
A comparative study of Gene Xpert MTB/RIF to AFB smear microscopy in the diagnosis of pulmonary tuberculosis in India,"SDG 3, SDG 7, SDG 10, SDG 2, SDG 9",SDG 3,"SDG 16, SDG 3, SDG 8, SDG 9, SDG 15",SDG 16,"SDG 3, SDG 12, SDG 7, SDG 6, SDG 2",SDG 3,"SDG 3, SDG 7, SDG 10, SDG 2, SDG 9",SDG 3,"SDG 3, SDG 7, SDG 10, SDG 2, SDG 9",SDG 3,Good Health and Well-Being,0.2902
Tobacco use among rural schoolchildren of 13-15 years age group: A cross-sectional study,"SDG 3, SDG 8, SDG 1, SDG 4, SDG 7",SDG 3,"SDG 3, SDG 7, SDG 16, SDG 8, SDG 4",SDG 3,"SDG 4, SDG 1, SDG 10, SDG 8, SDG 9",SDG 4,"SDG 3, SDG 8, SDG 1, SDG 4, SDG 7",SDG 3,"SDG 3, SDG 8, SDG 1, SDG 4, SDG 7",SDG 3,Good Health and Well-Being,0.4039
Preventing mother-to-child transmission of human immunodeficiency virus type 1 in resource-poor countries,"SDG 1, SDG 15, SDG 5, SDG 2, SDG 7",SDG 1,"SDG 3, SDG 16, SDG 2, SDG 1, SDG 5",SDG 3,"SDG 1, SDG 5, SDG 4, SDG 13, SDG 15",SDG 1,"SDG 1, SDG 5, SDG 15, SDG 2, SDG 7",SDG 1,"SDG 1, SDG 15, SDG 5, SDG 2, SDG 7",SDG 1,No Poverty,0.7203
Construction stage analysis of segmental cantilever bridge,"SDG 11, SDG 9, SDG 6, SDG 8, SDG 5",SDG 11,"SDG 7, SDG 5, SDG 16, SDG 4, SDG 9",SDG 7,"SDG 11, SDG 6, SDG 9, SDG 15, SDG 13",SDG 11,"SDG 11, SDG 9, SDG 6, SDG 8, SDG 5",SDG 11,"SDG 11, SDG 9, SDG 6, SDG 8, SDG 5",SDG 11,Sustainable Cities and Communities,0.8637
Effect of diet counseling on anthropometric indices and dietary intake of the head and neck cancer patients undergoing chemo-radiotherapy,"SDG 2, SDG 3, SDG 10, SDG 7, SDG 1",SDG 2,"SDG 3, SDG 2, SDG 16, SDG 7, SDG 10",SDG 3,"SDG 3, SDG 2, SDG 16, SDG 6, SDG 1",SDG 3,"SDG 2, SDG 3, SDG 10, SDG 7, SDG 1",SDG 2,"SDG 2, SDG 3, SDG 10, SDG 7, SDG 1",SDG 2,Zero Hunger,0.4895
Spectrum of opportunistic infections in AIDS cases,"SDG 3, SDG 14, SDG 9, SDG 6, SDG 2",SDG 3,"SDG 3, SDG 16, SDG 6, SDG 9, SDG 8",SDG 3,"SDG 3, SDG 16, SDG 1, SDG 10, SDG 2",SDG 3,"SDG 3, SDG 1, SDG 16, SDG 10, SDG 5",SDG 3,"SDG 3, SDG 14, SDG 9, SDG 6, SDG 2",SDG 3,Good Health and Well-Being,0.9433
Awareness among doctors of a medical college in southern india of guidelines and protocols for medico-legal care for survivors/victims of sexual violence,"SDG 3, SDG 5, SDG 1, SDG 16, SDG 6",SDG 3,"SDG 5, SDG 16, SDG 3, SDG 1, SDG 7",SDG 5,"SDG 5, SDG 16, SDG 3, SDG 10, SDG 1",SDG 5,"SDG 3, SDG 5, SDG 16, SDG 1, SDG 10",SDG 3,"SDG 3, SDG 5, SDG 1, SDG 16, SDG 6",SDG 3,Good Health and Well-Being,0.565
Climate model based test workbench for daylight-artificial light integration,"SDG 13, SDG 7, SDG 1, SDG 3, SDG 10",SDG 13,"SDG 7, SDG 11, SDG 6, SDG 1, SDG 16",SDG 7,"SDG 7, SDG 13, SDG 11, SDG 15, SDG 6",SDG 7,"SDG 13, SDG 7, SDG 1, SDG 3, SDG 10",SDG 13,"SDG 13, SDG 7, SDG 1, SDG 3, SDG 10",SDG 13,Climate Action,0.5642
Custom Convolutional Neural Network Model for Identification of Nutritional Deficiencies in Children,"SDG 2, SDG 9, SDG 3, SDG 5, SDG 11",SDG 2,"SDG 2, SDG 3, SDG 1, SDG 8, SDG 16",SDG 2,"SDG 3, SDG 2, SDG 16, SDG 1, SDG 6",SDG 3,"SDG 2, SDG 9, SDG 3, SDG 5, SDG 1",SDG 2,"SDG 2, SDG 9, SDG 3, SDG 5, SDG 11",SDG 2,Zero Hunger,0.4316
Smart Automated Parking System Using RFID,"SDG 11, SDG 9, SDG 12, SDG 7, SDG 1",SDG 11,"SDG 11, SDG 15, SDG 12, SDG 9, SDG 16",SDG 11,"SDG 11, SDG 9, SDG 4, SDG 7, SDG 15",SDG 11,"SDG 11, SDG 9, SDG 12, SDG 7, SDG 1",SDG 11,"SDG 11, SDG 9, SDG 12, SDG 7, SDG 1",SDG 11,Sustainable Cities and Communities,0.7293
A Systematic Literature Review on the impact of Open Spaces on human physiological and mental well-being in post-pandemic housing in Urban Context,"SDG 11, SDG 10, SDG 3, SDG 15, SDG 1",SDG 11,"SDG 3, SDG 11, SDG 16, SDG 1, SDG 13",SDG 3,"SDG 11, SDG 3, SDG 10, SDG 13, SDG 9",SDG 11,"SDG 11, SDG 10, SDG 1, SDG 16, SDG 3",SDG 11,"SDG 11, SDG 10, SDG 3, SDG 15, SDG 1",SDG 11,Sustainable Cities and Communities,0.8796
Catalytical Performance of Heteroatom Doped and Undoped Carbon-Based Materials,"SDG 7, SDG 12, SDG 13, SDG 15, SDG 11",SDG 7,"SDG 7, SDG 16, SDG 9, SDG 15, SDG 11",SDG 7,"SDG 7, SDG 12, SDG 13, SDG 14, SDG 15",SDG 7,"SDG 7, SDG 12, SDG 13, SDG 11, SDG 1",SDG 7,"SDG 7, SDG 12, SDG 13, SDG 15, SDG 11",SDG 7,Affordable and Clean Energy,0.6734
Artificial Intelligence and Machine Learning-Based Building Solutions: Pathways to Ensure Occupant Comfort and Energy Efficiency with Climate Change,"SDG 9, SDG 13, SDG 7, SDG 14, SDG 12",SDG 9,"SDG 7, SDG 13, SDG 11, SDG 12, SDG 1",SDG 7,"SDG 7, SDG 9, SDG 13, SDG 12, SDG 15",SDG 7,"SDG 9, SDG 13, SDG 7, SDG 14, SDG 12",SDG 9,"SDG 9, SDG 13, SDG 7, SDG 14, SDG 12",SDG 9,"Industry, Innovation and Infrastructure",0.4528
Optimising Energy Efficiency in Agricultural Consumer Electronics Using Principal Component Analysis and Deep Q-Learning,"SDG 7, SDG 13, SDG 2, SDG 4, SDG 11",SDG 7,"SDG 7, SDG 2, SDG 9, SDG 12, SDG 8",SDG 7,"SDG 7, SDG 13, SDG 12, SDG 9, SDG 15",SDG 7,"SDG 7, SDG 13, SDG 2, SDG 4, SDG 11",SDG 7,"SDG 7, SDG 13, SDG 2, SDG 4, SDG 11",SDG 7,Affordable and Clean Energy,0.7421
Decadal changes in land use and land cover: impacts and their influence on urban ecosystem services,"SDG 11, SDG 15, SDG 14, SDG 1, SDG 12",SDG 11,"SDG 11, SDG 16, SDG 15, SDG 6, SDG 12",SDG 11,"SDG 11, SDG 15, SDG 6, SDG 13, SDG 2",SDG 11,"SDG 11, SDG 15, SDG 1, SDG 8, SDG 17",SDG 11,"SDG 11, SDG 15, SDG 14, SDG 1, SDG 12",SDG 11,Sustainable Cities and Communities,0.5416
Landfill leachate treatment by incorporating MWCNTs assisted adsorption and coagulation process,"SDG 6, SDG 12, SDG 14, SDG 11, SDG 15",SDG 6,"SDG 12, SDG 16, SDG 6, SDG 15, SDG 11",SDG 12,"SDG 6, SDG 14, SDG 13, SDG 12, SDG 15",SDG 6,"SDG 6, SDG 12, SDG 14, SDG 11, SDG 13",SDG 6,"SDG 6, SDG 12, SDG 14, SDG 11, SDG 15",SDG 6,Clean Water and Sanitation,0.4734
From community genetics to public health genomics - What's in a name?,"SDG 3, SDG 16, SDG 1, SDG 9, SDG 2",SDG 3,"SDG 3, SDG 16, SDG 2, SDG 7, SDG 8",SDG 3,"SDG 3, SDG 16, SDG 5, SDG 6, SDG 10",SDG 3,"SDG 3, SDG 16, SDG 1, SDG 9, SDG 5",SDG 3,"SDG 3, SDG 16, SDG 1, SDG 9, SDG 2",SDG 3,Good Health and Well-Being,0.526
Public health genomics journal: Adjusting the agenda to future needs,"SDG 3, SDG 1, SDG 16, SDG 9, SDG 11",SDG 3,"SDG 16, SDG 3, SDG 7, SDG 9, SDG 2",SDG 16,"SDG 3, SDG 16, SDG 7, SDG 1, SDG 13",SDG 3,"SDG 3, SDG 1, SDG 16, SDG 11, SDG 9",SDG 3,"SDG 3, SDG 1, SDG 16, SDG 9, SDG 11",SDG 3,Good Health and Well-Being,0.8497
Infectious diseases: the 10 common truths I never believed,"SDG 3, SDG 11, SDG 4, SDG 7, SDG 1",SDG 3,"SDG 16, SDG 3, SDG 2, SDG 1, SDG 6",SDG 16,"SDG 3, SDG 9, SDG 15, SDG 12, SDG 4",SDG 3,"SDG 3, SDG 11, SDG 4, SDG 1, SDG 7",SDG 3,"SDG 3, SDG 11, SDG 4, SDG 7, SDG 1",SDG 3,Good Health and Well-Being,0.7676
Editorial: Pharmaceutically targeting hypoxia in the breast cancer microenvironment: mechanistic and translational approaches,"SDG 3, SDG 14, SDG 1, SDG 10, SDG 2",SDG 3,"SDG 3, SDG 16, SDG 12, SDG 5, SDG 14",SDG 3,"SDG 3, SDG 14, SDG 2, SDG 1, SDG 11",SDG 3,"SDG 3, SDG 14, SDG 1, SDG 10, SDG 2",SDG 3,"SDG 3, SDG 14, SDG 1, SDG 10, SDG 2",SDG 3,Good Health and Well-Being,0.6912
Nuevo enfoque para combatir la COVID-19: modelo de estratificación del riesgo utilizando la base de datos FAIR,"SDG 7, SDG 10, SDG 5, SDG 9, SDG 4",SDG 7,"SDG 15, SDG 11, SDG 5, SDG 2, SDG 3",SDG 15,"SDG 12, SDG 7, SDG 10, SDG 11, SDG 4",SDG 12,"SDG 7, SDG 10, SDG 5, SDG 9, SDG 4",SDG 7,"SDG 7, SDG 10, SDG 5, SDG 9, SDG 4",SDG 7,Affordable and Clean Energy,0.221
Tar gel with UVB versus liquid paraffin with UVB in the treatment of psoriasis,"SDG 6, SDG 3, SDG 1, SDG 15, SDG 9",SDG 6,"SDG 16, SDG 12, SDG 10, SDG 8, SDG 1",SDG 16,"SDG 3, SDG 2, SDG 9, SDG 11, SDG 5",SDG 3,"SDG 6, SDG 3, SDG 1, SDG 15, SDG 9",SDG 6,"SDG 6, SDG 3, SDG 1, SDG 15, SDG 9",SDG 6,Clean Water and Sanitation,0.3636
Right-sided infective endocarditis in an Indian Intensive Care Unit,"SDG 3, SDG 16, SDG 1, SDG 10, SDG 5",SDG 3,"SDG 3, SDG 16, SDG 7, SDG 10, SDG 8",SDG 3,"SDG 3, SDG 10, SDG 5, SDG 1, SDG 7",SDG 3,"SDG 3, SDG 16, SDG 1, SDG 10, SDG 5",SDG 3,"SDG 3, SDG 16, SDG 1, SDG 10, SDG 5",SDG 3,Good Health and Well-Being,0.6059
Conjugal leprosy: is there a need for active surveillance in endemic areas?,"SDG 15, SDG 3, SDG 11, SDG 5, SDG 9",SDG 15,"SDG 15, SDG 3, SDG 16, SDG 5, SDG 8",SDG 15,"SDG 15, SDG 9, SDG 12, SDG 6, SDG 14",SDG 15,"SDG 15, SDG 3, SDG 11, SDG 5, SDG 9",SDG 15,"SDG 15, SDG 3, SDG 11, SDG 5, SDG 9",SDG 15,Life on Land,0.3202
Sustainable Indoor Thermal Regulation with Hybrid Desiccant and Post-Cooling Technologies,"SDG 7, SDG 13, SDG 10, SDG 9, SDG 16",SDG 7,"SDG 16, SDG 12, SDG 7, SDG 11, SDG 13",SDG 16,"SDG 7, SDG 13, SDG 9, SDG 16, SDG 6",SDG 7,"SDG 7, SDG 13, SDG 10, SDG 9, SDG 16",SDG 7,"SDG 7, SDG 13, SDG 10, SDG 9, SDG 16",SDG 7,Affordable and Clean Energy,0.566
"Yellow emissive and high fluorescence quantum yield carbon dots from perylene-3,4,9,10-tetracarboxylic dianhydride for anticounterfeiting applications","SDG 12, SDG 9, SDG 13, SDG 15, SDG 5",SDG 12,"SDG 16, SDG 15, SDG 3, SDG 10, SDG 9",SDG 16,"SDG 12, SDG 7, SDG 13, SDG 14, SDG 15",SDG 12,"SDG 12, SDG 9, SDG 13, SDG 5, SDG 15",SDG 12,"SDG 12, SDG 9, SDG 13, SDG 15, SDG 5",SDG 12,Responsible Consumption and Production,0.4309
Traumatic brain injury: a priority for public health policy,"SDG 16, SDG 3, SDG 2, SDG 10, SDG 5",SDG 16,"SDG 16, SDG 3, SDG 13, SDG 7, SDG 8",SDG 16,"SDG 3, SDG 16, SDG 10, SDG 1, SDG 5",SDG 3,"SDG 16, SDG 3, SDG 2, SDG 10, SDG 5",SDG 16,"SDG 16, SDG 3, SDG 2, SDG 10, SDG 5",SDG 16,"Peace, Justice and Strong Institutions",0.6937
Clinical practice guidelines on post-traumatic cognitive impairment: Assessment and remedial measures,"SDG 4, SDG 3, SDG 5, SDG 10, SDG 1",SDG 4,"SDG 16, SDG 11, SDG 13, SDG 4, SDG 3",SDG 16,"SDG 4, SDG 1, SDG 5, SDG 2, SDG 10",SDG 4,"SDG 4, SDG 3, SDG 5, SDG 10, SDG 1",SDG 4,"SDG 4, SDG 3, SDG 5, SDG 10, SDG 1",SDG 4,Quality Education,0.5178
"Vibrio fluvialis from an immunocompromised patient in Manipal, South India","SDG 7, SDG 8, SDG 10, SDG 15, SDG 2",SDG 7,"SDG 3, SDG 16, SDG 6, SDG 8, SDG 10",SDG 3,"SDG 7, SDG 10, SDG 9, SDG 13, SDG 15",SDG 7,"SDG 7, SDG 8, SDG 10, SDG 15, SDG 2",SDG 7,"SDG 7, SDG 8, SDG 10, SDG 15, SDG 2",SDG 7,Affordable and Clean Energy,0.3999
"Activity of proteinase, phospholipase and biofilm as virulence markers in Candida species isolated from haematogenous samples","SDG 15, SDG 5, SDG 4, SDG 14, SDG 6",SDG 15,"SDG 16, SDG 10, SDG 2, SDG 15, SDG 3",SDG 16,"SDG 15, SDG 14, SDG 6, SDG 2, SDG 3",SDG 15,"SDG 15, SDG 5, SDG 14, SDG 4, SDG 6",SDG 15,"SDG 15, SDG 5, SDG 4, SDG 14, SDG 6",SDG 15,Life on Land,0.7821
Hyperactive sexual desire in Klinefelter Syndrome: Treatment with sertraline,"SDG 3, SDG 11, SDG 1, SDG 6, SDG 4",SDG 3,"SDG 5, SDG 3, SDG 7, SDG 16, SDG 9",SDG 5,"SDG 3, SDG 16, SDG 9, SDG 4, SDG 5",SDG 3,"SDG 3, SDG 11, SDG 1, SDG 6, SDG 4",SDG 3,"SDG 3, SDG 11, SDG 1, SDG 6, SDG 4",SDG 3,Good Health and Well-Being,0.4365
"A study on implementation of ‘Kuposhan Mukt Gujarat Maha-Abhiyan’ (KMGA) in Vadodara district, Gujarat","SDG 16, SDG 2, SDG 9, SDG 8, SDG 6",SDG 16,"SDG 3, SDG 2, SDG 1, SDG 16, SDG 4",SDG 3,"SDG 16, SDG 2, SDG 3, SDG 1, SDG 5",SDG 16,"SDG 16, SDG 2, SDG 9, SDG 8, SDG 6",SDG 16,"SDG 16, SDG 2, SDG 9, SDG 8, SDG 6",SDG 16,"Peace, Justice and Strong Institutions",0.694
Evaluation of Crop Diversification on Indian Farming Practices: A Panel Regression Approach,"SDG 2, SDG 1, SDG 13, SDG 6, SDG 8",SDG 2,"SDG 2, SDG 8, SDG 1, SDG 15, SDG 16",SDG 2,"SDG 2, SDG 6, SDG 9, SDG 13, SDG 14",SDG 2,"SDG 2, SDG 1, SDG 13, SDG 8, SDG 10",SDG 2,"SDG 2, SDG 1, SDG 13, SDG 6, SDG 8",SDG 2,Zero Hunger,0.9257
A Comparative Study on Air Quality Index Prediction Using Machine Learning and Hybrid Deep Learning Models,"SDG 9, SDG 15, SDG 11, SDG 1, SDG 4",SDG 9,"SDG 16, SDG 8, SDG 2, SDG 7, SDG 6",SDG 16,"SDG 15, SDG 16, SDG 11, SDG 13, SDG 7",SDG 15,"SDG 9, SDG 15, SDG 11, SDG 1, SDG 4",SDG 9,"SDG 9, SDG 15, SDG 11, SDG 1, SDG 4",SDG 9,"Industry, Innovation and Infrastructure",0.4522
An Intelligent Hybrid Framework for Threat Pre-Identification and Secure Key Distribution in Zigbee-Enabled IoT Networks Using RBF and Blockchain,"SDG 9, SDG 16, SDG 5, SDG 11, SDG 3",SDG 9,"SDG 9, SDG 16, SDG 1, SDG 7, SDG 15",SDG 9,"SDG 9, SDG 11, SDG 7, SDG 14, SDG 16",SDG 9,"SDG 9, SDG 16, SDG 5, SDG 11, SDG 1",SDG 9,"SDG 9, SDG 16, SDG 5, SDG 11, SDG 3",SDG 9,"Industry, Innovation and Infrastructure",0.8795
Unveiling truth of Artificial Intelligence in Forensic Medicine and Education – better late than never,"SDG 16, SDG 9, SDG 3, SDG 4, SDG 1",SDG 16,"SDG 16, SDG 8, SDG 3, SDG 9, SDG 5",SDG 16,"SDG 16, SDG 9, SDG 4, SDG 5, SDG 7",SDG 16,"SDG 16, SDG 9, SDG 4, SDG 1, SDG 3",SDG 16,"SDG 16, SDG 9, SDG 3, SDG 4, SDG 1",SDG 16,"Peace, Justice and Strong Institutions",0.5337
"Influence of Stacking Sequence and Seawater Aging on Mechanical, Thermal, and Viscoelastic Properties of Hybrid kenaf/Flax/Glass Fiber-Reinforced Sustainable Composites","SDG 14, SDG 9, SDG 11, SDG 12, SDG 13",SDG 14,"SDG 16, SDG 10, SDG 14, SDG 9, SDG 11",SDG 16,"SDG 14, SDG 13, SDG 2, SDG 15, SDG 7",SDG 14,"SDG 14, SDG 9, SDG 11, SDG 12, SDG 13",SDG 14,"SDG 14, SDG 9, SDG 11, SDG 12, SDG 13",SDG 14,Life Below Water,0.5422
"Modeling transformational leadership, supply chain collaboration and firm performance – a case of India","SDG 16, SDG 9, SDG 11, SDG 10, SDG 7",SDG 16,"SDG 16, SDG 7, SDG 12, SDG 8, SDG 9",SDG 16,"SDG 16, SDG 9, SDG 7, SDG 11, SDG 8",SDG 16,"SDG 16, SDG 9, SDG 11, SDG 10, SDG 7",SDG 16,"SDG 16, SDG 9, SDG 11, SDG 10, SDG 7",SDG 16,"Peace, Justice and Strong Institutions",0.3685
Daylighting analysis for selection of optimal hospital building form in warm humid climate,"SDG 7, SDG 13, SDG 12, SDG 3, SDG 14",SDG 7,"SDG 7, SDG 3, SDG 11, SDG 13, SDG 16",SDG 7,"SDG 13, SDG 7, SDG 11, SDG 15, SDG 6",SDG 13,"SDG 7, SDG 13, SDG 12, SDG 3, SDG 4",SDG 7,"SDG 7, SDG 13, SDG 12, SDG 3, SDG 14",SDG 7,Affordable and Clean Energy,0.675
"Nanominerals in nutrition: Recent developments, present burning issues and future perspectives","SDG 2, SDG 3, SDG 1, SDG 15, SDG 10",SDG 2,"SDG 16, SDG 2, SDG 12, SDG 10, SDG 3",SDG 16,"SDG 2, SDG 3, SDG 1, SDG 6, SDG 16",SDG 2,"SDG 2, SDG 3, SDG 1, SDG 10, SDG 8",SDG 2,"SDG 2, SDG 3, SDG 1, SDG 15, SDG 10",SDG 2,Zero Hunger,0.9052
Recurrent malaria--an enigma?,"SDG 3, SDG 7, SDG 14, SDG 1, SDG 8",SDG 3,"SDG 3, SDG 8, SDG 9, SDG 15, SDG 7",SDG 3,"SDG 3, SDG 11, SDG 16, SDG 1, SDG 5",SDG 3,"SDG 3, SDG 7, SDG 1, SDG 8, SDG 14",SDG 3,"SDG 3, SDG 7, SDG 14, SDG 1, SDG 8",SDG 3,Good Health and Well-Being,0.7938
Urinary tract infection in children due to drug-resistant bacteria - A study from South India [1],"SDG 3, SDG 1, SDG 8, SDG 2, SDG 7",SDG 3,"SDG 3, SDG 16, SDG 1, SDG 6, SDG 10",SDG 3,"SDG 3, SDG 11, SDG 1, SDG 6, SDG 4",SDG 3,"SDG 3, SDG 1, SDG 8, SDG 2, SDG 10",SDG 3,"SDG 3, SDG 1, SDG 8, SDG 2, SDG 7",SDG 3,Good Health and Well-Being,0.8675
Public health perspective: From personalized medicine to personal health,"SDG 3, SDG 16, SDG 8, SDG 9, SDG 1",SDG 3,"SDG 3, SDG 16, SDG 2, SDG 1, SDG 6",SDG 3,"SDG 3, SDG 16, SDG 1, SDG 5, SDG 10",SDG 3,"SDG 3, SDG 16, SDG 1, SDG 8, SDG 5",SDG 3,"SDG 3, SDG 16, SDG 8, SDG 9, SDG 1",SDG 3,Good Health and Well-Being,0.7698
Participation in activities of daily living can reduce loneliness in older adults,"SDG 1, SDG 3, SDG 4, SDG 13, SDG 11",SDG 1,"SDG 16, SDG 1, SDG 11, SDG 8, SDG 3",SDG 16,"SDG 4, SDG 1, SDG 15, SDG 8, SDG 5",SDG 4,"SDG 1, SDG 3, SDG 4, SDG 13, SDG 11",SDG 1,"SDG 1, SDG 3, SDG 4, SDG 13, SDG 11",SDG 1,No Poverty,0.3522
Challenging the myths: The way forward in prevention of rapes,"SDG 3, SDG 5, SDG 9, SDG 6, SDG 8",SDG 3,"SDG 5, SDG 16, SDG 1, SDG 3, SDG 7",SDG 5,"SDG 5, SDG 4, SDG 3, SDG 1, SDG 8",SDG 5,"SDG 3, SDG 5, SDG 9, SDG 8, SDG 6",SDG 3,"SDG 3, SDG 5, SDG 9, SDG 6, SDG 8",SDG 3,Good Health and Well-Being,0.3409
Unusual self-inflicted penetrating craniocerebral injury by a nail,"SDG 3, SDG 10, SDG 4, SDG 15, SDG 11",SDG 3,"SDG 16, SDG 3, SDG 9, SDG 1, SDG 2",SDG 16,"SDG 16, SDG 5, SDG 3, SDG 10, SDG 8",SDG 16,"SDG 3, SDG 10, SDG 4, SDG 15, SDG 8",SDG 3,"SDG 3, SDG 10, SDG 4, SDG 15, SDG 11",SDG 3,Good Health and Well-Being,0.3241
Pisa syndrome with clozapine therapy in a young patient with schizoaffective disorder,"SDG 3, SDG 4, SDG 8, SDG 1, SDG 11",SDG 3,"SDG 3, SDG 16, SDG 4, SDG 8, SDG 1",SDG 3,"SDG 3, SDG 5, SDG 10, SDG 15, SDG 9",SDG 3,"SDG 3, SDG 4, SDG 8, SDG 1, SDG 5",SDG 3,"SDG 3, SDG 4, SDG 8, SDG 1, SDG 11",SDG 3,Good Health and Well-Being,0.7634
Meta‑analysis and Network Meta‑analysis: Do They Simplify Clinical Care?,"SDG 3, SDG 4, SDG 5, SDG 9, SDG 10",SDG 3,"SDG 3, SDG 16, SDG 5, SDG 7, SDG 4",SDG 3,"SDG 3, SDG 9, SDG 11, SDG 5, SDG 10",SDG 3,"SDG 3, SDG 4, SDG 9, SDG 5, SDG 10",SDG 3,"SDG 3, SDG 4, SDG 5, SDG 9, SDG 10",SDG 3,Good Health and Well-Being,0.9003
Pseudomonas aeruginosa biofilms in hospital water systems and the effect of sub-inhibitory concentration of chlorine,"SDG 6, SDG 3, SDG 8, SDG 7, SDG 14",SDG 6,"SDG 6, SDG 16, SDG 3, SDG 14, SDG 12",SDG 6,"SDG 6, SDG 14, SDG 3, SDG 7, SDG 13",SDG 6,"SDG 6, SDG 3, SDG 13, SDG 14, SDG 7",SDG 6,"SDG 6, SDG 3, SDG 8, SDG 7, SDG 14",SDG 6,Clean Water and Sanitation,0.6542
Recent Developments in IoT-Based Air Quality Monitoring and Control,"SDG 9, SDG 11, SDG 6, SDG 15, SDG 3",SDG 9,"SDG 16, SDG 11, SDG 6, SDG 9, SDG 3",SDG 16,"SDG 9, SDG 11, SDG 7, SDG 6, SDG 14",SDG 9,"SDG 9, SDG 11, SDG 1, SDG 16, SDG 17",SDG 9,"SDG 9, SDG 11, SDG 6, SDG 15, SDG 3",SDG 9,"Industry, Innovation and Infrastructure",0.9444
Changing sexual practices: A possible link to oral cancer,"SDG 3, SDG 4, SDG 7, SDG 13, SDG 10",SDG 3,"SDG 3, SDG 5, SDG 16, SDG 6, SDG 7",SDG 3,"SDG 3, SDG 4, SDG 9, SDG 6, SDG 15",SDG 3,"SDG 3, SDG 4, SDG 7, SDG 10, SDG 13",SDG 3,"SDG 3, SDG 4, SDG 7, SDG 13, SDG 10",SDG 3,Good Health and Well-Being,0.6239
Serum and urine protein thiols in type 2 diabetes mellitus patients,"SDG 3, SDG 2, SDG 8, SDG 15, SDG 14",SDG 3,"SDG 3, SDG 16, SDG 8, SDG 2, SDG 10",SDG 3,"SDG 3, SDG 16, SDG 6, SDG 5, SDG 10",SDG 3,"SDG 3, SDG 2, SDG 8, SDG 13, SDG 6",SDG 3,"SDG 3, SDG 2, SDG 8, SDG 15, SDG 14",SDG 3,Good Health and Well-Being,0.9195
"Correction: Prevalence of self-reported tuberculosis, knowledge about tuberculosis transmission and its determinants among adults in India: Results from a nation-wide cross-sectional household survey","SDG 3, SDG 4, SDG 2, SDG 10, SDG 7",SDG 3,"SDG 3, SDG 10, SDG 16, SDG 1, SDG 5",SDG 3,"SDG 3, SDG 4, SDG 2, SDG 8, SDG 1",SDG 3,"SDG 3, SDG 4, SDG 10, SDG 2, SDG 8",SDG 3,"SDG 3, SDG 4, SDG 2, SDG 10, SDG 7",SDG 3,Good Health and Well-Being,0.542
Hypoglycaemic and anti-diabetic activity of stem bark extracts Erythrina indica in normal and alloxan-induced diabetic rats,"SDG 3, SDG 2, SDG 5, SDG 8, SDG 10",SDG 3,"SDG 3, SDG 15, SDG 16, SDG 10, SDG 8",SDG 3,"SDG 10, SDG 8, SDG 3, SDG 5, SDG 11",SDG 10,"SDG 3, SDG 2, SDG 8, SDG 10, SDG 5",SDG 3,"SDG 3, SDG 2, SDG 5, SDG 8, SDG 10",SDG 3,Good Health and Well-Being,0.3994
Killing Cultural Diversity to Control Tobacco: A Democratic Approach,"SDG 16, SDG 3, SDG 15, SDG 2, SDG 8",SDG 16,"SDG 16, SDG 3, SDG 7, SDG 8, SDG 12",SDG 16,"SDG 16, SDG 5, SDG 10, SDG 13, SDG 8",SDG 16,"SDG 16, SDG 3, SDG 15, SDG 2, SDG 8",SDG 16,"SDG 16, SDG 3, SDG 15, SDG 2, SDG 8",SDG 16,"Peace, Justice and Strong Institutions",0.7925
Strategies for effective tobacco control in countries with world's largest tobacco users: What more is needed?,"SDG 3, SDG 9, SDG 15, SDG 7, SDG 2",SDG 3,"SDG 3, SDG 7, SDG 16, SDG 15, SDG 12",SDG 3,"SDG 5, SDG 8, SDG 4, SDG 15, SDG 1",SDG 5,"SDG 3, SDG 9, SDG 15, SDG 7, SDG 2",SDG 3,"SDG 3, SDG 9, SDG 15, SDG 7, SDG 2",SDG 3,Good Health and Well-Being,0.28
"PAROXYSMAL VISUAL PHENOMENON, DIAGNOSTIC DILEMMA AND THERAPEUTIC CHALLENGE","SDG 3, SDG 4, SDG 16, SDG 11, SDG 9",SDG 3,"SDG 3, SDG 16, SDG 8, SDG 7, SDG 10",SDG 3,"SDG 3, SDG 16, SDG 11, SDG 6, SDG 1",SDG 3,"SDG 3, SDG 4, SDG 16, SDG 11, SDG 9",SDG 3,"SDG 3, SDG 4, SDG 16, SDG 11, SDG 9",SDG 3,Good Health and Well-Being,0.1953
Approval from the ethics committee in published studies from the Indian Journal of Psychiatry,"SDG 7, SDG 3, SDG 6, SDG 16, SDG 9",SDG 7,"SDG 3, SDG 16, SDG 7, SDG 5, SDG 1",SDG 3,"SDG 7, SDG 13, SDG 15, SDG 6, SDG 3",SDG 7,"SDG 7, SDG 3, SDG 6, SDG 16, SDG 1",SDG 7,"SDG 7, SDG 3, SDG 6, SDG 16, SDG 9",SDG 7,Affordable and Clean Energy,0.2837
"Impact of Covid-19 lockdown on health-related quality of life, mental well-being, and daily routines among high school children of Udupi District, Karnataka, India: A cross-sectional study","SDG 3, SDG 4, SDG 1, SDG 16, SDG 6",SDG 3,"SDG 3, SDG 1, SDG 7, SDG 5, SDG 4",SDG 3,"SDG 4, SDG 1, SDG 3, SDG 5, SDG 16",SDG 4,"SDG 3, SDG 4, SDG 1, SDG 16, SDG 5",SDG 3,"SDG 3, SDG 4, SDG 1, SDG 16, SDG 6",SDG 3,Good Health and Well-Being,0.6938
"Detecting spatial and spatio-temporal clusters of rape in India, 2011–2020","SDG 11, SDG 10, SDG 5, SDG 1, SDG 3",SDG 11,"SDG 16, SDG 1, SDG 5, SDG 3, SDG 15",SDG 16,"SDG 5, SDG 16, SDG 15, SDG 11, SDG 13",SDG 5,"SDG 11, SDG 10, SDG 5, SDG 1, SDG 3",SDG 11,"SDG 11, SDG 10, SDG 5, SDG 1, SDG 3",SDG 11,Sustainable Cities and Communities,0.3106
Electric vehicle grid demand: Potential analysis model and regional architectural planning approach for charging using PVsyst tool,"SDG 7, SDG 11, SDG 13, SDG 12, SDG 9",SDG 7,"SDG 7, SDG 11, SDG 15, SDG 9, SDG 13",SDG 7,"SDG 7, SDG 11, SDG 13, SDG 6, SDG 15",SDG 7,"SDG 7, SDG 11, SDG 13, SDG 12, SDG 1",SDG 7,"SDG 7, SDG 11, SDG 13, SDG 12, SDG 9",SDG 7,Affordable and Clean Energy,0.6494
"Socio-ecological determinants of malaria transmission risk among population residing in an endemic area of southern province of Karnataka, India","SDG 3, SDG 1, SDG 12, SDG 11, SDG 16",SDG 3,"SDG 3, SDG 1, SDG 16, SDG 6, SDG 8",SDG 3,"SDG 11, SDG 3, SDG 7, SDG 9, SDG 13",SDG 11,"SDG 3, SDG 1, SDG 12, SDG 11, SDG 16",SDG 3,"SDG 3, SDG 1, SDG 12, SDG 11, SDG 16",SDG 3,Good Health and Well-Being,0.7424
Clinical presentation of abdominal tuberculosis in Indian scenario: A retrospective study,"SDG 3, SDG 7, SDG 1, SDG 2, SDG 6",SDG 3,"SDG 16, SDG 3, SDG 8, SDG 9, SDG 2",SDG 16,"SDG 16, SDG 10, SDG 14, SDG 7, SDG 9",SDG 16,"SDG 3, SDG 7, SDG 1, SDG 2, SDG 4",SDG 3,"SDG 3, SDG 7, SDG 1, SDG 2, SDG 6",SDG 3,Good Health and Well-Being,0.7496
RE: Impact of radical treatments on survival in locally advanced T4a and T4b buccal mucosa cancers: Selected surgically treated T4b cancers have similar control rates as T4a,"SDG 3, SDG 1, SDG 12, SDG 15, SDG 8",SDG 3,"SDG 16, SDG 3, SDG 7, SDG 10, SDG 8",SDG 16,"SDG 3, SDG 6, SDG 15, SDG 1, SDG 11",SDG 3,"SDG 3, SDG 1, SDG 12, SDG 15, SDG 8",SDG 3,"SDG 3, SDG 1, SDG 12, SDG 15, SDG 8",SDG 3,Good Health and Well-Being,0.8587
Keeping the country positive during the COVID 19 pandemic: Evidence from India,"SDG 10, SDG 5, SDG 7, SDG 8, SDG 6",SDG 10,"SDG 3, SDG 16, SDG 13, SDG 8, SDG 15",SDG 3,"SDG 10, SDG 7, SDG 9, SDG 8, SDG 4",SDG 10,"SDG 10, SDG 5, SDG 7, SDG 8, SDG 16",SDG 10,"SDG 10, SDG 5, SDG 7, SDG 8, SDG 6",SDG 10,Reduced Inequalities,0.2538
Does the electronic health card for asylum seekers lead to an excessive use of the health system? Results of a survey in two municipalities of the German ruhr area,"SDG 3, SDG 16, SDG 10, SDG 1, SDG 5",SDG 3,"SDG 3, SDG 16, SDG 10, SDG 1, SDG 9",SDG 3,"SDG 3, SDG 16, SDG 8, SDG 1, SDG 10",SDG 3,"SDG 3, SDG 16, SDG 10, SDG 1, SDG 5",SDG 3,"SDG 3, SDG 16, SDG 10, SDG 1, SDG 5",SDG 3,Good Health and Well-Being,0.9057
Application of EASY-Care Standard 2010 instrument in a population-based survey in transitional Kosovo,"SDG 3, SDG 5, SDG 1, SDG 11, SDG 2",SDG 3,"SDG 3, SDG 16, SDG 6, SDG 5, SDG 1",SDG 3,"SDG 3, SDG 16, SDG 5, SDG 11, SDG 1",SDG 3,"SDG 3, SDG 5, SDG 1, SDG 16, SDG 8",SDG 3,"SDG 3, SDG 5, SDG 1, SDG 11, SDG 2",SDG 3,Good Health and Well-Being,0.8809
Carbon monoxide exposure among police officers working in a traffic dense region of Southern India,"SDG 11, SDG 3, SDG 1, SDG 8, SDG 7",SDG 11,"SDG 11, SDG 16, SDG 3, SDG 15, SDG 13",SDG 11,"SDG 11, SDG 7, SDG 13, SDG 3, SDG 12",SDG 11,"SDG 11, SDG 3, SDG 1, SDG 8, SDG 7",SDG 11,"SDG 11, SDG 3, SDG 1, SDG 8, SDG 7",SDG 11,Sustainable Cities and Communities,0.8546
Improve awareness of the forensic odontology among medical graduates: Need of the hour?,"SDG 4, SDG 16, SDG 13, SDG 12, SDG 3",SDG 4,"SDG 16, SDG 4, SDG 8, SDG 3, SDG 7",SDG 16,"SDG 16, SDG 4, SDG 5, SDG 9, SDG 8",SDG 16,"SDG 4, SDG 16, SDG 13, SDG 12, SDG 3",SDG 4,"SDG 4, SDG 16, SDG 13, SDG 12, SDG 3",SDG 4,Quality Education,0.618
"Prevalence of malnutrition among under-five children in migrant population of Udupi District, Karnataka, India","SDG 3, SDG 2, SDG 7, SDG 1, SDG 10",SDG 3,"SDG 2, SDG 1, SDG 3, SDG 8, SDG 7",SDG 2,"SDG 3, SDG 2, SDG 7, SDG 1, SDG 13",SDG 3,"SDG 3, SDG 2, SDG 7, SDG 1, SDG 10",SDG 3,"SDG 3, SDG 2, SDG 7, SDG 1, SDG 10",SDG 3,Good Health and Well-Being,0.6439
Nurses' knowledge and education about oral care of cancer patients undergoing chemotherapy and radiation therapy,"SDG 3, SDG 16, SDG 7, SDG 10, SDG 4",SDG 3,"SDG 3, SDG 7, SDG 16, SDG 5, SDG 4",SDG 3,"SDG 3, SDG 16, SDG 14, SDG 5, SDG 9",SDG 3,"SDG 3, SDG 16, SDG 10, SDG 4, SDG 1",SDG 3,"SDG 3, SDG 16, SDG 7, SDG 10, SDG 4",SDG 3,Good Health and Well-Being,0.906
Effectiveness of an awareness programme on exclusive breastfeeding for the ASHA workers of Udupi District,"SDG 2, SDG 8, SDG 1, SDG 4, SDG 3",SDG 2,"SDG 2, SDG 1, SDG 4, SDG 8, SDG 3",SDG 2,"SDG 2, SDG 7, SDG 14, SDG 8, SDG 3",SDG 2,"SDG 2, SDG 8, SDG 1, SDG 4, SDG 3",SDG 2,"SDG 2, SDG 8, SDG 1, SDG 4, SDG 3",SDG 2,Zero Hunger,0.6129
Neural network-assisted quad-port UWB MIMO antenna with enhanced isolation for WLAN and Sub-6 GHz wireless applications,"SDG 9, SDG 12, SDG 1, SDG 16, SDG 4",SDG 9,"SDG 16, SDG 9, SDG 4, SDG 8, SDG 6",SDG 16,"SDG 16, SDG 9, SDG 10, SDG 4, SDG 5",SDG 16,"SDG 9, SDG 12, SDG 1, SDG 16, SDG 4",SDG 9,"SDG 9, SDG 12, SDG 1, SDG 16, SDG 4",SDG 9,"Industry, Innovation and Infrastructure",0.2737
A study of the socio-demographic profile and treatment outcome of paediatric tuberculosis patients in Bangalore Mahanagar Palike area,"SDG 3, SDG 4, SDG 1, SDG 2, SDG 6",SDG 3,"SDG 3, SDG 4, SDG 8, SDG 1, SDG 16",SDG 3,"SDG 3, SDG 16, SDG 6, SDG 11, SDG 1",SDG 3,"SDG 3, SDG 4, SDG 1, SDG 2, SDG 11",SDG 3,"SDG 3, SDG 4, SDG 1, SDG 2, SDG 6",SDG 3,Good Health and Well-Being,0.8399
INNOVATIVE AIRSHIP DESIGN FOR REAL-TIME AIR QUALITY MONITORING USING IOT TECHNOLOGY,"SDG 9, SDG 11, SDG 6, SDG 7, SDG 12",SDG 9,"SDG 9, SDG 11, SDG 3, SDG 16, SDG 7",SDG 9,"SDG 13, SDG 7, SDG 6, SDG 12, SDG 9",SDG 13,"SDG 9, SDG 11, SDG 6, SDG 7, SDG 12",SDG 9,"SDG 9, SDG 11, SDG 6, SDG 7, SDG 12",SDG 9,"Industry, Innovation and Infrastructure",0.3416
Advances in corrosion inhibition: nanomaterials as sustainable solutions for protecting metals,"SDG 12, SDG 3, SDG 15, SDG 14, SDG 7",SDG 12,"SDG 16, SDG 3, SDG 7, SDG 8, SDG 11",SDG 16,"SDG 3, SDG 12, SDG 15, SDG 11, SDG 6",SDG 3,"SDG 12, SDG 3, SDG 15, SDG 14, SDG 7",SDG 12,"SDG 12, SDG 3, SDG 15, SDG 14, SDG 7",SDG 12,Responsible Consumption and Production,0.6546
"Evaluation of combustion, performance and emissions of a diesel engine fueled with bio-fuel produced from cashew nut shell liquid","SDG 7, SDG 2, SDG 1, SDG 13, SDG 9",SDG 7,"SDG 2, SDG 7, SDG 16, SDG 14, SDG 12",SDG 2,"SDG 7, SDG 13, SDG 14, SDG 12, SDG 2",SDG 7,"SDG 7, SDG 2, SDG 1, SDG 13, SDG 9",SDG 7,"SDG 7, SDG 2, SDG 1, SDG 13, SDG 9",SDG 7,Affordable and Clean Energy,0.7457
Battered child syndrome: Is India in dire straits?,"SDG 1, SDG 3, SDG 4, SDG 10, SDG 8",SDG 1,"SDG 3, SDG 1, SDG 16, SDG 8, SDG 15",SDG 3,"SDG 1, SDG 2, SDG 10, SDG 4, SDG 8",SDG 1,"SDG 1, SDG 3, SDG 4, SDG 10, SDG 8",SDG 1,"SDG 1, SDG 3, SDG 4, SDG 10, SDG 8",SDG 1,No Poverty,0.2692
Influence of climatic and land use factors on post-monsoon distribution of Aedes mosquito vectors in Udupi taluk,"SDG 3, SDG 2, SDG 7, SDG 6, SDG 10",SDG 3,"SDG 13, SDG 15, SDG 3, SDG 16, SDG 1",SDG 13,"SDG 3, SDG 7, SDG 11, SDG 13, SDG 6",SDG 3,"SDG 3, SDG 2, SDG 7, SDG 10, SDG 6",SDG 3,"SDG 3, SDG 2, SDG 7, SDG 6, SDG 10",SDG 3,Good Health and Well-Being,0.3057
Enhancing Electric Vehicle Battery Thermal Management using Phase Change Materials: A CFD Analysis for Improved Heat Dissipation,"SDG 7, SDG 13, SDG 12, SDG 14, SDG 15",SDG 7,"SDG 7, SDG 13, SDG 16, SDG 11, SDG 10",SDG 7,"SDG 7, SDG 13, SDG 12, SDG 11, SDG 6",SDG 7,"SDG 7, SDG 13, SDG 12, SDG 1, SDG 11",SDG 7,"SDG 7, SDG 13, SDG 12, SDG 14, SDG 15",SDG 7,Affordable and Clean Energy,0.723
Use of biofuel with turpentine oil additive in a compression ignition engine: a green initiative to fulfill sustainable development goals,"SDG 7, SDG 12, SDG 13, SDG 14, SDG 4",SDG 7,"SDG 7, SDG 16, SDG 12, SDG 9, SDG 14",SDG 7,"SDG 7, SDG 12, SDG 13, SDG 15, SDG 16",SDG 7,"SDG 7, SDG 12, SDG 13, SDG 14, SDG 17",SDG 7,"SDG 7, SDG 12, SDG 13, SDG 14, SDG 4",SDG 7,Affordable and Clean Energy,0.8679
Successful palliation of diarrhea owing to malignant duodenocolic fistula by octreotide,"SDG 8, SDG 13, SDG 2, SDG 9, SDG 3",SDG 8,"SDG 16, SDG 3, SDG 8, SDG 9, SDG 11",SDG 16,"SDG 9, SDG 12, SDG 3, SDG 15, SDG 2",SDG 9,"SDG 8, SDG 13, SDG 2, SDG 9, SDG 3",SDG 8,"SDG 8, SDG 13, SDG 2, SDG 9, SDG 3",SDG 8,Decent Work and Economic Growth,0.3071
Depression among adolescent students in South India: How serious is the issue?,"SDG 7, SDG 4, SDG 5, SDG 16, SDG 3",SDG 7,"SDG 3, SDG 4, SDG 1, SDG 8, SDG 16",SDG 3,"SDG 4, SDG 8, SDG 5, SDG 16, SDG 10",SDG 4,"SDG 7, SDG 4, SDG 5, SDG 16, SDG 3",SDG 7,"SDG 7, SDG 4, SDG 5, SDG 16, SDG 3",SDG 7,Affordable and Clean Energy,0.3421
Primary lingual tuberculosis: a case report with review of literature.,"SDG 3, SDG 4, SDG 16, SDG 8, SDG 7",SDG 3,"SDG 16, SDG 3, SDG 9, SDG 8, SDG 10",SDG 16,"SDG 3, SDG 16, SDG 11, SDG 14, SDG 5",SDG 3,"SDG 3, SDG 4, SDG 16, SDG 8, SDG 1",SDG 3,"SDG 3, SDG 4, SDG 16, SDG 8, SDG 7",SDG 3,Good Health and Well-Being,0.8189
Does fear for infection affect condom use and HIV testing? A study of female sex workers in Pune city,"SDG 11, SDG 5, SDG 3, SDG 8, SDG 6",SDG 11,"SDG 5, SDG 9, SDG 3, SDG 6, SDG 1",SDG 5,"SDG 5, SDG 8, SDG 3, SDG 1, SDG 11",SDG 5,"SDG 11, SDG 5, SDG 3, SDG 8, SDG 10",SDG 11,"SDG 11, SDG 5, SDG 3, SDG 8, SDG 6",SDG 11,Sustainable Cities and Communities,0.5078
Unmodified electroconvulsive therapy: Concerns about reporting in a retrospective study,"SDG 3, SDG 13, SDG 12, SDG 10, SDG 6",SDG 3,"SDG 3, SDG 16, SDG 7, SDG 11, SDG 8",SDG 3,"SDG 13, SDG 14, SDG 15, SDG 7, SDG 16",SDG 13,"SDG 3, SDG 13, SDG 12, SDG 10, SDG 5",SDG 3,"SDG 3, SDG 13, SDG 12, SDG 10, SDG 6",SDG 3,Good Health and Well-Being,0.6706
Escitalopram treatment of transverstic fetishism: A case report,"SDG 3, SDG 5, SDG 6, SDG 4, SDG 1",SDG 3,"SDG 16, SDG 9, SDG 3, SDG 5, SDG 12",SDG 16,"SDG 3, SDG 5, SDG 16, SDG 8, SDG 4",SDG 3,"SDG 3, SDG 5, SDG 1, SDG 6, SDG 4",SDG 3,"SDG 3, SDG 5, SDG 6, SDG 4, SDG 1",SDG 3,Good Health and Well-Being,0.8386
Amisulpride treatment for clozapine-induced sialorrhea,"SDG 3, SDG 6, SDG 1, SDG 10, SDG 11",SDG 3,"SDG 3, SDG 16, SDG 11, SDG 12, SDG 6",SDG 3,"SDG 3, SDG 9, SDG 15, SDG 12, SDG 11",SDG 3,"SDG 3, SDG 6, SDG 1, SDG 10, SDG 11",SDG 3,"SDG 3, SDG 6, SDG 1, SDG 10, SDG 11",SDG 3,Good Health and Well-Being,0.4617
Clozapine-associated Weight Loss: A Case Series,"SDG 13, SDG 1, SDG 2, SDG 7, SDG 15",SDG 13,"SDG 3, SDG 16, SDG 1, SDG 12, SDG 7",SDG 3,"SDG 12, SDG 15, SDG 7, SDG 13, SDG 14",SDG 12,"SDG 13, SDG 1, SDG 2, SDG 7, SDG 15",SDG 13,"SDG 13, SDG 1, SDG 2, SDG 7, SDG 15",SDG 13,Climate Action,0.2117
Antimicrobial resistance in Helicobacter pylori: from mutation catalogues to clinical practice,"SDG 3, SDG 4, SDG 7, SDG 6, SDG 2",SDG 3,"SDG 3, SDG 16, SDG 8, SDG 2, SDG 9",SDG 3,"SDG 3, SDG 12, SDG 7, SDG 8, SDG 11",SDG 3,"SDG 3, SDG 4, SDG 7, SDG 2, SDG 6",SDG 3,"SDG 3, SDG 4, SDG 7, SDG 6, SDG 2",SDG 3,Good Health and Well-Being,0.7054
Antidiabetic effect of Dodonaea viscosa aerial parts in high fat diet and low dose streptozotocin-induced type 2 diabetic rats: A mechanistic approach,"SDG 3, SDG 2, SDG 1, SDG 7, SDG 10",SDG 3,"SDG 3, SDG 16, SDG 10, SDG 14, SDG 15",SDG 3,"SDG 9, SDG 11, SDG 10, SDG 4, SDG 8",SDG 9,"SDG 3, SDG 2, SDG 1, SDG 7, SDG 10",SDG 3,"SDG 3, SDG 2, SDG 1, SDG 7, SDG 10",SDG 3,Good Health and Well-Being,0.2679
Evaluating the Effectiveness of Object Detection Algorithms for Autonomous Parking,"SDG 9, SDG 11, SDG 13, SDG 3, SDG 15",SDG 9,"SDG 11, SDG 15, SDG 8, SDG 16, SDG 9",SDG 11,"SDG 9, SDG 11, SDG 13, SDG 2, SDG 16",SDG 9,"SDG 9, SDG 11, SDG 13, SDG 3, SDG 1",SDG 9,"SDG 9, SDG 11, SDG 13, SDG 3, SDG 15",SDG 9,"Industry, Innovation and Infrastructure",0.5378
Is parenting a determinant of adolescent mental health? - A population based study in South India,"SDG 3, SDG 16, SDG 5, SDG 7, SDG 15",SDG 3,"SDG 3, SDG 16, SDG 1, SDG 8, SDG 5",SDG 3,"SDG 16, SDG 3, SDG 5, SDG 6, SDG 2",SDG 16,"SDG 3, SDG 16, SDG 5, SDG 7, SDG 1",SDG 3,"SDG 3, SDG 16, SDG 5, SDG 7, SDG 15",SDG 3,Good Health and Well-Being,0.3726
Evaluating the Effectiveness of Object Detection Algorithms for Autonomous Parking,"SDG 9, SDG 11, SDG 13, SDG 3, SDG 15",SDG 9,"SDG 11, SDG 15, SDG 8, SDG 16, SDG 9",SDG 11,"SDG 9, SDG 11, SDG 13, SDG 2, SDG 16",SDG 9,"SDG 9, SDG 11, SDG 13, SDG 3, SDG 1",SDG 9,"SDG 9, SDG 11, SDG 13, SDG 3, SDG 15",SDG 9,"Industry, Innovation and Infrastructure",0.5378
Role of Space Layout and Building Envelope in Hospital Energy Performance—A Context of Warm Humid Climate in India,"SDG 7, SDG 3, SDG 13, SDG 11, SDG 12",SDG 7,"SDG 3, SDG 7, SDG 11, SDG 12, SDG 8",SDG 3,"SDG 7, SDG 13, SDG 15, SDG 11, SDG 12",SDG 7,"SDG 7, SDG 3, SDG 13, SDG 11, SDG 12",SDG 7,"SDG 7, SDG 3, SDG 13, SDG 11, SDG 12",SDG 7,Affordable and Clean Energy,0.7646
"Utilization of 12 health packages extended under Ayushman Arogya Mandir in block Marh, Jammu, Jammu and Kashmir","SDG 3, SDG 15, SDG 10, SDG 9, SDG 14",SDG 3,"SDG 3, SDG 2, SDG 1, SDG 15, SDG 8",SDG 3,"SDG 3, SDG 16, SDG 9, SDG 14, SDG 5",SDG 3,"SDG 3, SDG 15, SDG 10, SDG 9, SDG 5",SDG 3,"SDG 3, SDG 15, SDG 10, SDG 9, SDG 14",SDG 3,Good Health and Well-Being,0.6644
AI-Powered Detection of Potato Leaf Diseases Using Deep Neural Networks,"SDG 2, SDG 9, SDG 4, SDG 16, SDG 3",SDG 2,"SDG 2, SDG 16, SDG 8, SDG 15, SDG 3",SDG 2,"SDG 13, SDG 9, SDG 2, SDG 6, SDG 14",SDG 13,"SDG 2, SDG 9, SDG 4, SDG 16, SDG 3",SDG 2,"SDG 2, SDG 9, SDG 4, SDG 16, SDG 3",SDG 2,Zero Hunger,0.6676
Navigating Organizational Challenges of Digital Transformation: A Qualitative Study of Meso-Level Public Health Officers in an Indian High-Priority Aspirational District,"SDG 16, SDG 9, SDG 11, SDG 8, SDG 3",SDG 16,"SDG 16, SDG 3, SDG 9, SDG 11, SDG 7",SDG 16,"SDG 16, SDG 11, SDG 9, SDG 3, SDG 12",SDG 16,"SDG 16, SDG 9, SDG 11, SDG 8, SDG 3",SDG 16,"SDG 16, SDG 9, SDG 11, SDG 8, SDG 3",SDG 16,"Peace, Justice and Strong Institutions",0.7846
"Advances in polyurethane biodegradation integrating chemistry, microbial mechanism, and computational approaches","SDG 12, SDG 14, SDG 16, SDG 7, SDG 6",SDG 12,"SDG 16, SDG 12, SDG 9, SDG 15, SDG 6",SDG 16,"SDG 12, SDG 11, SDG 7, SDG 6, SDG 14",SDG 12,"SDG 12, SDG 14, SDG 16, SDG 11, SDG 7",SDG 12,"SDG 12, SDG 14, SDG 16, SDG 7, SDG 6",SDG 12,Responsible Consumption and Production,0.839
AI-assisted computational screening and docking simulation prioritize marine natural products for small-molecule PCSK9 inhibition,"SDG 7, SDG 9, SDG 3, SDG 4, SDG 14",SDG 7,"SDG 3, SDG 14, SDG 16, SDG 11, SDG 8",SDG 3,"SDG 7, SDG 14, SDG 13, SDG 12, SDG 9",SDG 7,"SDG 7, SDG 9, SDG 3, SDG 4, SDG 14",SDG 7,"SDG 7, SDG 9, SDG 3, SDG 4, SDG 14",SDG 7,Affordable and Clean Energy,0.3569
"Simple to Complex, Single to Concurrent Sensor based Human Activity Recognition: Perception and Open Challenges","SDG 9, SDG 3, SDG 8, SDG 14, SDG 1",SDG 9,"SDG 16, SDG 8, SDG 12, SDG 7, SDG 10",SDG 16,"SDG 9, SDG 8, SDG 5, SDG 16, SDG 11",SDG 9,"SDG 9, SDG 8, SDG 3, SDG 1, SDG 14",SDG 9,"SDG 9, SDG 3, SDG 8, SDG 14, SDG 1",SDG 9,"Industry, Innovation and Infrastructure",0.4405
Microwave-assisted waste valorization for hydrogen and carbon nanomaterials: A critical review,"SDG 12, SDG 7, SDG 16, SDG 11, SDG 9",SDG 12,"SDG 7, SDG 16, SDG 12, SDG 14, SDG 9",SDG 7,"SDG 12, SDG 7, SDG 13, SDG 14, SDG 15",SDG 12,"SDG 12, SDG 7, SDG 11, SDG 16, SDG 13",SDG 12,"SDG 12, SDG 7, SDG 16, SDG 11, SDG 9",SDG 12,Responsible Consumption and Production,0.7065
Esophageal Cancer and Double Aortic Arch: Right-Sided Thoracoscopic Esophagectomy and Reconstruction,"SDG 16, SDG 3, SDG 2, SDG 10, SDG 6",SDG 16,"SDG 16, SDG 7, SDG 15, SDG 3, SDG 8",SDG 16,"SDG 3, SDG 4, SDG 15, SDG 5, SDG 7",SDG 3,"SDG 16, SDG 3, SDG 10, SDG 2, SDG 6",SDG 16,"SDG 16, SDG 3, SDG 2, SDG 10, SDG 6",SDG 16,"Peace, Justice and Strong Institutions",0.4096
Sideroblastic Anemia Associated With Isoniazid Prophylaxis in a Person Living With HIV,"SDG 3, SDG 8, SDG 1, SDG 5, SDG 11",SDG 3,"SDG 3, SDG 16, SDG 7, SDG 9, SDG 1",SDG 3,"SDG 3, SDG 5, SDG 1, SDG 14, SDG 11",SDG 3,"SDG 3, SDG 8, SDG 1, SDG 5, SDG 11",SDG 3,"SDG 3, SDG 8, SDG 1, SDG 5, SDG 11",SDG 3,Good Health and Well-Being,0.6113
"Global threat from novel SARS-CoV-2 variants, BF.7, XBB.1.5, BQ.1, and BQ.1.1: variants of concern?","SDG 14, SDG 16, SDG 10, SDG 5, SDG 12",SDG 14,"SDG 3, SDG 13, SDG 7, SDG 2, SDG 16",SDG 3,"SDG 16, SDG 13, SDG 12, SDG 2, SDG 8",SDG 16,"SDG 14, SDG 16, SDG 10, SDG 5, SDG 12",SDG 14,"SDG 14, SDG 16, SDG 10, SDG 5, SDG 12",SDG 14,Life Below Water,0.574
Antidiabetic effect of Ficus racemosa Linn. stem bark in high-fat diet and low-dose streptozotocin-induced type 2 diabetic rats: A mechanistic study,"SDG 3, SDG 2, SDG 5, SDG 1, SDG 11",SDG 3,"SDG 15, SDG 3, SDG 16, SDG 10, SDG 2",SDG 15,"SDG 7, SDG 11, SDG 10, SDG 9, SDG 3",SDG 7,"SDG 3, SDG 2, SDG 1, SDG 5, SDG 11",SDG 3,"SDG 3, SDG 2, SDG 5, SDG 1, SDG 11",SDG 3,Good Health and Well-Being,0.2694
Tooth mobility: A plausible predictor of bony margins,"SDG 8, SDG 11, SDG 10, SDG 1, SDG 7",SDG 8,"SDG 3, SDG 16, SDG 10, SDG 2, SDG 8",SDG 3,"SDG 9, SDG 4, SDG 10, SDG 7, SDG 8",SDG 9,"SDG 8, SDG 11, SDG 10, SDG 1, SDG 7",SDG 8,"SDG 8, SDG 11, SDG 10, SDG 1, SDG 7",SDG 8,Decent Work and Economic Growth,0.3239
Radiation induced hypothyroidism – Why is early intervention necessary?,"SDG 1, SDG 10, SDG 13, SDG 2, SDG 3",SDG 1,"SDG 3, SDG 13, SDG 8, SDG 7, SDG 12",SDG 3,"SDG 10, SDG 9, SDG 4, SDG 11, SDG 8",SDG 10,"SDG 1, SDG 10, SDG 13, SDG 3, SDG 2",SDG 1,"SDG 1, SDG 10, SDG 13, SDG 2, SDG 3",SDG 1,No Poverty,0.4084
Beneficial effect of Cissus quadrangularis linn. on osteopenia associated with streptozotocin-induced type 1 diabetes mellitus in male Wistar rats,"SDG 3, SDG 5, SDG 1, SDG 11, SDG 10",SDG 3,"SDG 16, SDG 3, SDG 15, SDG 11, SDG 10",SDG 16,"SDG 3, SDG 6, SDG 4, SDG 1, SDG 10",SDG 3,"SDG 3, SDG 5, SDG 1, SDG 11, SDG 10",SDG 3,"SDG 3, SDG 5, SDG 1, SDG 11, SDG 10",SDG 3,Good Health and Well-Being,0.5313
New onset psychosis and limbic encephalitis,"SDG 3, SDG 10, SDG 13, SDG 9, SDG 7",SDG 3,"SDG 3, SDG 16, SDG 7, SDG 8, SDG 9",SDG 3,"SDG 8, SDG 4, SDG 10, SDG 1, SDG 5",SDG 8,"SDG 3, SDG 10, SDG 13, SDG 9, SDG 7",SDG 3,"SDG 3, SDG 10, SDG 13, SDG 9, SDG 7",SDG 3,Good Health and Well-Being,0.4893
Repetitive transcranial magnetic stimulation or venlafaxine-induced mania?,"SDG 1, SDG 4, SDG 9, SDG 10, SDG 7",SDG 1,"SDG 3, SDG 7, SDG 8, SDG 1, SDG 11",SDG 3,"SDG 7, SDG 9, SDG 13, SDG 6, SDG 11",SDG 7,"SDG 1, SDG 4, SDG 9, SDG 10, SDG 7",SDG 1,"SDG 1, SDG 4, SDG 9, SDG 10, SDG 7",SDG 1,No Poverty,0.2531
Addressing the challenges of head and neck cancer care in India – A compelling need of the hour,"SDG 3, SDG 7, SDG 5, SDG 10, SDG 1",SDG 3,"SDG 3, SDG 16, SDG 7, SDG 8, SDG 10",SDG 3,"SDG 3, SDG 10, SDG 5, SDG 8, SDG 1",SDG 3,"SDG 3, SDG 7, SDG 5, SDG 1, SDG 10",SDG 3,"SDG 3, SDG 7, SDG 5, SDG 10, SDG 1",SDG 3,Good Health and Well-Being,0.8004
"Ofloxacin in the retreatment of patients with pulmonary tuberculosis resistant to isoniazid, streptomycin and rifampicin - a South Indian experience","SDG 3, SDG 2, SDG 7, SDG 13, SDG 16",SDG 3,"SDG 16, SDG 3, SDG 8, SDG 10, SDG 11",SDG 16,"SDG 3, SDG 16, SDG 6, SDG 14, SDG 2",SDG 3,"SDG 3, SDG 2, SDG 13, SDG 7, SDG 16",SDG 3,"SDG 3, SDG 2, SDG 7, SDG 13, SDG 16",SDG 3,Good Health and Well-Being,0.8803
Mucoid Pseudomonas aeruginosa in urinary tract infection,"SDG 3, SDG 2, SDG 7, SDG 5, SDG 9",SDG 3,"SDG 16, SDG 8, SDG 3, SDG 6, SDG 12",SDG 16,"SDG 3, SDG 11, SDG 15, SDG 1, SDG 8",SDG 3,"SDG 3, SDG 2, SDG 7, SDG 5, SDG 15",SDG 3,"SDG 3, SDG 2, SDG 7, SDG 5, SDG 9",SDG 3,Good Health and Well-Being,0.2909
Subretinal abscess due to presumed tuberculosis in an immunocompetent young diabetic,"SDG 3, SDG 8, SDG 5, SDG 1, SDG 7",SDG 3,"SDG 16, SDG 3, SDG 8, SDG 10, SDG 9",SDG 16,"SDG 3, SDG 8, SDG 1, SDG 5, SDG 10",SDG 3,"SDG 3, SDG 8, SDG 5, SDG 1, SDG 10",SDG 3,"SDG 3, SDG 8, SDG 5, SDG 1, SDG 7",SDG 3,Good Health and Well-Being,0.6237
Filarial nephritis: A cause of nephrotic syndrome,"SDG 3, SDG 7, SDG 8, SDG 10, SDG 6",SDG 3,"SDG 16, SDG 8, SDG 11, SDG 15, SDG 3",SDG 16,"SDG 15, SDG 4, SDG 10, SDG 8, SDG 14",SDG 15,"SDG 3, SDG 7, SDG 8, SDG 10, SDG 6",SDG 3,"SDG 3, SDG 7, SDG 8, SDG 10, SDG 6",SDG 3,Good Health and Well-Being,0.4892
Reactivation of Herpes zoster in an adult with Plasmodium infection,"SDG 4, SDG 3, SDG 5, SDG 1, SDG 2",SDG 4,"SDG 3, SDG 16, SDG 14, SDG 2, SDG 9",SDG 3,"SDG 3, SDG 1, SDG 4, SDG 10, SDG 15",SDG 3,"SDG 4, SDG 3, SDG 5, SDG 1, SDG 2",SDG 4,"SDG 4, SDG 3, SDG 5, SDG 1, SDG 2",SDG 4,Quality Education,0.4844
Jet-lagged individual vis-à-vis local resident and susceptibility to malaria,"SDG 3, SDG 13, SDG 11, SDG 9, SDG 5",SDG 3,"SDG 3, SDG 16, SDG 2, SDG 15, SDG 8",SDG 3,"SDG 13, SDG 7, SDG 11, SDG 9, SDG 1",SDG 13,"SDG 3, SDG 13, SDG 11, SDG 9, SDG 5",SDG 3,"SDG 3, SDG 13, SDG 11, SDG 9, SDG 5",SDG 3,Good Health and Well-Being,0.232
Evaluation of the engineering properties and sustainability of solid masonry blocks produced with recycled concrete aggregates,"SDG 12, SDG 6, SDG 9, SDG 11, SDG 14",SDG 12,"SDG 12, SDG 11, SDG 16, SDG 7, SDG 9",SDG 12,"SDG 12, SDG 6, SDG 7, SDG 14, SDG 13",SDG 12,"SDG 12, SDG 6, SDG 9, SDG 11, SDG 1",SDG 12,"SDG 12, SDG 6, SDG 9, SDG 11, SDG 14",SDG 12,Responsible Consumption and Production,0.6232
Adaptive Task Scheduling in Fog Computing Using Federated DQN and K-Means Clustering,"SDG 7, SDG 4, SDG 9, SDG 8, SDG 11",SDG 7,"SDG 7, SDG 8, SDG 10, SDG 11, SDG 9",SDG 7,"SDG 7, SDG 13, SDG 16, SDG 11, SDG 14",SDG 7,"SDG 7, SDG 4, SDG 9, SDG 8, SDG 11",SDG 7,"SDG 7, SDG 4, SDG 9, SDG 8, SDG 11",SDG 7,Affordable and Clean Energy,0.7258
Strategic orientations and marketing performance among women entrepreneurs: a resource-based view from micro and small enterprises in regional India,"SDG 5, SDG 8, SDG 16, SDG 1, SDG 9",SDG 5,"SDG 5, SDG 7, SDG 16, SDG 14, SDG 1",SDG 5,"SDG 5, SDG 16, SDG 9, SDG 8, SDG 10",SDG 5,"SDG 5, SDG 8, SDG 16, SDG 1, SDG 9",SDG 5,"SDG 5, SDG 8, SDG 16, SDG 1, SDG 9",SDG 5,Gender Equality,0.5486
Navigating green hospitality: Gen Z's role in shaping sustainable hotel practices through conjoint analysis,"SDG 12, SDG 7, SDG 14, SDG 11, SDG 6",SDG 12,"SDG 12, SDG 7, SDG 11, SDG 15, SDG 16",SDG 12,"SDG 12, SDG 7, SDG 13, SDG 11, SDG 15",SDG 12,"SDG 12, SDG 7, SDG 11, SDG 13, SDG 8",SDG 12,"SDG 12, SDG 7, SDG 14, SDG 11, SDG 6",SDG 12,Responsible Consumption and Production,0.7222
Effect of supplementary cementitious materials on mechanical properties and thermal conductivity of concretes and masonry blocks,"SDG 12, SDG 9, SDG 6, SDG 15, SDG 11",SDG 12,"SDG 11, SDG 12, SDG 13, SDG 16, SDG 7",SDG 11,"SDG 12, SDG 2, SDG 7, SDG 14, SDG 15",SDG 12,"SDG 12, SDG 9, SDG 6, SDG 11, SDG 15",SDG 12,"SDG 12, SDG 9, SDG 6, SDG 15, SDG 11",SDG 12,Responsible Consumption and Production,0.7563
"Synopsis of Psychodermatology 2011: Conducted by the Department of Dermatology, Kasturba Medical College, Manipal, 6th-7th May, 2011","SDG 4, SDG 3, SDG 15, SDG 12, SDG 10",SDG 4,"SDG 3, SDG 4, SDG 10, SDG 8, SDG 1",SDG 3,"SDG 4, SDG 3, SDG 8, SDG 5, SDG 12",SDG 4,"SDG 4, SDG 3, SDG 15, SDG 12, SDG 5",SDG 4,"SDG 4, SDG 3, SDG 15, SDG 12, SDG 10",SDG 4,Quality Education,0.4872
Energy conservation measures for an office building in warm and humid climate,"SDG 7, SDG 13, SDG 11, SDG 12, SDG 15",SDG 7,"SDG 7, SDG 11, SDG 12, SDG 15, SDG 4",SDG 7,"SDG 7, SDG 13, SDG 12, SDG 15, SDG 9",SDG 7,"SDG 7, SDG 13, SDG 1, SDG 11, SDG 12",SDG 7,"SDG 7, SDG 13, SDG 11, SDG 12, SDG 15",SDG 7,Affordable and Clean Energy,0.9167
Transport and traffic rule violation monitoring service in ITS: A secured VANET cloud application,"SDG 11, SDG 9, SDG 15, SDG 16, SDG 8",SDG 11,"SDG 11, SDG 9, SDG 16, SDG 8, SDG 13",SDG 11,"SDG 11, SDG 9, SDG 13, SDG 7, SDG 16",SDG 11,"SDG 11, SDG 9, SDG 16, SDG 15, SDG 1",SDG 11,"SDG 11, SDG 9, SDG 15, SDG 16, SDG 8",SDG 11,Sustainable Cities and Communities,0.8293
Business etiquette professionalism: Mediating effect on customer loyalty,"SDG 9, SDG 8, SDG 12, SDG 2, SDG 4",SDG 9,"SDG 16, SDG 8, SDG 12, SDG 4, SDG 7",SDG 16,"SDG 9, SDG 8, SDG 16, SDG 10, SDG 7",SDG 9,"SDG 9, SDG 8, SDG 12, SDG 5, SDG 2",SDG 9,"SDG 9, SDG 8, SDG 12, SDG 2, SDG 4",SDG 9,"Industry, Innovation and Infrastructure",0.7756
A scopus based bibliometric analysis on mental health literacy research among the youth: A global perspective,"SDG 3, SDG 16, SDG 9, SDG 13, SDG 5",SDG 3,"SDG 3, SDG 16, SDG 4, SDG 13, SDG 1",SDG 3,"SDG 3, SDG 13, SDG 8, SDG 16, SDG 2",SDG 3,"SDG 3, SDG 16, SDG 9, SDG 5, SDG 13",SDG 3,"SDG 3, SDG 16, SDG 9, SDG 13, SDG 5",SDG 3,Good Health and Well-Being,0.8546
Reagent activated cotton fiber for rapid determination of aldehydes in diverse matrices,"SDG 7, SDG 12, SDG 9, SDG 6, SDG 4",SDG 7,"SDG 16, SDG 12, SDG 6, SDG 10, SDG 8",SDG 16,"SDG 7, SDG 16, SDG 13, SDG 12, SDG 6",SDG 7,"SDG 7, SDG 12, SDG 9, SDG 6, SDG 4",SDG 7,"SDG 7, SDG 12, SDG 9, SDG 6, SDG 4",SDG 7,Affordable and Clean Energy,0.2919
Prevalence of malnutrition among under-five year old children with acute lower respiratory tract infection hospitalized at Udupi district hospital,"SDG 3, SDG 2, SDG 4, SDG 1, SDG 8",SDG 3,"SDG 2, SDG 3, SDG 16, SDG 8, SDG 1",SDG 2,"SDG 3, SDG 2, SDG 16, SDG 6, SDG 1",SDG 3,"SDG 3, SDG 2, SDG 4, SDG 1, SDG 8",SDG 3,"SDG 3, SDG 2, SDG 4, SDG 1, SDG 8",SDG 3,Good Health and Well-Being,0.6522
"Level of food insecurity, its determinants, and association with the mental health of urban community dwellers in a city of coastal Karnataka, India","SDG 3, SDG 2, SDG 11, SDG 14, SDG 1",SDG 3,"SDG 2, SDG 3, SDG 1, SDG 16, SDG 7",SDG 2,"SDG 2, SDG 11, SDG 3, SDG 6, SDG 14",SDG 2,"SDG 3, SDG 2, SDG 11, SDG 1, SDG 14",SDG 3,"SDG 3, SDG 2, SDG 11, SDG 14, SDG 1",SDG 3,Good Health and Well-Being,0.4611
An IoT-based innovative real-time pH monitoring and control of municipal wastewater for agriculture and gardening,"SDG 6, SDG 9, SDG 15, SDG 2, SDG 13",SDG 6,"SDG 6, SDG 9, SDG 2, SDG 7, SDG 16",SDG 6,"SDG 6, SDG 13, SDG 2, SDG 14, SDG 7",SDG 6,"SDG 6, SDG 9, SDG 13, SDG 1, SDG 11",SDG 6,"SDG 6, SDG 9, SDG 15, SDG 2, SDG 13",SDG 6,Clean Water and Sanitation,0.8587
Deep Learning Approach for Early Detection and Classification of Skin Lesions,"SDG 4, SDG 9, SDG 3, SDG 16, SDG 2",SDG 4,"SDG 16, SDG 8, SDG 3, SDG 2, SDG 10",SDG 16,"SDG 9, SDG 7, SDG 4, SDG 13, SDG 8",SDG 9,"SDG 4, SDG 9, SDG 3, SDG 16, SDG 2",SDG 4,"SDG 4, SDG 9, SDG 3, SDG 16, SDG 2",SDG 4,Quality Education,0.4443
Recent Advances in ZnO Based Electrochemical Ethylene Gas Sensors for Evaluation of Fruit Maturity,"SDG 2, SDG 12, SDG 7, SDG 6, SDG 11",SDG 2,"SDG 2, SDG 12, SDG 7, SDG 6, SDG 15",SDG 2,"SDG 2, SDG 14, SDG 12, SDG 6, SDG 16",SDG 2,"SDG 2, SDG 12, SDG 7, SDG 11, SDG 6",SDG 2,"SDG 2, SDG 12, SDG 7, SDG 6, SDG 11",SDG 2,Zero Hunger,0.8127
"Assessment of nutritional status of school going children in rural Mangalore, south India: A cross sectional study","SDG 2, SDG 1, SDG 4, SDG 3, SDG 12",SDG 2,"SDG 2, SDG 1, SDG 3, SDG 4, SDG 8",SDG 2,"SDG 1, SDG 2, SDG 16, SDG 5, SDG 10",SDG 1,"SDG 2, SDG 1, SDG 4, SDG 3, SDG 12",SDG 2,"SDG 2, SDG 1, SDG 4, SDG 3, SDG 12",SDG 2,Zero Hunger,0.4634
Factors associated with malnutrition among under-five children in migrant population of Udupi district,"SDG 2, SDG 1, SDG 3, SDG 7, SDG 5",SDG 2,"SDG 2, SDG 1, SDG 3, SDG 8, SDG 16",SDG 2,"SDG 7, SDG 2, SDG 3, SDG 6, SDG 13",SDG 7,"SDG 2, SDG 1, SDG 3, SDG 7, SDG 5",SDG 2,"SDG 2, SDG 1, SDG 3, SDG 7, SDG 5",SDG 2,Zero Hunger,0.4366
Sustainable cooling solutions in Dubai: the impact of incident radiation and panel angles on solar AC performance,"SDG 7, SDG 13, SDG 11, SDG 9, SDG 1",SDG 7,"SDG 7, SDG 16, SDG 13, SDG 5, SDG 10",SDG 7,"SDG 7, SDG 13, SDG 11, SDG 12, SDG 9",SDG 7,"SDG 7, SDG 13, SDG 11, SDG 9, SDG 12",SDG 7,"SDG 7, SDG 13, SDG 11, SDG 9, SDG 1",SDG 7,Affordable and Clean Energy,0.9134
Effect of climatic conditions on the performance of a multistage dynamic dehumidifier test rig,"SDG 7, SDG 11, SDG 13, SDG 1, SDG 10",SDG 7,"SDG 16, SDG 7, SDG 11, SDG 12, SDG 13",SDG 16,"SDG 7, SDG 13, SDG 10, SDG 12, SDG 15",SDG 7,"SDG 7, SDG 13, SDG 11, SDG 1, SDG 6",SDG 7,"SDG 7, SDG 11, SDG 13, SDG 1, SDG 10",SDG 7,Affordable and Clean Energy,0.8575
Assessing The Issues of Honour and Violence Against Women: A Human Rights Discourse Framework for The Detection of Violence Against Women,"SDG 5, SDG 16, SDG 7, SDG 1, SDG 15",SDG 5,"SDG 16, SDG 5, SDG 15, SDG 7, SDG 1",SDG 16,"SDG 16, SDG 5, SDG 10, SDG 15, SDG 4",SDG 16,"SDG 5, SDG 16, SDG 1, SDG 10, SDG 8",SDG 5,"SDG 5, SDG 16, SDG 7, SDG 1, SDG 15",SDG 5,Gender Equality,0.8663
Green IoT: AI-Powered Solutions for Sustainable Energy Management in Smart Devices,"SDG 7, SDG 12, SDG 11, SDG 9, SDG 16",SDG 7,"SDG 7, SDG 11, SDG 16, SDG 12, SDG 9",SDG 7,"SDG 7, SDG 9, SDG 11, SDG 13, SDG 12",SDG 7,"SDG 7, SDG 12, SDG 11, SDG 9, SDG 17",SDG 7,"SDG 7, SDG 12, SDG 11, SDG 9, SDG 16",SDG 7,Affordable and Clean Energy,0.7502
COVID-19 and transportation of India: influence on infection risk and greenhouse gas emissions,"SDG 11, SDG 7, SDG 13, SDG 16, SDG 1",SDG 11,"SDG 11, SDG 3, SDG 13, SDG 7, SDG 16",SDG 11,"SDG 11, SDG 7, SDG 13, SDG 6, SDG 12",SDG 11,"SDG 11, SDG 7, SDG 13, SDG 16, SDG 1",SDG 11,"SDG 11, SDG 7, SDG 13, SDG 16, SDG 1",SDG 11,Sustainable Cities and Communities,0.761
Traffic Volume Analysis and Reduction Strategies in Urban Environments,"SDG 11, SDG 9, SDG 14, SDG 12, SDG 7",SDG 11,"SDG 11, SDG 9, SDG 7, SDG 8, SDG 16",SDG 11,"SDG 11, SDG 9, SDG 7, SDG 13, SDG 4",SDG 11,"SDG 11, SDG 9, SDG 12, SDG 7, SDG 1",SDG 11,"SDG 11, SDG 9, SDG 14, SDG 12, SDG 7",SDG 11,Sustainable Cities and Communities,0.9335
Application of metal cored filler wire for environmental-friendly welding of low alloy steel: experimental investigation and parametric optimization,"SDG 7, SDG 8, SDG 11, SDG 9, SDG 13",SDG 7,"SDG 7, SDG 16, SDG 8, SDG 4, SDG 11",SDG 7,"SDG 7, SDG 13, SDG 9, SDG 12, SDG 11",SDG 7,"SDG 7, SDG 8, SDG 11, SDG 9, SDG 13",SDG 7,"SDG 7, SDG 8, SDG 11, SDG 9, SDG 13",SDG 7,Affordable and Clean Energy,0.2672
Thermochemical upcycling of paper-mill waste into hydrocarbon-rich fuels and functional char for rubber reinforcement,"SDG 7, SDG 12, SDG 2, SDG 14, SDG 8",SDG 7,"SDG 16, SDG 7, SDG 12, SDG 13, SDG 10",SDG 16,"SDG 7, SDG 12, SDG 11, SDG 14, SDG 3",SDG 7,"SDG 7, SDG 12, SDG 2, SDG 8, SDG 14",SDG 7,"SDG 7, SDG 12, SDG 2, SDG 14, SDG 8",SDG 7,Affordable and Clean Energy,0.658
"Anemia – a scourge to maternal and child development in Bihar, India","SDG 5, SDG 3, SDG 8, SDG 1, SDG 16",SDG 5,"SDG 3, SDG 1, SDG 2, SDG 7, SDG 8",SDG 3,"SDG 5, SDG 1, SDG 8, SDG 4, SDG 10",SDG 5,"SDG 5, SDG 3, SDG 8, SDG 1, SDG 16",SDG 5,"SDG 5, SDG 3, SDG 8, SDG 1, SDG 16",SDG 5,Gender Equality,0.4246
Direct and indirect factors associated with child marriage: Evidence from India using NFHS-4 data,"SDG 5, SDG 1, SDG 8, SDG 6, SDG 7",SDG 5,"SDG 5, SDG 1, SDG 3, SDG 16, SDG 15",SDG 5,"SDG 5, SDG 16, SDG 1, SDG 3, SDG 10",SDG 5,"SDG 5, SDG 1, SDG 8, SDG 10, SDG 3",SDG 5,"SDG 5, SDG 1, SDG 8, SDG 6, SDG 7",SDG 5,Gender Equality,0.9036
Automatic Rice Disease Detection and Assistance Framework Using Deep Learning and a Chatbot,"SDG 2, SDG 13, SDG 12, SDG 10, SDG 15",SDG 2,"SDG 2, SDG 16, SDG 9, SDG 15, SDG 1",SDG 2,"SDG 2, SDG 13, SDG 6, SDG 16, SDG 14",SDG 2,"SDG 2, SDG 13, SDG 12, SDG 1, SDG 10",SDG 2,"SDG 2, SDG 13, SDG 12, SDG 10, SDG 15",SDG 2,Zero Hunger,0.9513
"Prevalence of hepatitis B surface antigen (HBsAG) in pregnant women in South Kanara District, Karnataka State, India","SDG 5, SDG 3, SDG 7, SDG 2, SDG 1",SDG 5,"SDG 3, SDG 16, SDG 1, SDG 8, SDG 9",SDG 3,"SDG 3, SDG 5, SDG 8, SDG 14, SDG 16",SDG 3,"SDG 5, SDG 3, SDG 7, SDG 1, SDG 8",SDG 5,"SDG 5, SDG 3, SDG 7, SDG 2, SDG 1",SDG 5,Gender Equality,0.6402
Screening for antidiarrheal activity of Psidium guajava: A possible alternative in the treatment against diarrhea causing enteric pathogens,"SDG 3, SDG 8, SDG 13, SDG 6, SDG 10",SDG 3,"SDG 3, SDG 16, SDG 6, SDG 12, SDG 10",SDG 3,"SDG 15, SDG 3, SDG 11, SDG 6, SDG 12",SDG 15,"SDG 3, SDG 13, SDG 8, SDG 6, SDG 10",SDG 3,"SDG 3, SDG 8, SDG 13, SDG 6, SDG 10",SDG 3,Good Health and Well-Being,0.6877
AML With HIV Infection in The Era of Precision Oncology – Do We See The Light At The End of The Tunnel?,"SDG 3, SDG 7, SDG 9, SDG 5, SDG 4",SDG 3,"SDG 3, SDG 7, SDG 5, SDG 10, SDG 9",SDG 3,"SDG 3, SDG 1, SDG 5, SDG 10, SDG 8",SDG 3,"SDG 3, SDG 7, SDG 9, SDG 5, SDG 10",SDG 3,"SDG 3, SDG 7, SDG 9, SDG 5, SDG 4",SDG 3,Good Health and Well-Being,0.347
Depth of invasion in oral squamous carcinoma – More to this than meets the eye!,"SDG 3, SDG 4, SDG 14, SDG 5, SDG 11",SDG 3,"SDG 3, SDG 16, SDG 7, SDG 10, SDG 14",SDG 3,"SDG 3, SDG 5, SDG 8, SDG 4, SDG 2",SDG 3,"SDG 3, SDG 4, SDG 14, SDG 5, SDG 11",SDG 3,"SDG 3, SDG 4, SDG 14, SDG 5, SDG 11",SDG 3,Good Health and Well-Being,0.1547
Digital companionship or psychological risk? The role of AI characters in shaping youth mental health,"SDG 3, SDG 9, SDG 16, SDG 8, SDG 11",SDG 3,"SDG 16, SDG 3, SDG 9, SDG 5, SDG 8",SDG 16,"SDG 3, SDG 8, SDG 16, SDG 2, SDG 10",SDG 3,"SDG 3, SDG 9, SDG 16, SDG 5, SDG 8",SDG 3,"SDG 3, SDG 9, SDG 16, SDG 8, SDG 11",SDG 3,Good Health and Well-Being,0.7375
Aspirin use in elderly for primary prevention clinical of cardiovascular disease: Double edged sword?,"SDG 3, SDG 10, SDG 14, SDG 7, SDG 2",SDG 3,"SDG 3, SDG 12, SDG 10, SDG 11, SDG 16",SDG 3,"SDG 3, SDG 14, SDG 16, SDG 11, SDG 4",SDG 3,"SDG 3, SDG 10, SDG 1, SDG 8, SDG 2",SDG 3,"SDG 3, SDG 10, SDG 14, SDG 7, SDG 2",SDG 3,Good Health and Well-Being,0.9274
"Global Burden of Cardiovascular Diseases and Risks, 1990-2022","SDG 3, SDG 14, SDG 7, SDG 2, SDG 12",SDG 3,"SDG 3, SDG 15, SDG 1, SDG 7, SDG 8",SDG 3,"SDG 3, SDG 7, SDG 13, SDG 9, SDG 11",SDG 3,"SDG 3, SDG 14, SDG 2, SDG 7, SDG 12",SDG 3,"SDG 3, SDG 14, SDG 7, SDG 2, SDG 12",SDG 3,Good Health and Well-Being,0.7499
Morbidity profile of under five children in urban slums of Etawah district,"SDG 3, SDG 8, SDG 1, SDG 4, SDG 11",SDG 3,"SDG 3, SDG 1, SDG 8, SDG 11, SDG 4",SDG 3,"SDG 3, SDG 11, SDG 1, SDG 6, SDG 16",SDG 3,"SDG 3, SDG 8, SDG 1, SDG 4, SDG 11",SDG 3,"SDG 3, SDG 8, SDG 1, SDG 4, SDG 11",SDG 3,Good Health and Well-Being,0.7753
Road traffic accidents:Development’s collateral damage and a major public health and economic concern,"SDG 11, SDG 3, SDG 9, SDG 12, SDG 5",SDG 11,"SDG 11, SDG 3, SDG 9, SDG 13, SDG 6",SDG 11,"SDG 3, SDG 11, SDG 9, SDG 7, SDG 12",SDG 3,"SDG 11, SDG 3, SDG 9, SDG 12, SDG 1",SDG 11,"SDG 11, SDG 3, SDG 9, SDG 12, SDG 5",SDG 11,Sustainable Cities and Communities,0.6334
Painful Ejaculation Associated With Atomoxetine and Bupropion: A Case Report,"SDG 5, SDG 7, SDG 1, SDG 4, SDG 3",SDG 5,"SDG 16, SDG 8, SDG 3, SDG 12, SDG 5",SDG 16,"SDG 9, SDG 13, SDG 4, SDG 12, SDG 7",SDG 9,"SDG 5, SDG 1, SDG 7, SDG 3, SDG 4",SDG 5,"SDG 5, SDG 7, SDG 1, SDG 4, SDG 3",SDG 5,Gender Equality,0.2067
Importance of Developing Guidelines for Built Environment of Anganwadis and Its Influence Towards Meeting Sustainable Development Goals,"SDG 3, SDG 4, SDG 9, SDG 11, SDG 15",SDG 3,"SDG 3, SDG 2, SDG 1, SDG 4, SDG 11",SDG 3,"SDG 3, SDG 4, SDG 1, SDG 9, SDG 8",SDG 3,"SDG 3, SDG 4, SDG 9, SDG 11, SDG 1",SDG 3,"SDG 3, SDG 4, SDG 9, SDG 11, SDG 15",SDG 3,Good Health and Well-Being,0.3278
Cannabis induced recurrent acute pancreatitis,"SDG 3, SDG 1, SDG 10, SDG 5, SDG 6",SDG 3,"SDG 3, SDG 16, SDG 2, SDG 9, SDG 7",SDG 3,"SDG 3, SDG 6, SDG 10, SDG 5, SDG 1",SDG 3,"SDG 3, SDG 1, SDG 10, SDG 5, SDG 6",SDG 3,"SDG 3, SDG 1, SDG 10, SDG 5, SDG 6",SDG 3,Good Health and Well-Being,0.4266
Intelligent adaptation to the changing surroundings amidst the COVID-19 pandemic for sarcomas and melanomas,"SDG 13, SDG 9, SDG 5, SDG 4, SDG 2",SDG 13,"SDG 3, SDG 13, SDG 11, SDG 15, SDG 16",SDG 3,"SDG 13, SDG 15, SDG 14, SDG 16, SDG 4",SDG 13,"SDG 13, SDG 9, SDG 5, SDG 4, SDG 10",SDG 13,"SDG 13, SDG 9, SDG 5, SDG 4, SDG 2",SDG 13,Climate Action,0.6892
Clinical course and neurological profile of Kyasanur Forest disease,"SDG 15, SDG 3, SDG 4, SDG 10, SDG 12",SDG 15,"SDG 15, SDG 3, SDG 16, SDG 8, SDG 4",SDG 15,"SDG 15, SDG 13, SDG 3, SDG 8, SDG 7",SDG 15,"SDG 15, SDG 3, SDG 4, SDG 1, SDG 10",SDG 15,"SDG 15, SDG 3, SDG 4, SDG 10, SDG 12",SDG 15,Life on Land,0.5164
A young man with skin rash and ascites,"SDG 8, SDG 5, SDG 11, SDG 1, SDG 3",SDG 8,"SDG 3, SDG 16, SDG 8, SDG 10, SDG 12",SDG 3,"SDG 12, SDG 6, SDG 11, SDG 15, SDG 13",SDG 12,"SDG 8, SDG 5, SDG 11, SDG 1, SDG 3",SDG 8,"SDG 8, SDG 5, SDG 11, SDG 1, SDG 3",SDG 8,Decent Work and Economic Growth,0.3252
Elizabethkingia meningoseptica outbreak in intensive care unit,"SDG 3, SDG 5, SDG 9, SDG 1, SDG 15",SDG 3,"SDG 16, SDG 3, SDG 15, SDG 5, SDG 7",SDG 16,"SDG 3, SDG 10, SDG 5, SDG 8, SDG 1",SDG 3,"SDG 3, SDG 5, SDG 9, SDG 1, SDG 15",SDG 3,"SDG 3, SDG 5, SDG 9, SDG 1, SDG 15",SDG 3,Good Health and Well-Being,0.8154
Life cycle assessment of pulp-moulded and thermoformed oil palm fibre-based food tray,"SDG 2, SDG 12, SDG 7, SDG 14, SDG 4",SDG 2,"SDG 12, SDG 16, SDG 9, SDG 2, SDG 14",SDG 12,"SDG 7, SDG 12, SDG 13, SDG 2, SDG 6",SDG 7,"SDG 2, SDG 12, SDG 7, SDG 14, SDG 4",SDG 2,"SDG 2, SDG 12, SDG 7, SDG 14, SDG 4",SDG 2,Zero Hunger,0.347
The effects of government expenditure on sustainable economic growth in India: Assessment of the circular economy,"SDG 9, SDG 11, SDG 10, SDG 8, SDG 5",SDG 9,"SDG 16, SDG 10, SDG 1, SDG 9, SDG 11",SDG 16,"SDG 10, SDG 9, SDG 7, SDG 8, SDG 11",SDG 10,"SDG 9, SDG 11, SDG 10, SDG 8, SDG 5",SDG 9,"SDG 9, SDG 11, SDG 10, SDG 8, SDG 5",SDG 9,"Industry, Innovation and Infrastructure",0.271
Analytics to Preserve the Street Vendor Tradition of India and to Optimize profits post Covid-19,"SDG 11, SDG 10, SDG 16, SDG 7, SDG 8",SDG 11,"SDG 9, SDG 11, SDG 3, SDG 8, SDG 12",SDG 9,"SDG 9, SDG 11, SDG 7, SDG 16, SDG 8",SDG 9,"SDG 11, SDG 10, SDG 16, SDG 8, SDG 7",SDG 11,"SDG 11, SDG 10, SDG 16, SDG 7, SDG 8",SDG 11,Sustainable Cities and Communities,0.3056
"Circular Economy in Developing Countries Present Status, Pathways, Benefits, and Challenges","SDG 12, SDG 9, SDG 4, SDG 11, SDG 15",SDG 12,"SDG 12, SDG 9, SDG 8, SDG 15, SDG 11",SDG 12,"SDG 12, SDG 11, SDG 7, SDG 13, SDG 15",SDG 12,"SDG 12, SDG 9, SDG 11, SDG 4, SDG 15",SDG 12,"SDG 12, SDG 9, SDG 4, SDG 11, SDG 15",SDG 12,Responsible Consumption and Production,0.6532
Isoconversional Kinetic Analysis and ANN-Based Prediction of Metformin Pyrolysis for Sustainable Waste Management,"SDG 12, SDG 14, SDG 3, SDG 6, SDG 16",SDG 12,"SDG 12, SDG 16, SDG 9, SDG 11, SDG 7",SDG 12,"SDG 12, SDG 14, SDG 6, SDG 15, SDG 3",SDG 12,"SDG 12, SDG 14, SDG 3, SDG 6, SDG 16",SDG 12,"SDG 12, SDG 14, SDG 3, SDG 6, SDG 16",SDG 12,Responsible Consumption and Production,0.85
"A Comprehensive Review of Banana Fiber-Reinforced Composites:Properties, Processing and Applications","SDG 15, SDG 12, SDG 14, SDG 9, SDG 16",SDG 15,"SDG 16, SDG 2, SDG 9, SDG 12, SDG 10",SDG 16,"SDG 16, SDG 3, SDG 12, SDG 14, SDG 15",SDG 16,"SDG 15, SDG 12, SDG 14, SDG 9, SDG 16",SDG 15,"SDG 15, SDG 12, SDG 14, SDG 9, SDG 16",SDG 15,Life on Land,0.2713
Machine Learning Optimized Graphene and MXene-Based Surface Plasmon Resonance Biosensor Design for Cyanide Detection,"SDG 12, SDG 6, SDG 9, SDG 3, SDG 14",SDG 12,"SDG 16, SDG 12, SDG 15, SDG 3, SDG 9",SDG 16,"SDG 9, SDG 14, SDG 6, SDG 12, SDG 13",SDG 9,"SDG 12, SDG 6, SDG 9, SDG 3, SDG 7",SDG 12,"SDG 12, SDG 6, SDG 9, SDG 3, SDG 14",SDG 12,Responsible Consumption and Production,0.4601
Ultraviolet light-emitting diode technologies in water disinfection,"SDG 7, SDG 6, SDG 12, SDG 16, SDG 9",SDG 7,"SDG 16, SDG 6, SDG 7, SDG 14, SDG 3",SDG 16,"SDG 7, SDG 6, SDG 12, SDG 14, SDG 13",SDG 7,"SDG 7, SDG 6, SDG 12, SDG 16, SDG 9",SDG 7,"SDG 7, SDG 6, SDG 12, SDG 16, SDG 9",SDG 7,Affordable and Clean Energy,0.6168
Sustainable dual-mechanism arsenic remediation by Rhodopseudomonas palustris: Synergistic adsorption-methylation and life cycle assessment,"SDG 7, SDG 12, SDG 6, SDG 3, SDG 13",SDG 7,"SDG 12, SDG 16, SDG 6, SDG 15, SDG 7",SDG 12,"SDG 6, SDG 3, SDG 9, SDG 11, SDG 16",SDG 6,"SDG 7, SDG 12, SDG 6, SDG 3, SDG 13",SDG 7,"SDG 7, SDG 12, SDG 6, SDG 3, SDG 13",SDG 7,Affordable and Clean Energy,0.3315
